Index,RMSF (Per Residue)
0,2.168412562672294
1,1.9495043603395736
2,1.6976830447976956
3,1.6653781051828802
4,1.4961459358981273
5,2.478521480735586
6,1.491123035767732
7,1.7067460354913218
8,1.3964416265698185
9,1.5666835130017216
10,1.5391997337716103
11,2.013181966259622
12,2.1347297123617266
13,2.8278463357582244
14,2.996695302707285
15,3.3550176764665487
16,3.7156947542406717
17,2.699992008488505
18,2.797161720078507
19,1.9131033089098552
20,2.332338655148895
21,1.4782185670409662
22,1.7971733923856628
23,1.3198563345846708
24,1.555460087610668
25,1.2807568781184007
26,1.640598826359411
27,1.636476505673632
28,1.848041026970447
29,2.1322017899173953
30,1.7930914434544785
31,1.7363583802251359
32,1.5262619026620183
33,1.5402261277032985
34,1.9815656194448255
35,1.6660233679602439
36,1.8891370348134862
37,2.0765697773264193
38,2.608436186063967
39,2.515615778912973
40,2.9293490260265265
41,2.8905026315089826
42,2.740314040430588
43,2.5580234781432587
44,1.6788258275152443
45,2.0835963782589313
46,1.701475405534214
47,2.150739076310272
48,1.8008732502321936
49,2.070960866913272
50,2.0900805416785477
51,1.92552880970529
52,2.1744256024343227
53,2.750283689501848
54,2.4782517073205903
55,2.3643929590998667
56,2.6986594924709664
57,3.271206273886607
58,2.3731158015527156
59,1.956331383867931
60,2.4769016155305246
61,1.8082264419305953
62,1.7049652690724397
63,1.688050452733738
64,2.4925045857224437
65,1.9034334773601573
66,1.6392285422739388
67,2.0831043776263174
68,1.6868592540178922
69,1.5060229869768968
70,1.5641609940400478
71,2.0786202429382343
72,1.632530807726345
73,1.582298498193535
74,2.08170120160903
75,1.8329958454198123
76,1.6867382371248614
77,1.9002936087692663
78,1.924770380864485
79,1.9488508541985878
80,1.8438998539177773
81,2.5166931960537813
82,2.1650634203341914
83,2.5648584497133395
84,2.287257019327797
85,2.532038325825282
86,2.3477206563607647
87,2.806364107280689
88,3.3128993246341403
89,3.19945016702785
90,3.114933517220414
91,2.598644879912305
92,2.634960878889795
93,2.0156866153431796
94,1.6161339963064714
95,2.1232930189019084
96,1.342861086788482
97,1.6947231329012542
98,1.7927626933030607
99,1.399608266450002
100,1.399697329897826
101,1.7617344155625085
102,1.6734865885525583
103,1.8921357381609625
104,2.251139335111493
105,2.3739538507271982
106,1.9834941155310843
107,2.406390613567404
108,1.6485748284380548
109,2.024598628045169
110,2.7127129826691463
111,1.5749713246161936
112,1.695979192283429
113,1.7144309681330996
114,2.0937087438912334
115,2.154617475352012
116,1.965808345239408
117,1.9162577205252374
118,2.551386363941486
119,3.196053130529534
120,3.0174186728335064
121,2.558735906993259
122,2.0602190791990598
123,1.7559006521277296
124,1.6983046826875434
125,1.831620831180825
126,2.1739551202025393
127,2.70940983090573
128,2.383551091429885
129,1.8165089106086836
130,2.510170983720818
131,1.8985082425673219
132,1.6440186301570965
133,2.062827824566926
134,2.2457594667347403
135,2.979640047096415
136,2.620834864359184
137,3.7038413215456467
138,2.657179223009488
139,2.1371000763142183
140,2.570475638957828
141,2.4473677610725333
142,2.013634102226929
143,2.0330407652379616
144,2.780368485151414
145,2.565193139814103
146,1.7575623861214884
147,2.087320932871991
148,2.1935512735556824
149,2.054045310325388
150,2.2457725208066455
151,1.8379493218190064
152,1.557751799818274
153,2.0636644950746286
154,2.164049728599519
155,1.7227127191588445
156,2.027276842819302
157,1.638646899597818
158,2.4068909663954248
159,1.4302922679777146
160,1.7322159774600898
161,1.521854746867886
162,1.6204063585908552
163,1.3756191894062524
164,1.5634927034185602
165,1.7920801894673137
166,2.258444183541048
167,1.5299643848701119
168,2.0129404853722415
169,1.9468558889257817
170,1.625440791361857
171,1.6307337469278178
172,2.031101072997895
173,1.8212837328922415
174,1.701706231501114
175,2.4085910953836462
176,2.7781358553824234
177,2.015785995195449
178,1.8547601082335035
179,2.099294063177175
180,2.7622434065858843
181,2.091944662848868
182,2.0330436818988766
183,1.7266975355919234
184,1.484542065697408
185,2.496785899575888
186,1.6098195531833643
187,2.32470459419296
188,1.8720045670691807
189,2.127385618410605
190,2.515795017809044
191,3.2212034368024853
192,3.4111221073164995
193,4.16884716553997
194,3.8447454159659746
195,4.243164570907762
196,4.075449196800209
197,3.4478892607831395
198,2.7707735950207297
199,2.627505909385853
200,2.0828925431080982
201,2.546423701642837
202,1.4941119289971778
203,2.1182334622146834
204,1.541405193992684
205,1.9790928135460872
206,2.0286569011219533
207,1.6782567091019456
208,2.197084269359436
209,1.9099579387741616
210,1.9548250422722588
211,2.0311990129899313
212,1.5174826502460428
213,1.5843714121233956
214,1.683434816097316
215,1.81549023696881
216,1.6957526589689198
217,2.02805155769811
218,2.657053679180563
219,2.9626053851660417
220,2.651480803409983
221,3.03636728618505
222,2.6004154244987756
223,2.5295050091759266
224,2.6855827190172867
225,3.666619555220268
226,2.8143882392970903
227,2.2698571845483304
228,2.82318206055558
229,2.377152277583688
230,2.6628311292872846
231,3.3127985731605856
232,2.401503246803103
233,3.274443762326452
234,2.8914316269655362
235,2.8255878424722423
236,3.7262396043610018
237,4.3027425256524765
238,2.932310868199784
239,2.3434084959469232
240,2.1480896838638315
241,2.29950153323394
242,1.8470529501471253
243,2.6812405518480698
244,1.7463521825528403
245,2.070464246375774
246,2.2445285571844416
247,2.7369783231194895
248,2.5717784310829157
249,2.8560822982971157
250,3.147623542474307
251,3.079122401888458
252,2.990213575746814
253,2.4858552365243844
254,2.9852495762598203
255,2.7752803868049374
256,2.175794616575246
257,1.8523323223525283
258,1.3645775746042141
259,1.687824041294231
260,1.4422362669433106
261,1.9826635783446382
262,1.4981030186236297
263,2.0592966118284863
264,1.7769717435374044
265,1.7804573535560262
266,2.430426234241591
267,2.807420176010091
268,1.9991932707466118
269,1.9069575585787275
270,1.957688521878022
271,1.7480203293882843
272,2.9470742463678117
273,2.617445274812363
