Frame,Time (ns),Radius of Gyration
1,0.0,22.289298457829425
2,0.100002,22.345578610186816
3,0.200004,22.48205656162385
4,0.30000600000000005,22.805151762397717
5,0.400008,22.769977664783074
6,0.50001,22.760152606323754
7,0.6000120000000001,22.484440947863035
8,0.700014,22.782433431727355
9,0.800016,22.959607432744516
10,0.900018,22.873776399913915
11,1.00002,22.643363517084904
12,1.1000219999999998,22.756912457464637
13,1.2000240000000002,22.821960585326163
14,1.3000260000000001,22.609372958051928
15,1.400028,22.67192665533682
16,1.50003,22.540655057128962
17,1.600032,22.556032719165184
18,1.700034,22.475875949672925
19,1.800036,22.546099382115486
20,1.9000380000000001,22.67573033561942
21,2.00004,22.621846164635784
22,2.1000419999999997,22.797873011779902
23,2.2000439999999997,22.705708203762782
24,2.300046,22.655286084053298
25,2.4000480000000004,22.73360808753061
26,2.5000500000000003,22.800794877389023
27,2.6000520000000003,22.66599120238266
28,2.700054,22.62458654247572
29,2.800056,22.515697799956694
30,2.900058,22.522330349059324
31,3.00006,22.55682181678978
32,3.100062,22.67705850292852
33,3.200064,22.606176973697632
34,3.300066,22.727991972493033
35,3.400068,22.823164612119896
36,3.50007,22.887624721335
37,3.600072,22.75806440633302
38,3.700074,22.683196443193086
39,3.8000760000000002,22.683211214045432
40,3.900078,22.693165275009843
41,4.00008,22.663250098655226
42,4.1000820000000004,22.687301835173805
43,4.2000839999999995,22.765236249909474
44,4.300086,22.585410628719966
45,4.400087999999999,22.690287212117756
46,4.50009,22.742690788687202
47,4.600092,22.81394525306223
48,4.700094,22.741904562790523
49,4.800096000000001,22.69552853598587
50,4.900098,22.695003853320475
51,5.000100000000001,22.877526767341603
52,5.100102,22.882073528253116
53,5.2001040000000005,22.87273663268449
54,5.3001059999999995,22.999212639058374
55,5.400108,23.025618726773804
56,5.500109999999999,23.132252503300982
57,5.600112,23.13996269782154
58,5.700114,22.989812554857494
59,5.800116,22.940847524511444
60,5.900118,22.851158898118296
61,6.00012,22.990420631748233
62,6.100122000000001,22.836181492788313
63,6.200124,23.048065129030775
64,6.300126000000001,23.029852065163414
65,6.400128,23.066075875739287
66,6.50013,22.813818528500356
67,6.600132,22.788281820932948
68,6.700134,22.850699893632214
69,6.800136,22.890771315937254
70,6.900138,22.908924040794393
71,7.00014,22.834817867210052
72,7.100142,22.926212279343332
73,7.200144,22.883164936053422
74,7.300146,22.980048276669127
75,7.400148,22.978567340653356
76,7.5001500000000005,22.817569969630735
77,7.6001520000000005,22.817543834738895
78,7.700154,22.77803736796007
79,7.800156,22.887196814658918
80,7.900158,22.922555058314984
81,8.00016,23.058858634378705
82,8.100162000000001,22.76773981845615
83,8.200164000000001,22.84748018140374
84,8.300166,22.77267741237436
85,8.400167999999999,22.878094293018567
86,8.50017,22.968062736810555
87,8.600172,22.99805193287045
88,8.700174,22.845599924491488
89,8.800175999999999,23.081649271831626
90,8.900178,22.97730955073
91,9.00018,22.97946113370973
92,9.100182,23.03599147509656
93,9.200184,22.93564210607382
94,9.300186,23.01820379915357
95,9.400188,22.7492684434158
96,9.50019,22.863565458128697
97,9.600192000000002,22.813201612344624
98,9.700194,22.773566739250825
99,9.800196,22.81931694203612
100,9.900198,22.796283886188775
101,10.000200000000001,22.955531365524195
102,10.100202,22.79132377669664
103,10.200204,22.829091358517346
104,10.300206,22.93647365247671
105,10.400208000000001,23.01007211947782
106,10.500210000000001,22.863986213427168
107,10.600211999999999,22.734263857996364
108,10.700214,22.791187469706045
109,10.800216,22.777292262167073
110,10.900218,22.783363456564537
111,11.000219999999999,22.671999132802032
112,11.100222,22.669412674752422
113,11.200224,22.72092497029133
114,11.300226,23.037194514174974
115,11.400228,22.925244111874967
116,11.50023,23.041437602830115
117,11.600232,23.00546383643573
118,11.700234,23.089816282764083
119,11.800236,22.952068428878405
120,11.900238,22.993762170413095
121,12.00024,22.952268034043744
122,12.100242,23.008118223739206
123,12.200244000000001,22.968508020176323
124,12.300246000000001,23.121434950011167
125,12.400248,23.118804636691475
126,12.50025,23.082497270131267
127,12.600252000000001,23.172405548827886
128,12.700254000000001,23.45238428365798
129,12.800256,23.27718822953036
130,12.900258,23.240425006864346
131,13.00026,23.232173698374147
132,13.100262,23.139093334695993
133,13.200264,23.041362559463103
134,13.300265999999999,22.91130700458483
135,13.400268,23.154866692866847
136,13.50027,23.13152554633984
137,13.600272,23.18215341328097
138,13.700274,23.26615871902349
139,13.800276,23.18545987677556
140,13.900278,23.162898259852433
141,14.00028,23.291837282480707
142,14.100282000000002,23.13381566720979
143,14.200284,23.326080923389256
144,14.300286,23.230243056738235
145,14.400288,23.243251824494244
146,14.500290000000001,23.129663237447396
147,14.600292,23.314925316281016
148,14.700294,23.209165121197184
149,14.800296,23.293707813901836
150,14.900298000000001,23.133700833922582
151,15.000300000000001,23.264522784427072
152,15.100302,23.344385050765183
153,15.200304000000001,23.208750246041124
154,15.300306,23.16996532334676
155,15.400308,23.1897990915578
156,15.500309999999999,23.14519949936799
157,15.600312,23.132993492023193
158,15.700314,23.217041642956463
159,15.800316,23.288986673513044
160,15.900318,23.219567330029115
161,16.00032,23.14389969463207
162,16.100322,23.206350151572884
163,16.200324000000002,23.11474189043336
164,16.300326000000002,23.134029236875126
165,16.400328000000002,23.08234038347054
166,16.50033,23.085596456900593
167,16.600332,23.195366571032707
168,16.700333999999998,23.186819847261496
169,16.800335999999998,23.24503400573145
170,16.900338,23.327278439142255
171,17.00034,23.115544787432256
172,17.100342,23.006271589283212
173,17.200344,23.193521747298156
174,17.300346,23.082284325643663
175,17.400348,23.136958114631607
176,17.50035,23.032863204060206
177,17.600351999999997,23.20062967361136
178,17.700354,23.182447189043412
179,17.800356,23.21615249344822
180,17.900358,23.33645460742902
181,18.00036,23.285499364827956
182,18.100362,23.28489166876656
183,18.200364,23.251512782063543
184,18.300366,23.49223194154315
185,18.400368,23.361330518345092
186,18.50037,23.344905655053132
187,18.600372,23.32195005104923
188,18.700374,23.098562597395333
189,18.800376,23.230949094434504
190,18.900378,23.268905412316133
191,19.00038,23.173957119616922
192,19.100382,23.09608053559241
193,19.200384000000003,23.14327314051558
194,19.300386,23.079713138874947
195,19.400388,23.019313909882346
196,19.50039,22.927308865712618
197,19.600392,22.91382250832071
198,19.700394,22.96910113053639
199,19.800396,22.969780836146338
200,19.900398000000003,22.884320960409404
201,20.000400000000003,22.86726890964654
202,20.100402000000003,22.92018418844583
203,20.200404,22.870339770230736
204,20.300406,22.91943386969906
205,20.400408,22.94279420043909
206,20.50041,23.057403601278832
207,20.600412,22.90293441458546
208,20.700414000000002,23.102043696350943
209,20.800416000000002,22.926429226453006
210,20.900418000000002,22.774065596206434
211,21.000420000000002,22.77550732386682
212,21.100422,22.978265771734893
213,21.200423999999998,22.9365085838164
214,21.300425999999998,23.130496128775007
215,21.400428,23.197537979671253
216,21.50043,23.06535754035509
217,21.600432,22.882953387020383
218,21.700434,22.954549652930275
219,21.800436,22.902822669059237
220,21.900438,22.923157023871322
221,22.000439999999998,23.089228071086072
222,22.100441999999997,22.93087011573305
223,22.200444,23.105185449081482
224,22.300446,22.96493416129216
225,22.400448,23.062679552780278
226,22.50045,23.117718132003983
227,22.600452,23.12748430695206
228,22.700454,23.00248220230678
229,22.800456,22.927241639755188
230,22.900458,22.926852824486375
231,23.00046,22.947678332805257
232,23.100462,23.150659952958513
233,23.200464,22.89646683413469
234,23.300466,22.91471694565129
235,23.400468,22.860940959765284
236,23.50047,22.9462374736102
237,23.600472,22.934016926291513
238,23.700474000000003,23.056684606337573
239,23.800476,22.897056573923834
240,23.900478,23.007418748900076
241,24.00048,22.89785169471604
242,24.100482,22.889077470548138
243,24.200484,22.786127929577088
244,24.300486,22.816005386376126
245,24.400488000000003,22.742160088089197
246,24.500490000000003,22.861892952777353
247,24.600492000000003,22.775433149540724
248,24.700494,22.82765665816921
249,24.800496,22.76462605982965
250,24.900498,22.820318184761717
251,25.0005,22.69729198804348
252,25.100502,22.771100402529484
253,25.200504000000002,22.757862079839803
254,25.300506000000002,22.63684788678881
255,25.400508000000002,22.573399751970324
256,25.500510000000002,22.627230658389582
257,25.600512,22.89580426117719
258,25.700514,22.61318486045312
259,25.800516,22.759185568206455
260,25.900518,22.898120057182123
261,26.00052,22.771933436073965
262,26.100522,22.74522009392527
263,26.200524,22.64988352688391
264,26.300526,22.821122382873565
265,26.400528,22.805115623119576
266,26.500529999999998,22.731170704201897
267,26.600531999999998,22.793910752540658
268,26.700534,22.779939905487762
269,26.800536,22.935288670122667
270,26.900538,22.815711667803324
271,27.00054,22.82970186313387
272,27.100542,22.94330206249751
273,27.200544,22.79125306555131
274,27.300546,22.79281652083149
275,27.400548,22.71346588826668
276,27.50055,22.720567211139656
277,27.600552,22.68668437093208
278,27.700554,22.810884385852948
279,27.800556,22.636107739621917
280,27.900558,22.945609130101897
281,28.00056,22.701605383510625
282,28.100562,22.808271787783585
283,28.200564000000004,22.738107942386346
284,28.300566,22.631953775640817
285,28.400568,22.70726272845634
286,28.50057,22.58011727263755
287,28.600572,22.648328216692065
288,28.700574,22.558869446624286
289,28.800576,22.668267627314076
290,28.900578000000003,22.6141854841297
291,29.000580000000003,22.584701274532005
292,29.100582000000003,22.575376587207785
293,29.200584,22.693552807998987
294,29.300586,22.679517471045745
295,29.400588,22.601706315194896
296,29.50059,22.698201871234804
297,29.600592,22.777403517772303
298,29.700594000000002,22.637567553088488
299,29.800596000000002,22.690469824315137
300,29.900598000000002,22.635838647635367
301,30.000600000000002,22.937719129576276
302,30.100602,22.761298845058704
303,30.200604,22.5867692136118
304,30.300606,22.74687419361525
305,30.400608000000002,22.720557638031707
306,30.50061,22.660711728629018
307,30.600612,22.738553316250826
308,30.700614,22.796842028217654
309,30.800616,22.640922530649696
310,30.900618,22.620849949248587
311,31.000619999999998,22.61731087663426
312,31.100621999999998,22.577291271251674
313,31.200624,22.745678404885684
314,31.300626,22.772419286386107
315,31.400628,22.706573648167844
316,31.50063,22.73446911900424
317,31.600632,22.724395279690246
318,31.700634,22.79317847296123
319,31.800636,22.78725842609416
320,31.900638,22.700307169846074
321,32.00064,22.818446673781267
322,32.100642,22.831804091387337
323,32.200644,22.625900728301612
324,32.300646,22.56631991040545
325,32.400648000000004,22.62723495728993
326,32.50065,22.570216449608065
327,32.600652000000004,22.692367980679972
328,32.700654,22.808964554473423
329,32.800656000000004,22.694479216100955
330,32.900658,22.626976677843082
331,33.00066,22.733057588322513
332,33.10066200000001,22.743777725047963
333,33.200664,22.738076001894143
334,33.300666,22.772539093878553
335,33.400667999999996,22.788056212919304
336,33.50067,22.738582697927654
337,33.600671999999996,22.684032778858086
338,33.700674,22.708531601100567
339,33.800676,22.607103427360787
340,33.900678,22.65467106827816
341,34.00068,22.635074098160825
342,34.100682,22.701287372948567
343,34.200684,22.670085840329612
344,34.300686,22.698389769618238
345,34.400688,22.654970901334398
346,34.500690000000006,22.6785452034694
347,34.600692,22.853163035381833
348,34.700694000000006,22.96689006109508
349,34.800696,22.755381905664454
350,34.900698000000006,22.92411155211988
351,35.0007,22.732572016227028
352,35.100702,22.712019927448797
353,35.200703999999995,22.735136136395568
354,35.300706,22.728099583732973
355,35.400708,22.85003545655715
356,35.50071,22.756303957225104
357,35.600712,22.7871945652547
358,35.700714,22.721803901226583
359,35.800716,22.712481729705214
360,35.900718,22.742467701858136
361,36.00072,22.74280124032006
362,36.100722000000005,22.80845844127855
363,36.200724,22.752600432784526
364,36.300726000000004,22.72382716043791
365,36.400728,22.757941595473632
366,36.500730000000004,22.66780270071905
367,36.600732,22.70117803657794
368,36.700734000000004,22.61727197835588
369,36.800736,22.732181023283857
370,36.900738,22.651538916484842
371,37.00074,22.822720955760577
372,37.100742,22.79399955560637
373,37.200744,22.860237184605868
374,37.300746,22.710549030040845
375,37.400748,22.804834298562213
376,37.50075,22.794714553911955
377,37.600752,22.718370599618744
378,37.700754,22.780694743662572
379,37.800756,22.645765052632495
380,37.900758,22.71131821264371
381,38.00076,22.633174611080285
382,38.100762,22.757977632621618
383,38.200764,22.67408979159793
384,38.300766,22.654017471637655
385,38.40076800000001,22.800100423649674
386,38.50077,22.780121734048315
387,38.600772,22.883469183038198
388,38.700773999999996,22.656033788158265
389,38.800776,22.747928709152216
390,38.900777999999995,22.82280233134253
391,39.00078,22.7808411964448
392,39.100782,22.792936889887365
393,39.200784,22.692748539059323
394,39.300786,22.744151037508544
395,39.400788,22.742997610643208
396,39.50079,22.783120022160258
397,39.600792,23.002427645407547
398,39.700794,22.89392951707153
399,39.800796000000005,22.92739985853915
400,39.900798,22.981096486371438
401,40.000800000000005,22.779320252825016
402,40.100802,22.81489338330108
403,40.200804000000005,22.83333980612187
404,40.300806,22.7091685887062
405,40.400808,22.722548148313656
406,40.500809999999994,22.752455707854736
407,40.600812,22.8273514910345
408,40.700814,22.845382520475866
409,40.800816,22.71538421559718
410,40.900818,22.748115393221717
411,41.00082,22.82940140453735
412,41.100822,22.80355929744274
413,41.200824,22.942478239434877
414,41.300826,22.81260720031093
415,41.400828000000004,22.664234888088533
416,41.50083,22.811593172046482
417,41.600832000000004,22.675491363284802
418,41.700834,22.70382881990991
419,41.800836000000004,22.72203288929679
420,41.900838,22.66724367394161
421,42.000840000000004,22.730539722825856
422,42.10084200000001,22.826584433231545
423,42.200844,22.76958173216807
424,42.300846,22.815341898957097
425,42.400847999999996,22.71721645315061
426,42.50085,22.728514166193175
427,42.600851999999996,22.837732697173024
428,42.700854,22.75523921917878
429,42.800856,22.710563525828565
430,42.900858,22.72518621187679
431,43.00086,22.705933293983215
432,43.100862,22.755453908412743
433,43.200864,22.852715696280622
434,43.300866,22.746509939722127
435,43.400868,22.770134749548195
436,43.500870000000006,22.688336919897885
437,43.600872,22.7670600488176
438,43.700874000000006,22.7718629156386
439,43.800876,22.7677234315666
440,43.900878000000006,22.7630257386489
441,44.000879999999995,22.651918622972783
442,44.100882,22.645832986244283
443,44.200883999999995,22.754195677864274
444,44.300886,22.619299593062728
445,44.400888,22.757020001997233
446,44.50089,22.753595518638317
447,44.600892,22.81364081702806
448,44.700894,22.802648654107575
449,44.800896,22.70262313998097
450,44.900898,22.635069180497954
451,45.0009,22.690532460964228
452,45.100902000000005,22.685681379730028
453,45.200904,22.728011423068796
454,45.300906000000005,22.66094132022719
455,45.400908,22.67749300252711
456,45.500910000000005,22.59619136152588
457,45.600912,22.588671403001403
458,45.700914000000004,22.459139144366137
459,45.800916,22.59106659952969
460,45.900918,22.74493897461942
461,46.00092,22.490560717102255
462,46.100922,22.642282099162244
463,46.200924,22.53897237842133
464,46.300926,22.617977847324816
465,46.400928,22.70155886240879
466,46.50093,22.801895200167202
467,46.600932,22.695289164546452
468,46.700934000000004,22.701839294934867
469,46.800936,22.73725699374265
470,46.900938000000004,22.692794817099845
471,47.00094,22.810681357019412
472,47.100942,22.485950126025795
473,47.200944,22.833234219277404
474,47.300946,22.703083777710795
475,47.40094800000001,22.6969131091578
476,47.50095,22.742489540161426
477,47.600952,22.839897755578573
478,47.700953999999996,22.780166340851935
479,47.800956,22.625157163773917
480,47.900957999999996,22.88503950845438
481,48.00096,22.683970807674623
482,48.100962,22.80810091763677
483,48.200964,22.756554772761376
484,48.300966,22.76142018756752
485,48.400968,22.85484297312906
486,48.50097,22.753825491814915
487,48.600972,22.773630134652688
488,48.700974,22.711846531745888
489,48.800976000000006,22.696206277345368
490,48.900978,22.8123905567955
491,49.000980000000006,22.95533921699485
492,49.100982,22.787091291478223
493,49.200984000000005,22.769174496952214
494,49.300986,22.912037823684365
495,49.400988,23.010343986039764
496,49.500989999999994,22.971553012824277
497,49.600992,23.00866572205048
498,49.700994,23.072758511840735
499,49.800996,23.2803161115251
500,49.900998,23.256150804117866
501,50.001,22.927003439111417
502,50.101002,23.05288036139585
503,50.201004,23.0397105690743
504,50.301006,22.919496170092053
505,50.401008000000004,23.10724651761424
506,50.50101,23.089018493316544
507,50.601012000000004,22.744639327855534
508,50.701014,22.851034272059145
509,50.801016000000004,22.797962185291755
510,50.901018,22.60667818748061
511,51.001020000000004,22.91723517616469
512,51.10102200000001,22.868527520181498
513,51.201024,22.824661675263624
514,51.301026,22.896856371351618
515,51.401028,23.009508376870972
516,51.50103,23.106208768834062
517,51.601032,23.14349695566763
518,51.701034,23.183634478387614
519,51.801036,23.27480421649916
520,51.901038,23.030456145303965
521,52.00104,23.045452672691052
522,52.101042,22.92100500226856
523,52.201044,23.22667303171756
524,52.301046,23.11123610933798
525,52.401048,23.06924697327988
526,52.501050000000006,23.22660618799752
527,52.601052,23.01920973466325
528,52.701054000000006,23.016971905192598
529,52.801056,23.171337168867517
530,52.901058000000006,23.0654236412492
531,53.001059999999995,23.090218266770073
532,53.101062,23.067038265852748
533,53.201063999999995,23.164076764285323
534,53.301066,23.122564014417094
535,53.401068,23.287495636614356
536,53.50107,23.22449949034565
537,53.601072,23.101207046917104
538,53.701074,22.906130095050514
539,53.801076,23.12272153973491
540,53.901078,23.173509641646888
541,54.00108,23.240800587734594
542,54.101082000000005,23.072939547683657
543,54.201084,23.22211329464766
544,54.301086000000005,22.96528904011583
545,54.401088,23.05963354712071
546,54.501090000000005,23.104566417441276
547,54.601092,23.03977092877881
548,54.701094000000005,23.02068285140319
549,54.801096,23.065637724772607
550,54.901098,23.082023498732074
551,55.0011,22.86379647952568
552,55.101102,23.12806430851737
553,55.201104,23.230389923675652
554,55.301106,23.374618722778376
555,55.401108,23.231058259205867
556,55.50111,23.36195197149564
557,55.601112,23.287237433266046
558,55.701114000000004,23.08888737833741
559,55.801116,23.175799636105214
560,55.901118000000004,23.170757211762723
561,56.00112,23.037312787037585
562,56.101122000000004,23.22270913818516
563,56.201124,23.137270055873582
564,56.301126000000004,23.050693215429366
565,56.40112800000001,22.890726318205665
566,56.50113,22.978688560222757
567,56.601132,22.939665163445866
568,56.701133999999996,22.92891977027318
569,56.801136,22.978076603705833
570,56.901137999999996,22.911951657011905
571,57.00114,23.00385751034206
572,57.101142,22.917880574871557
573,57.201144,23.198758878394308
574,57.301146,23.04718830032928
575,57.401148,22.970388552821923
576,57.50115,23.071484117986152
577,57.601152,22.972725831341425
578,57.701154,23.201466768667583
579,57.801156000000006,23.02983255262203
580,57.901158,23.007742888508197
581,58.001160000000006,22.89818471265991
582,58.101162,22.98422234679928
583,58.201164000000006,23.220327754611386
584,58.301166,23.014664661904213
585,58.401168,22.85080132633066
586,58.501169999999995,23.140692474825265
587,58.601172,23.07190870274921
588,58.701174,22.957993721329228
589,58.801176,22.941556153146408
590,58.901178,22.950707762976325
591,59.00118,23.04801686950503
592,59.101182,23.102412914170326
593,59.201184,23.135521673071814
594,59.301186,22.972665774676425
595,59.401188000000005,22.953113349157114
596,59.50119,23.28464996520662
597,59.601192000000005,23.15874880634698
598,59.701194,23.34943951436325
599,59.801196000000004,23.097062309113078
600,59.901198,23.25493518145689
601,60.001200000000004,22.94720654797209
602,60.10120200000001,23.150657308616147
603,60.201204,23.023176764607495
604,60.301206,23.079336122135036
605,60.401208,23.002839072268703
606,60.50121,22.976552061209787
607,60.601212,22.8900403372462
608,60.701214,22.98517200479501
609,60.801216000000004,22.841741433633025
610,60.901218,22.719076190824744
611,61.00122,22.856676569385222
612,61.101222,22.77769908167598
613,61.201224,22.82502608447837
614,61.301226,22.802627014437117
615,61.401228,22.83409306881047
616,61.50123000000001,23.0873352494215
617,61.601232,23.15277323882729
618,61.70123400000001,23.045344831033336
619,61.801236,23.0670939207638
620,61.901238000000006,23.222247227799162
621,62.001239999999996,22.988257363027113
622,62.101242,23.019092618912087
623,62.201243999999996,23.07118540555988
624,62.301246,22.834076060990913
625,62.401248,22.982431192057533
626,62.50125,22.881249322232105
627,62.601252,22.776765529192794
628,62.701254,22.866398097709357
629,62.801256,22.944908401827245
630,62.901258,22.857507571751526
631,63.00126,22.91145364080923
632,63.101262000000006,22.596588540197608
633,63.201264,22.765734533398987
634,63.301266000000005,22.81388286460622
635,63.401268,22.808492558524648
636,63.501270000000005,22.8308686845835
637,63.601272,22.685817956307222
638,63.701274000000005,22.946695411780233
639,63.801276,22.79383000558027
640,63.901278,22.90791049617909
641,64.00128,22.952441844709963
642,64.101282,22.944616034610227
643,64.201284,22.772535936314416
644,64.301286,22.910224559670272
645,64.401288,22.844345963290035
646,64.50129,22.781718066015316
647,64.601292,22.780958550436562
648,64.701294,22.759126547618287
649,64.80129600000001,22.74492747207197
650,64.901298,22.824675351233385
651,65.0013,22.76118782472907
652,65.101302,22.750841783995018
653,65.20130400000001,22.703357593137284
654,65.30130600000001,22.815361434368906
655,65.401308,22.90095687548421
656,65.50131,23.032213529473683
657,65.60131200000001,22.94601732936874
658,65.701314,22.812185014871854
659,65.801316,22.754020514867204
660,65.901318,22.80295781112219
661,66.00132,22.729504855240666
662,66.101322,22.572137434347898
663,66.20132400000001,22.818628859765685
664,66.301326,22.75856683139922
665,66.401328,22.84936487025734
666,66.50133,22.936710969458808
667,66.601332,22.71771180599483
668,66.701334,22.936561140132877
669,66.80133599999999,23.056180047706018
670,66.90133800000001,22.921493669664752
671,67.00134,23.07902317984953
672,67.101342,23.034120625605297
673,67.20134399999999,23.02005745208014
674,67.30134600000001,22.87435232826077
675,67.401348,23.094557033311887
676,67.50135,22.958074354560903
677,67.601352,22.84653610333059
678,67.70135400000001,22.877385012973974
679,67.801356,22.956712600614615
680,67.901358,22.977720400493855
681,68.00136,23.124278293220172
682,68.10136200000001,22.939733591458893
683,68.201364,22.871873976925333
684,68.301366,23.063953649160553
685,68.401368,23.126035239620773
686,68.50137,23.139000555170124
687,68.601372,23.15573518569331
688,68.701374,22.88768459347303
689,68.801376,22.8502130088937
690,68.901378,22.97320683042885
691,69.00138000000001,22.960712234836393
692,69.101382,23.004615671985263
693,69.201384,23.065542422207642
694,69.301386,22.948949040530533
695,69.40138800000001,22.969917505100014
696,69.50139,22.843124474297582
697,69.601392,23.01117111302676
698,69.701394,22.901512476002683
699,69.80139600000001,22.88586960794593
700,69.901398,23.064441861343678
701,70.0014,22.963849857408643
702,70.10140200000001,23.13464427837722
703,70.201404,22.896948649234183
704,70.301406,22.930689106150993
705,70.40140799999999,22.864157671740298
706,70.50141,22.817895490592967
707,70.601412,22.96205319900824
708,70.701414,22.9269049765227
709,70.801416,23.066380999819877
710,70.901418,23.072365157541963
711,71.00142,23.245801373841964
712,71.101422,23.143481611945017
713,71.201424,23.08184909160811
714,71.301426,23.125195744482312
715,71.401428,23.14088651365355
716,71.50143000000001,23.064000529716825
717,71.601432,23.107759260305762
718,71.701434,23.21833190681984
719,71.801436,23.020227930452183
720,71.901438,23.20077765667175
721,72.00144,23.01249194037947
722,72.10144199999999,23.088852663897857
723,72.20144400000001,22.98704479680318
724,72.301446,23.296345389732686
725,72.401448,23.061670606391772
726,72.50144999999999,23.20388225015648
727,72.60145200000001,23.22126553034845
728,72.701454,23.16330716291167
729,72.801456,23.17487911722904
730,72.901458,23.26242622070641
731,73.00146000000001,22.877956910658458
732,73.101462,23.114018925022826
733,73.201464,22.769288293250753
734,73.301466,23.15150249154945
735,73.40146800000001,22.946930507938458
736,73.50147,22.799953391723434
737,73.601472,22.898437338647362
738,73.701474,22.976633471088842
739,73.801476,22.951549808425135
740,73.901478,23.10941680031531
741,74.00148,22.984255351442133
742,74.101482,22.94501975374054
743,74.201484,22.94998475497643
744,74.30148600000001,23.062489792961987
745,74.401488,23.025605371471475
746,74.50149,23.063087911022464
747,74.601492,23.016969926389972
748,74.70149400000001,23.054606449244577
749,74.801496,23.068023855050434
750,74.901498,23.189145858562647
751,75.0015,23.145857283705826
752,75.10150200000001,23.071073543618287
753,75.201504,23.212159665718236
754,75.301506,23.074949351047085
755,75.401508,23.111054763288834
756,75.50151,22.846359215134022
757,75.601512,22.953624459166416
758,75.70151399999999,22.911670782258785
759,75.801516,22.92899936598189
760,75.901518,23.05568024564825
761,76.00152,23.144776316036914
762,76.101522,23.222509692000187
763,76.201524,23.070371045301705
764,76.301526,23.043007912875325
765,76.401528,23.136563435397015
766,76.50153,23.160238107817722
767,76.601532,23.056088938011623
768,76.701534,23.14147175572635
769,76.80153600000001,23.20075355387972
770,76.901538,23.31012524099674
771,77.00154,23.1720132915218
772,77.101542,23.17261192055498
773,77.201544,23.126998404737872
774,77.301546,23.091096058938827
775,77.40154799999999,22.88729174018551
776,77.50155000000001,22.98890721803837
777,77.601552,22.79640897465208
778,77.701554,23.113659711133092
779,77.80155599999999,23.012430961648167
780,77.90155800000001,23.132876254426197
781,78.00156,22.972935946939636
782,78.101562,22.96875575820238
783,78.201564,23.03340126050448
784,78.30156600000001,23.09258655390458
785,78.401568,23.069555308567843
786,78.50157,23.145620526891587
787,78.601572,23.1122674592242
788,78.70157400000001,22.97184506338064
789,78.801576,23.083616739096154
790,78.90157800000001,23.125886550820265
791,79.00158,23.08956857334147
792,79.101582,23.008893844008462
793,79.201584,23.133284636667607
794,79.301586,23.21782238251613
795,79.401588,23.13117954887913
796,79.50159,23.157865832710495
797,79.60159200000001,22.896802693978202
798,79.701594,23.144836213751116
799,79.801596,23.08575787203589
800,79.90159799999999,23.145323249728357
801,80.00160000000001,23.11876687281794
802,80.101602,23.141430724482355
803,80.201604,22.91785331731264
804,80.301606,22.969141948029282
805,80.40160800000001,23.00005105209972
806,80.50161,23.07915131214211
807,80.601612,23.020844294236106
808,80.701614,23.11346781398535
809,80.801616,23.107952618581823
810,80.901618,23.185191749223815
811,81.00161999999999,22.890510201667766
812,81.101622,23.074855958026337
813,81.201624,23.089217679970133
814,81.301626,23.106858531054637
815,81.401628,22.8097113662545
816,81.50163,23.0035872104692
817,81.601632,23.13018050463101
818,81.701634,22.958032106913265
819,81.801636,23.05015608788959
820,81.901638,22.908039195080974
821,82.00164,22.936676142740367
822,82.10164200000001,22.983998292140363
823,82.201644,22.937525515551005
824,82.301646,22.888786110813744
825,82.401648,22.774479526264805
826,82.50165000000001,22.831955012810898
827,82.601652,22.72530960015283
828,82.70165399999999,22.778378179715816
829,82.80165600000001,22.744562099366803
830,82.901658,22.866069447290247
831,83.00166,22.81158863182426
832,83.10166199999999,22.963658759758584
833,83.20166400000001,22.903171254870706
834,83.301666,22.957625565789932
835,83.401668,23.02264906509467
836,83.50167,23.125229255740532
837,83.60167200000001,23.198318614752935
838,83.701674,23.03663457606969
839,83.801676,23.055024108206176
840,83.901678,23.207864314153607
841,84.00168000000001,23.183325542927864
842,84.101682,23.146149190958376
843,84.20168400000001,23.161047323945926
844,84.301686,23.165839009938612
845,84.401688,23.128073835294614
846,84.50169,23.115538914301514
847,84.601692,23.105254324076018
848,84.701694,23.301616924323824
849,84.80169599999999,23.116771172135202
850,84.90169800000001,23.16334289754024
851,85.0017,23.12115617659481
852,85.101702,23.285243954346882
853,85.20170399999999,23.162974897168986
854,85.30170600000001,23.228681952069586
855,85.401708,23.067924385741268
856,85.50171,22.87293829507368
857,85.601712,23.09493895369046
858,85.70171400000001,22.888498814550644
859,85.801716,22.91268915964332
860,85.901718,23.04422231408951
861,86.00172,22.971468377155514
862,86.10172200000001,22.880493235210707
863,86.201724,22.99347809510716
864,86.301726,23.185155445882682
865,86.401728,22.882781219942903
866,86.50173,23.074470580693852
867,86.601732,23.197492729538343
868,86.701734,23.028505500812336
869,86.801736,22.861191106749736
870,86.901738,23.018929943978982
871,87.00174000000001,23.156841798876904
872,87.101742,23.132466766940418
873,87.201744,23.055890989630004
874,87.301746,23.087182950859226
875,87.40174800000001,23.090191140493697
876,87.50175,22.967727880282972
877,87.601752,22.94874040790836
878,87.701754,23.05490598741681
879,87.80175600000001,23.170651116692387
880,87.901758,23.069140315312097
881,88.00175999999999,23.019645986687657
882,88.10176200000001,22.890904871483976
883,88.201764,22.91647387969418
884,88.301766,23.170396593433907
885,88.40176799999999,23.01851669356984
886,88.50177000000001,23.083389141338397
887,88.601772,22.85510550444384
888,88.701774,22.846022592176844
889,88.801776,23.150691133041537
890,88.90177800000001,23.359334973987515
891,89.00178,23.19536545437912
892,89.101782,23.072977660300502
893,89.201784,23.035960429189075
894,89.301786,22.952611454215262
895,89.401788,22.879292713840933
896,89.50179000000001,22.96676138804174
897,89.601792,22.97670015798869
898,89.701794,23.134786766614738
899,89.801796,23.05736252209764
900,89.901798,22.90790353722102
901,90.0018,23.120299663972773
902,90.10180199999999,23.120347070327718
903,90.20180400000001,23.065113088215327
904,90.301806,22.986338641155037
905,90.401808,23.154960754677138
906,90.50180999999999,23.150208958328786
907,90.60181200000001,23.337602032361772
908,90.701814,23.194760570380243
909,90.801816,23.026320154149516
910,90.901818,22.917791682392
911,91.00182000000001,23.133752810569163
912,91.101822,23.22379401982681
913,91.201824,23.27121446921792
914,91.301826,23.217149439825025
915,91.40182800000001,23.357108230714907
916,91.50183,23.302726280123686
917,91.601832,23.235783624975838
918,91.701834,23.152576798602688
919,91.801836,23.15187051578776
920,91.901838,23.382843877717885
921,92.00184,23.42149468043323
922,92.101842,23.314010132278337
923,92.201844,23.27194379594986
924,92.30184600000001,23.42639827306404
925,92.401848,23.39205580257585
926,92.50185,23.420715516699822
927,92.601852,23.2867841161924
928,92.70185400000001,23.082880992270457
929,92.801856,23.086637614894826
930,92.901858,23.167805293900223
931,93.00186,23.14361511237095
932,93.10186200000001,23.097817872125614
933,93.201864,22.96158623466653
934,93.301866,22.897477610007584
935,93.40186800000001,22.908393373640294
936,93.50187,23.015438422304825
937,93.601872,22.961217932196035
938,93.70187399999999,22.843342355016198
939,93.80187600000001,22.828002617960728
940,93.901878,22.846583977696742
941,94.00188,22.7445280312427
942,94.101882,22.907406254027396
943,94.201884,22.95153278878966
944,94.301886,22.943430011722594
945,94.401888,23.04856897395374
946,94.50189,22.939056390966414
947,94.601892,22.693701493439967
948,94.701894,22.950040840083318
949,94.80189600000001,22.827888907729445
950,94.901898,22.898932450468838
951,95.0019,22.832553656030065
952,95.101902,22.883724549195815
953,95.201904,22.88909584871719
954,95.301906,22.873875658129183
955,95.40190799999999,22.75720804738855
956,95.50191000000001,22.83645943567465
957,95.601912,22.6952914363269
958,95.701914,23.006651666458424
959,95.80191599999999,23.020378373274912
960,95.90191800000001,23.053260452358497
961,96.00192,22.935508620256705
962,96.101922,23.06592832656422
963,96.201924,22.969566816920665
964,96.30192600000001,22.877366276254175
965,96.401928,23.01102885178228
966,96.50193,22.915462394410817
967,96.601932,22.83409280485493
968,96.70193400000001,22.943602248455164
969,96.801936,22.93581259742854
970,96.90193800000002,22.853724218860048
971,97.00194,22.922718643916795
972,97.101942,22.921932735309845
973,97.201944,22.957464986487842
974,97.301946,23.244524189340574
975,97.401948,23.171663802085362
976,97.50195,23.021595935084186
977,97.60195200000001,23.21524690507666
978,97.701954,23.202799669777807
979,97.801956,23.24623379955557
980,97.901958,23.302139320396233
981,98.00196000000001,23.032045924313095
982,98.101962,23.085378136124014
983,98.201964,23.03501793485696
984,98.30196600000001,22.881424035926038
985,98.40196800000001,23.001058523044787
986,98.50197,22.855015894445362
987,98.601972,22.88962595506144
988,98.701974,22.90697332632288
989,98.801976,22.987494941412066
990,98.901978,23.06763769737321
991,99.00197999999999,22.964774022889827
992,99.101982,22.98440716168975
993,99.201984,22.913662737945955
994,99.301986,22.835225112840526
995,99.401988,22.745868274710688
996,99.50199,22.674322014905773
997,99.601992,22.740658230323834
998,99.701994,22.971393580817786
999,99.801996,22.776731478207065
1000,99.901998,22.84210084457196
1001,100.002,22.745938198344263
1002,100.10200200000001,22.694977579631367
1003,100.202004,22.690507351911293
1004,100.302006,22.82090518615991
1005,100.402008,22.83235882009229
1006,100.50201000000001,22.922620484943607
1007,100.602012,22.759146618684493
1008,100.70201399999999,22.993075862126634
1009,100.80201600000001,22.87893595610631
1010,100.902018,22.910180621507333
1011,101.00202,22.993282744283416
1012,101.10202199999999,22.852155644258872
1013,101.20202400000001,22.84552014038206
1014,101.302026,23.028173690977198
1015,101.402028,22.93393406623848
1016,101.50203,22.937221201852473
1017,101.60203200000001,22.976556051341362
1018,101.702034,22.74944719526725
1019,101.802036,22.820258176963442
1020,101.902038,22.82554583160644
1021,102.00204000000001,23.157324958303825
1022,102.102042,22.869396328380347
1023,102.20204400000001,22.963704843305425
1024,102.302046,23.0325620524323
1025,102.402048,22.97867677592184
1026,102.50205,23.098639006977074
1027,102.602052,23.05036955440619
1028,102.702054,23.053187212299225
1029,102.802056,22.993148919076408
1030,102.90205800000001,23.133105457157374
1031,103.00206,23.194458490709273
1032,103.102062,23.227584965657826
1033,103.202064,23.24446004655269
1034,103.30206600000001,23.2535849878542
1035,103.402068,23.15012423932526
1036,103.50207,23.045802632017715
1037,103.602072,23.00045499532595
1038,103.70207400000001,23.12182207196183
1039,103.802076,23.147981886312788
1040,103.902078,23.06379525026216
1041,104.00208,23.14280261887942
1042,104.10208200000001,22.982030868551163
1043,104.202084,22.968586372377104
1044,104.302086,23.12789924221864
1045,104.402088,22.924789982334524
1046,104.50209,22.949964282581636
1047,104.602092,23.078921632123084
1048,104.702094,23.007626591514015
1049,104.802096,22.98240751441042
1050,104.902098,23.06286730736238
1051,105.00210000000001,23.05100332426902
1052,105.102102,22.98572240981826
1053,105.202104,23.104284505159548
1054,105.302106,23.0602657009128
1055,105.40210800000001,23.06466823898791
1056,105.50211,23.016950698468413
1057,105.602112,23.0156513297101
1058,105.702114,23.062966014225346
1059,105.80211600000001,22.90851020569788
1060,105.902118,23.062527146139402
1061,106.00211999999999,23.076328777288786
1062,106.10212200000001,22.97531002050058
1063,106.202124,23.020359210335155
1064,106.302126,22.891311759309406
1065,106.40212799999999,23.027882203790192
1066,106.50213000000001,22.981820534003806
1067,106.602132,23.008836031575374
1068,106.702134,23.074156588062362
1069,106.802136,23.03106568195291
1070,106.90213800000001,23.104056966380806
1071,107.00214,23.019011122411925
1072,107.102142,22.9531679381147
1073,107.202144,23.282844822207974
1074,107.30214600000001,23.298679138891224
1075,107.402148,23.11109176509279
1076,107.50215000000001,23.138192420082905
1077,107.602152,23.174698593935805
1078,107.702154,23.270811147415948
1079,107.802156,23.256145087949285
1080,107.902158,23.245688437514872
1081,108.00216,23.299569536881396
1082,108.10216199999999,23.26144812005493
1083,108.20216400000001,23.07587137239485
1084,108.302166,23.074439063828315
1085,108.402168,23.06216054416027
1086,108.50216999999999,23.066100345330664
1087,108.60217200000001,23.091345224883423
1088,108.702174,22.97594627037208
1089,108.802176,23.13635655093041
1090,108.902178,23.019798660824087
1091,109.00218000000001,23.152702130652408
1092,109.102182,23.04344950108411
1093,109.202184,23.040164991275635
1094,109.302186,23.042291161886034
1095,109.40218800000001,22.9772069558713
1096,109.50219,23.01438119506768
1097,109.602192,23.056680923030708
1098,109.702194,22.977990498441855
1099,109.802196,22.98026874972842
1100,109.902198,22.939177843620534
1101,110.0022,22.958093331147737
1102,110.102202,23.00971341128471
1103,110.202204,23.126977266986906
1104,110.30220600000001,23.14036994865518
1105,110.402208,23.018005525254328
1106,110.50221,23.116649016005635
1107,110.602212,23.216453920247154
1108,110.70221400000001,23.083678074950374
1109,110.802216,23.158925207228535
1110,110.902218,23.09074942670475
1111,111.00222,23.030806605494497
1112,111.10222200000001,23.148913394425474
1113,111.202224,23.10215599218638
1114,111.30222599999999,23.106829764217526
1115,111.40222800000001,23.179662970348943
1116,111.50223,23.034118438039435
1117,111.602232,22.9953107279759
1118,111.70223399999999,23.20824951151883
1119,111.80223600000001,23.232157488200887
1120,111.902238,23.111423074216262
1121,112.00224,23.274141787118776
1122,112.102242,23.34881961294149
1123,112.20224400000001,23.22437887462459
1124,112.302246,23.42686113298683
1125,112.402248,23.191368825995227
1126,112.50225,23.367928043367233
1127,112.60225200000001,23.207376448863442
1128,112.702254,23.31598574875551
1129,112.80225600000001,23.22588547708164
1130,112.902258,23.155885672132438
1131,113.00226,23.141620879414557
1132,113.102262,23.15717461434999
1133,113.202264,23.149054564076724
1134,113.302266,23.035117443092158
1135,113.40226799999999,23.13642476404298
1136,113.50227000000001,23.1143010384203
1137,113.602272,23.086498704345267
1138,113.702274,22.86482732800671
1139,113.80227599999999,23.093465923616435
1140,113.90227800000001,23.168947582586682
1141,114.00228,23.216565480978485
1142,114.102282,23.2108724750191
1143,114.202284,23.088542834960833
1144,114.30228600000001,23.115720559787427
1145,114.402288,23.127576029022883
1146,114.50229,23.08256284676794
1147,114.602292,23.1377239092213
1148,114.70229400000001,22.922500065036008
1149,114.802296,23.139277163982804
1150,114.902298,23.013833646810976
1151,115.0023,23.097682224228745
1152,115.102302,23.150569739045885
1153,115.202304,22.875466974592147
1154,115.302306,22.974584111907113
1155,115.402308,23.134658451623288
1156,115.50231,23.072391205240415
1157,115.60231200000001,22.899649827296077
1158,115.702314,23.119285947515674
1159,115.802316,22.977720960802095
1160,115.902318,22.919477527540085
1161,116.00232000000001,23.049742408552515
1162,116.102322,23.11335003543356
1163,116.202324,23.040175756820478
1164,116.30232600000001,23.141733400217756
1165,116.40232800000001,23.108890373532176
1166,116.50233,23.03176883636159
1167,116.602332,22.85500015278
1168,116.70233400000001,22.983739963596737
1169,116.802336,22.90380615378315
1170,116.902338,23.05502247294991
1171,117.00233999999999,22.980573197246294
1172,117.10234200000001,22.88995305230943
1173,117.202344,23.042459493070655
1174,117.302346,23.16834797221263
1175,117.402348,22.96756381800361
1176,117.50235,22.989091343994986
1177,117.602352,23.131751174887587
1178,117.702354,22.944194789950778
1179,117.802356,23.030456948405686
1180,117.902358,22.918634786094437
1181,118.00236,22.951896381562204
1182,118.10236200000001,22.995113054307676
1183,118.202364,22.915584457737925
1184,118.302366,22.863813859129717
1185,118.402368,22.920891154382275
1186,118.50237,22.925210126178197
1187,118.602372,22.95594826572795
1188,118.70237399999999,22.83329660581177
1189,118.80237600000001,22.7241964369018
1190,118.902378,22.924763832763478
1191,119.00238,22.894925301567415
1192,119.10238199999999,22.827975882785996
1193,119.20238400000001,22.8321623177218
1194,119.302386,22.93518485376514
1195,119.402388,22.94248596184431
1196,119.50239,23.001975869676237
1197,119.60239200000001,22.986766169361086
1198,119.702394,23.079514848813247
1199,119.802396,22.887177056088287
1200,119.902398,22.824011000020374
1201,120.00240000000001,22.827309322312388
1202,120.102402,22.992800967772315
1203,120.20240400000002,23.073272605336303
1204,120.302406,22.959557020892163
1205,120.402408,22.901986964741635
1206,120.50241,22.833822879672145
1207,120.602412,22.873589772181823
1208,120.702414,22.899693856180477
1209,120.802416,22.802758843065956
1210,120.90241800000001,22.73895963652994
1211,121.00242,22.803250736653265
1212,121.102422,22.95920105357072
1213,121.202424,22.937631632834453
1214,121.30242600000001,22.998917943871838
1215,121.402428,22.957522711382918
1216,121.50243,22.964412417376003
1217,121.60243200000001,22.905005973491974
1218,121.70243400000001,22.960689541634295
1219,121.802436,22.921829162246578
1220,121.902438,22.866500995311736
1221,122.00244,22.917760950106462
1222,122.102442,22.977013853758578
1223,122.202444,22.87163466199149
1224,122.302446,22.998349034356515
1225,122.402448,22.93562759031736
1226,122.50245,22.925433130075728
1227,122.602452,22.97826786395926
1228,122.702454,22.944690172317134
1229,122.802456,22.922803504598473
1230,122.902458,23.081814434875366
1231,123.00246000000001,22.908234561452428
1232,123.102462,22.99636086863727
1233,123.202464,22.84323246751952
1234,123.302466,22.85635814583406
1235,123.40246800000001,22.841844497571834
1236,123.50247,22.83417569253195
1237,123.602472,22.7636773278925
1238,123.702474,22.868340353491416
1239,123.80247600000001,22.81406536121791
1240,123.902478,22.839948537764204
1241,124.00247999999999,22.9084630464275
1242,124.10248200000001,23.015148158572103
1243,124.202484,22.95900940917683
1244,124.302486,22.826398471592977
1245,124.40248799999999,22.88022178083185
1246,124.50249000000001,22.88671776147142
1247,124.602492,23.030044850238795
1248,124.702494,22.984017800626663
1249,124.802496,22.992337005824005
1250,124.90249800000001,22.85693176107046
1251,125.0025,22.936788597476205
1252,125.102502,22.88770032886219
1253,125.202504,22.97979020251265
1254,125.30250600000001,22.938603390516278
1255,125.402508,22.992773521137426
1256,125.50251000000002,23.047427508626413
1257,125.602512,22.943771694972995
1258,125.702514,23.167871840072348
1259,125.802516,23.216833197074102
1260,125.902518,22.976216004269023
1261,126.00252,22.97967921907469
1262,126.102522,22.933505419264648
1263,126.20252400000001,23.00119470524547
1264,126.302526,23.040048955518376
1265,126.402528,23.102825271128452
1266,126.50253,23.113358779521093
1267,126.60253200000001,23.035110398229044
1268,126.702534,23.13440341040922
1269,126.802536,23.168119233635707
1270,126.902538,23.048015130910304
1271,127.00254000000001,23.15156074662125
1272,127.102542,22.838043266782904
1273,127.202544,22.91726028720025
1274,127.302546,22.905719890321574
1275,127.40254800000001,23.149275327079
1276,127.50255,23.226376971137412
1277,127.602552,23.074360165042552
1278,127.702554,23.23389378855405
1279,127.802556,23.386789673601726
1280,127.902558,23.5292283131477
1281,128.00256,23.345323089609845
1282,128.102562,23.140974175367166
1283,128.202564,23.183550945932552
1284,128.302566,23.315610219358526
1285,128.402568,23.166286818244714
1286,128.50257000000002,22.991586804372975
1287,128.602572,23.00591994176905
1288,128.702574,23.14179000033803
1289,128.802576,22.884640289162732
1290,128.902578,23.0623560180619
1291,129.00258,23.033516088282
1292,129.102582,23.058956576696744
1293,129.202584,23.136659500206314
1294,129.302586,23.06426900023878
1295,129.402588,23.11946387837744
1296,129.50259,23.088066848899235
1297,129.60259200000002,23.007812354548317
1298,129.702594,23.007420122305135
1299,129.802596,22.97758506825739
1300,129.902598,23.072693120663413
1301,130.0026,23.187634158610475
1302,130.102602,22.91945532560819
1303,130.202604,23.01804444151373
1304,130.302606,22.779758800087443
1305,130.40260800000001,23.15717820438555
1306,130.50261,23.014031843817122
1307,130.60261200000002,22.925498624754912
1308,130.702614,22.801899014168917
1309,130.802616,22.91839970244604
1310,130.902618,23.131578639627815
1311,131.00262,22.92283597709212
1312,131.102622,22.856472647241237
1313,131.20262400000001,23.00144986893674
1314,131.30262599999998,23.01006353436006
1315,131.402628,22.97998714299485
1316,131.50263,23.027296389741405
1317,131.602632,22.842157628572707
1318,131.702634,23.194054116618283
1319,131.802636,22.971145283797526
1320,131.902638,23.107146899832504
1321,132.00264,22.966335958023176
1322,132.102642,22.8350852769323
1323,132.202644,22.948007877152087
1324,132.302646,23.00822213401503
1325,132.40264800000003,22.869625900801417
1326,132.50265,22.941127580218797
1327,132.602652,22.981728944491636
1328,132.702654,22.96148244818502
1329,132.802656,22.934581752117765
1330,132.902658,22.895124654122952
1331,133.00266,22.959085391261535
1332,133.102662,22.855477248538257
1333,133.202664,22.844664671190618
1334,133.302666,22.90372934915726
1335,133.402668,22.809578509248677
1336,133.50267000000002,22.796707255578898
1337,133.60267199999998,22.91437904673214
1338,133.702674,22.860072393149203
1339,133.80267600000002,22.860502971740182
1340,133.902678,22.68175539021551
1341,134.00268,22.708368335141564
1342,134.102682,22.72775830628798
1343,134.202684,22.72350186214236
1344,134.30268600000002,22.87232673586974
1345,134.40268799999998,22.809806645451662
1346,134.50269,22.783474445108194
1347,134.60269200000002,22.81381552126012
1348,134.70269399999998,23.002795990099454
1349,134.802696,22.870788698943862
1350,134.90269800000002,22.785850960123792
1351,135.0027,22.721823931161943
1352,135.102702,22.85154814138314
1353,135.202704,22.764567588954773
1354,135.302706,22.83298904070891
1355,135.40270800000002,22.872307640014945
1356,135.50270999999998,22.77989303379758
1357,135.602712,22.792318417122612
1358,135.70271400000001,22.74102384028681
1359,135.802716,22.84251933040398
1360,135.902718,22.68557538429081
1361,136.00272,22.84265015231642
1362,136.102722,22.947494960704145
1363,136.20272400000002,22.930857981931847
1364,136.302726,22.893479969832924
1365,136.402728,23.079820730925146
1366,136.50273,23.031539778270766
1367,136.602732,22.80834571267138
1368,136.702734,22.89378871578689
1369,136.802736,22.950286264861326
1370,136.902738,23.074243281154434
1371,137.00274,23.082762192417544
1372,137.102742,23.00460079806707
1373,137.202744,22.939195258305496
1374,137.302746,23.08233679355953
1375,137.402748,23.104966404803406
1376,137.50275,22.935215939611226
1377,137.602752,23.013906658786446
1378,137.70275400000003,23.023671269706703
1379,137.802756,23.09510057917924
1380,137.902758,23.11767675425573
1381,138.00276000000002,23.295652161935447
1382,138.102762,23.25711412982999
1383,138.202764,23.365098683068773
1384,138.302766,23.34903238039676
1385,138.402768,23.33469630944721
1386,138.50277,23.212415126935962
1387,138.602772,23.210139506967955
1388,138.702774,23.350155755252946
1389,138.80277600000002,23.503521424430577
1390,138.90277799999998,23.469857441343297
1391,139.00278,23.247048305794113
1392,139.10278200000002,23.26461808206493
1393,139.202784,23.23530086209762
1394,139.302786,23.349293567737927
1395,139.402788,23.11504329318062
1396,139.50279,23.114488504922445
1397,139.60279200000002,23.151626666316563
1398,139.70279399999998,23.144634813690338
1399,139.802796,23.320739285141524
1400,139.90279800000002,23.06254135984932
1401,140.0028,23.222828849522653
1402,140.102802,23.189232636385796
1403,140.20280400000001,23.254505064261433
1404,140.302806,23.36005282950703
1405,140.402808,23.10249830789201
1406,140.50281,23.213482475047883
1407,140.602812,23.285348136129432
1408,140.70281400000002,23.210575204087327
1409,140.80281599999998,23.237076322785352
1410,140.902818,23.3325856445043
1411,141.00282,23.405661228296193
1412,141.102822,23.39097914567039
1413,141.202824,23.23580246892708
1414,141.302826,23.225484829840603
1415,141.402828,23.250529975645485
1416,141.50283000000002,23.06863379790343
1417,141.602832,23.136748157025423
1418,141.702834,23.264747078850203
1419,141.802836,23.121278097294717
1420,141.902838,23.178829577270534
1421,142.00284,23.095833100252484
1422,142.102842,23.128090013898884
1423,142.202844,23.265162326241764
1424,142.302846,23.215747720928935
1425,142.402848,23.41494971944484
1426,142.50285,23.274886168559608
1427,142.602852,23.267000659937597
1428,142.702854,23.191070960550363
1429,142.802856,23.351164226645295
1430,142.902858,23.23937966376913
1431,143.00286000000003,23.310192687738386
1432,143.102862,23.149894321445057
1433,143.202864,23.352754048093146
1434,143.30286600000002,23.30499948915264
1435,143.402868,23.270383917870337
1436,143.50287,23.36224369231136
1437,143.602872,23.36995317540819
1438,143.702874,23.283481186840056
1439,143.802876,23.322173823348198
1440,143.902878,23.325238495807838
1441,144.00288,23.093281515258155
1442,144.10288200000002,23.21938537214522
1443,144.20288399999998,23.35005351207424
1444,144.302886,23.258610682015092
1445,144.40288800000002,23.381674659467006
1446,144.50289,23.40679381009686
1447,144.602892,23.254903726796734
1448,144.702894,23.30643106117078
1449,144.802896,23.428329666326682
1450,144.90289800000002,23.38958603325102
1451,145.00289999999998,23.281517725614897
1452,145.102902,23.446378594339176
1453,145.20290400000002,23.313448662633167
1454,145.302906,23.524457737985994
1455,145.402908,23.336325546333576
1456,145.50291,23.264184510207162
1457,145.602912,23.164581093929524
1458,145.702914,23.295313322364443
1459,145.802916,23.226953836107377
1460,145.902918,23.254943324254086
1461,146.00292000000002,23.190042707688548
1462,146.10292199999998,23.351280286775964
1463,146.202924,23.32576264792254
1464,146.302926,23.35916816776368
1465,146.402928,23.447804419562413
1466,146.50293,23.495912226922016
1467,146.602932,23.33107833731802
1468,146.702934,23.428303491351688
1469,146.80293600000002,23.581010832262475
1470,146.902938,23.357193416400523
1471,147.00294,23.225685134439956
1472,147.102942,23.135031619009336
1473,147.202944,23.21997518920604
1474,147.302946,23.263998998280517
1475,147.402948,23.17565654250925
1476,147.50295,23.232365570961555
1477,147.602952,23.276837235215858
1478,147.702954,23.41329738685189
1479,147.802956,23.36409187697044
1480,147.902958,23.249155542228124
1481,148.00296,23.302381820049384
1482,148.102962,23.28199377077268
1483,148.202964,23.262297266460028
1484,148.30296600000003,23.25665552935695
1485,148.402968,23.321088602721744
1486,148.50297,23.226829947928344
1487,148.60297200000002,23.253079457252134
1488,148.702974,23.23097110157449
1489,148.802976,23.254740120671904
1490,148.902978,23.411131269982867
1491,149.00298,23.337204877663623
1492,149.102982,23.26821344925654
1493,149.202984,23.264488175185715
1494,149.302986,23.210237511826584
1495,149.40298800000002,23.29780071874203
1496,149.50298999999998,23.165788264423668
1497,149.602992,23.23047693652484
1498,149.70299400000002,23.284475282565605
1499,149.802996,23.24594495663833
1500,149.902998,23.111208212415598
1501,150.003,23.173852360479522
1502,150.103002,23.143133206210884
1503,150.20300400000002,23.172958751356276
1504,150.30300599999998,23.166876697736555
1505,150.403008,23.31621470000274
1506,150.50301000000002,23.190292589176394
1507,150.603012,23.22239437673924
1508,150.703014,23.273950850490145
1509,150.803016,23.280922001465886
1510,150.903018,23.269161689107452
1511,151.00302,23.078449463655485
1512,151.103022,23.170233694007564
1513,151.203024,23.183522244299862
1514,151.30302600000002,23.27516521808954
1515,151.40302799999998,23.237387974418233
1516,151.50303,23.185192870198286
1517,151.603032,23.176607472669964
1518,151.703034,23.047576368426355
1519,151.803036,23.052630743266324
1520,151.903038,23.07617915979247
1521,152.00304,23.119846960398288
1522,152.10304200000002,23.05901404890953
1523,152.203044,23.038179010055323
1524,152.303046,23.027315416712025
1525,152.403048,23.11972299538526
1526,152.50305000000003,23.077862230617512
1527,152.603052,23.176450154636115
1528,152.703054,23.144929938182436
1529,152.803056,23.252134528303205
1530,152.903058,23.202206233559114
1531,153.00306,23.096253742690738
1532,153.103062,23.074657456051042
1533,153.203064,23.23787923468825
1534,153.303066,23.41248500518689
1535,153.403068,23.18198850753309
1536,153.50307,23.115878597196115
1537,153.60307200000003,23.353747407287734
1538,153.703074,23.25759876336086
1539,153.803076,23.36703798590122
1540,153.90307800000002,23.27139904629121
1541,154.00308,23.380193714018034
1542,154.103082,23.328005671794127
1543,154.203084,23.155019091616015
1544,154.303086,23.21312102342041
1545,154.403088,23.21062709260286
1546,154.50309,23.269135750347136
1547,154.603092,23.354909805444898
1548,154.70309400000002,23.32998704909929
1549,154.80309599999998,23.09616661386978
1550,154.903098,23.140341984366092
1551,155.00310000000002,23.346180153440653
1552,155.103102,23.325174598467086
1553,155.203104,23.213614141772556
1554,155.303106,23.383746744424986
1555,155.403108,23.374404704900403
1556,155.50311000000002,23.232443138163475
1557,155.60311199999998,23.312030432218464
1558,155.703114,23.227136076457374
1559,155.80311600000002,23.16704531864647
1560,155.903118,23.05535597284876
1561,156.00312,23.087459845445665
1562,156.103122,23.153850749129038
1563,156.203124,23.181547887522573
1564,156.303126,23.358903667046356
1565,156.403128,23.312647954410398
1566,156.50313,23.27897224976996
1567,156.60313200000002,23.420968314108183
1568,156.70313399999998,23.21634192900163
1569,156.803136,23.26520280574643
1570,156.903138,23.26057002186166
1571,157.00314,23.253118728568325
1572,157.103142,23.22630929787439
1573,157.203144,23.36465854656387
1574,157.303146,23.207016049792227
1575,157.40314800000002,23.31091480822614
1576,157.50315,23.208736365170918
1577,157.603152,23.48575559906357
1578,157.703154,23.449203910050834
1579,157.80315600000003,23.405614675167474
1580,157.903158,23.20532263386069
1581,158.00316,23.254526149017945
1582,158.103162,23.221847956732894
1583,158.203164,23.28860636756803
1584,158.303166,23.33299069537114
1585,158.403168,23.198178103259014
1586,158.50317,23.08093578234603
1587,158.603172,23.3544062236025
1588,158.703174,23.24566170388279
1589,158.803176,23.184100669558234
1590,158.90317800000003,23.232612960829726
1591,159.00318,23.345449368294663
1592,159.103182,23.265481321257983
1593,159.20318400000002,23.414400056550647
1594,159.303186,23.187397856509296
1595,159.403188,23.25288566297196
1596,159.50319,23.23548322226359
1597,159.603192,23.21867973262411
1598,159.70319400000002,23.18436771380559
1599,159.80319599999999,23.35210945922924
1600,159.903198,23.34994818100745
1601,160.00320000000002,23.273223469690148
1602,160.10320199999998,23.399277153839662
1603,160.203204,23.347980167050075
1604,160.30320600000002,23.26921559236012
1605,160.403208,23.283375949548226
1606,160.50321,23.285860575672903
1607,160.603212,23.166442444179626
1608,160.703214,23.307647874371675
1609,160.80321600000002,23.352116702710944
1610,160.90321799999998,23.392309514576272
1611,161.00322,23.53915430208447
1612,161.10322200000002,23.389126367010004
1613,161.203224,23.273550843187035
1614,161.303226,23.29198857694116
1615,161.403228,23.427214308788635
1616,161.50323,23.439122927006913
1617,161.603232,23.206391949956338
1618,161.703234,23.103195620869318
1619,161.803236,23.19655178336049
1620,161.90323800000002,23.253872890045905
1621,162.00323999999998,23.262558105312085
1622,162.103242,23.400241713874767
1623,162.203244,23.327439191812807
1624,162.303246,23.28839681526095
1625,162.403248,23.091503978907227
1626,162.50325,23.14029231931588
1627,162.603252,23.131925175629444
1628,162.70325400000002,23.18156082800337
1629,162.803256,23.310726633758293
1630,162.903258,23.38327944015349
1631,163.00326,23.31264784343336
1632,163.10326200000003,23.35476695279083
1633,163.203264,23.29518505856774
1634,163.303266,23.518294867814067
1635,163.403268,23.333126628402464
1636,163.50327,23.374460109651103
1637,163.603272,23.27222234311097
1638,163.703274,23.371372035080693
1639,163.803276,23.376233644722134
1640,163.903278,23.579008574401048
1641,164.00328,23.474281822596314
1642,164.103282,23.316732692828587
1643,164.20328400000002,23.391793701893686
1644,164.30328599999999,23.39224052829385
1645,164.403288,23.210483935324675
1646,164.50329000000002,23.223429638372387
1647,164.603292,23.369860768517174
1648,164.703294,23.38422927518968
1649,164.803296,23.325487221408984
1650,164.903298,23.479078265018295
1651,165.00330000000002,23.366031393893465
1652,165.10330199999999,23.50517088698598
1653,165.203304,23.380838557267147
1654,165.30330600000002,23.286447868560494
1655,165.40330799999998,23.271226955379067
1656,165.50331,23.361675917759165
1657,165.60331200000002,23.310439827013635
1658,165.703314,23.30808110960444
1659,165.803316,23.481945876043252
1660,165.903318,23.27295573373922
1661,166.00332,23.463476497806823
1662,166.10332200000002,23.448311638850036
1663,166.20332399999998,23.603044848683172
1664,166.303326,23.710764506470195
1665,166.40332800000002,23.545461821955705
1666,166.50333,23.463228215882523
1667,166.603332,23.553550000096127
1668,166.703334,23.535372498245238
1669,166.803336,23.387897790501103
1670,166.90333800000002,23.449980037017173
1671,167.00334,23.404830527248205
1672,167.103342,23.247101769264017
1673,167.20334400000002,23.099149923348417
1674,167.30334599999998,23.376652938931397
1675,167.403348,23.404009889314736
1676,167.50335,23.238060566030885
1677,167.603352,23.280981445301144
1678,167.703354,23.236855210868654
1679,167.803356,23.273259258205556
1680,167.903358,23.182286271535048
1681,168.00336000000001,23.061208297017245
1682,168.103362,23.053209388739685
1683,168.203364,23.21161933905936
1684,168.303366,23.305154124377395
1685,168.40336800000003,23.366256943681776
1686,168.50337,23.489393385274646
1687,168.603372,23.384952900523537
1688,168.703374,23.226945295690506
1689,168.803376,23.20401988310106
1690,168.903378,23.06347782586483
1691,169.00338,23.01754296035588
1692,169.103382,23.03075064397269
1693,169.203384,23.061695137336137
1694,169.303386,23.03893395743462
1695,169.403388,23.106683390648296
1696,169.50339000000002,22.80779563558782
1697,169.60339199999999,23.2210660939397
1698,169.703394,23.122074962432293
1699,169.80339600000002,23.14413142407345
1700,169.903398,22.878328503782623
1701,170.0034,22.983397703412006
1702,170.103402,23.16606992689345
1703,170.203404,23.292733763773693
1704,170.30340600000002,23.205406002328026
1705,170.40340799999998,23.028606199679047
1706,170.50341,23.185801367251187
1707,170.60341200000002,23.13064880895909
1708,170.70341399999998,23.128737389367025
1709,170.803416,23.097222708768484
1710,170.90341800000002,23.048663891479148
1711,171.00342,23.15340719344116
1712,171.103422,23.33666348415688
1713,171.203424,23.279582650944487
1714,171.303426,23.303847499657927
1715,171.40342800000002,23.287898662210264
1716,171.50342999999998,23.145190953518593
1717,171.603432,23.18257249552302
1718,171.70343400000002,23.298938662599657
1719,171.803436,23.254280077215558
1720,171.903438,23.25810657837216
1721,172.00344,23.227038522375967
1722,172.103442,23.149483087689607
1723,172.20344400000002,23.321549502398067
1724,172.303446,23.23877584386989
1725,172.403448,23.201009615380855
1726,172.50345000000002,23.09521226229585
1727,172.603452,23.12836890636821
1728,172.703454,23.12983393423517
1729,172.803456,23.180000065971782
1730,172.903458,23.23605965640373
1731,173.00346,23.23206724227223
1732,173.103462,23.24697235820277
1733,173.203464,23.24513746523348
1734,173.30346600000001,23.12924875826665
1735,173.403468,23.18885496785666
1736,173.50347,23.043099521608056
1737,173.603472,23.140327202673223
1738,173.70347400000003,23.11292677311908
1739,173.803476,23.00137902373286
1740,173.903478,23.12837998637897
1741,174.00348000000002,23.165459665515446
1742,174.103482,23.108470800313874
1743,174.203484,23.08610408781138
1744,174.303486,23.20380363939319
1745,174.403488,22.785980478173606
1746,174.50349,23.01044587135333
1747,174.603492,23.112266527437317
1748,174.703494,23.13153586352759
1749,174.80349600000002,23.238666991513302
1750,174.90349799999998,23.03355428420475
1751,175.0035,23.07446164006422
1752,175.10350200000002,23.10276871224855
1753,175.203504,23.00824469892233
1754,175.303506,22.90588034028808
1755,175.403508,23.074986872663523
1756,175.50351,23.119339374299603
1757,175.60351200000002,23.259333179300157
1758,175.70351399999998,23.152598555839667
1759,175.803516,23.085969041869085
1760,175.90351800000002,23.030178550573698
1761,176.00351999999998,22.996835092707624
1762,176.103522,23.032388612293413
1763,176.20352400000002,23.11541557560474
1764,176.303526,23.17568095025188
1765,176.403528,23.11013675578396
1766,176.50353,23.186364915765544
1767,176.603532,23.026887650857773
1768,176.70353400000002,23.026063262054073
1769,176.80353599999998,23.133259028272594
1770,176.903538,23.07557579469712
1771,177.00354000000002,22.945192762047046
1772,177.103542,23.000606135061034
1773,177.203544,22.91577059173345
1774,177.303546,23.092451109450813
1775,177.403548,22.912689764195264
1776,177.50355000000002,23.062655989248636
1777,177.603552,22.863978804205196
1778,177.703554,22.997700935941193
1779,177.80355600000001,22.913403077204862
1780,177.903558,23.046487687356002
1781,178.00356,22.970545270766944
1782,178.103562,23.08577430835526
1783,178.203564,22.75725357316576
1784,178.303566,23.059234206010526
1785,178.403568,22.896604467460268
1786,178.50357,22.95193171779737
1787,178.603572,22.932786363329424
1788,178.703574,23.071811199139976
1789,178.803576,23.11214898692792
1790,178.903578,23.106832753985916
1791,179.00358000000003,22.95689460673612
1792,179.103582,23.023698543965793
1793,179.203584,22.90054833416296
1794,179.30358600000002,23.064222321981394
1795,179.403588,22.921659158385097
1796,179.50359,22.950578499606983
1797,179.603592,22.993682684091556
1798,179.703594,22.775873440422373
1799,179.803596,23.063285989092954
1800,179.903598,23.094702842968506
1801,180.0036,22.86860535071046
1802,180.10360200000002,23.082981068252604
1803,180.20360399999998,23.008088054461595
1804,180.303606,22.964107462923856
1805,180.40360800000002,23.037164165857764
1806,180.50361,23.147683563732816
1807,180.603612,23.069766661623888
1808,180.703614,22.99927229817827
1809,180.803616,22.869453874062952
1810,180.90361800000002,22.911206434468635
1811,181.00361999999998,22.923478300841893
1812,181.103622,22.953630555252012
1813,181.20362400000002,22.930344403361044
1814,181.30362599999998,22.887430727862885
1815,181.403628,22.83056367687885
1816,181.50363000000002,22.83884158415241
1817,181.603632,22.88601080311971
1818,181.703634,22.826734202760775
1819,181.803636,22.977355827380524
1820,181.903638,22.982765860714657
1821,182.00364000000002,22.741889523971125
1822,182.10364199999998,22.70379687946181
1823,182.203644,22.678885508095668
1824,182.30364600000001,22.643762625257647
1825,182.403648,22.514159673637618
1826,182.50365,22.724649499168592
1827,182.603652,22.631844166670227
1828,182.703654,22.758325163702345
1829,182.80365600000002,22.732461854263104
1830,182.903658,22.80693162963716
1831,183.00366,22.651449211027685
1832,183.103662,22.739969505314665
1833,183.203664,22.768304814127784
1834,183.303666,22.839499274986895
1835,183.403668,22.70899773676925
1836,183.50367,22.85049969815965
1837,183.603672,22.827362002192924
1838,183.703674,22.67469296852078
1839,183.803676,22.71937674669726
1840,183.903678,22.8921086090092
1841,184.00368,22.54155430479757
1842,184.103682,22.66825292819827
1843,184.203684,22.73252933457018
1844,184.30368600000003,22.705496784814496
1845,184.403688,22.7066771950649
1846,184.50369,22.697532638246184
1847,184.60369200000002,22.73694726108277
1848,184.703694,22.566245617172292
1849,184.803696,22.635664970952803
1850,184.903698,22.574587609774735
1851,185.0037,22.60373296071453
1852,185.103702,22.5093374627948
1853,185.203704,22.502183686395693
1854,185.303706,22.612434084731035
1855,185.40370800000002,22.67654961486379
1856,185.50370999999998,22.61671492963815
1857,185.603712,22.690584402847655
1858,185.70371400000002,22.57105549890713
1859,185.803716,22.66143090697523
1860,185.903718,22.631470279728585
1861,186.00372,22.542917891918368
1862,186.103722,22.627051959545923
1863,186.20372400000002,22.632523276475847
1864,186.30372599999998,22.6860848961208
1865,186.403728,22.603500799560063
1866,186.50373000000002,22.697097032037266
1867,186.603732,22.653431706690753
1868,186.703734,22.758567000975006
1869,186.80373600000001,22.653706965440776
1870,186.903738,22.646625149680197
1871,187.00374,22.676208154353738
1872,187.103742,22.611309265537656
1873,187.203744,22.56059574899007
1874,187.30374600000002,22.71460071550056
1875,187.40374799999998,22.709587428666477
1876,187.50375,22.612690771511517
1877,187.60375200000001,22.48874188818495
1878,187.703754,22.51640303669107
1879,187.803756,22.529288713431786
1880,187.903758,22.597336836356927
1881,188.00376,22.54844269171818
1882,188.10376200000002,22.486428814451564
1883,188.203764,22.54981218954614
1884,188.303766,22.62237566160689
1885,188.403768,22.587190645981426
1886,188.50377,22.66550355786724
1887,188.603772,22.671516509422794
1888,188.703774,22.82801137703971
1889,188.803776,22.700430479983577
1890,188.903778,22.706919611391275
1891,189.00378,22.783239976949492
1892,189.103782,22.754770356420327
1893,189.203784,22.622144990337695
1894,189.303786,22.585809404979962
1895,189.403788,22.755238808431262
1896,189.50379,22.74511364025173
1897,189.60379200000003,22.70718778059559
1898,189.703794,22.676566635217124
1899,189.803796,22.64692069379337
1900,189.90379800000002,22.58654728993524
1901,190.0038,22.566937014819377
1902,190.103802,22.577536585716345
1903,190.203804,22.723109423362366
1904,190.303806,22.594600540017264
1905,190.403808,22.699563492784005
1906,190.50381,22.818769948305924
1907,190.603812,22.704548195618756
1908,190.70381400000002,22.724140047135894
1909,190.80381599999998,22.76939780065253
1910,190.903818,22.756990661586123
1911,191.00382000000002,22.749845600892304
1912,191.103822,22.7793595956102
1913,191.203824,22.960593455219264
1914,191.30382600000002,22.70030513890091
1915,191.403828,22.93483064744614
1916,191.50383000000002,22.82543158686778
1917,191.60383199999998,22.948639752404425
1918,191.703834,22.807161620706907
1919,191.80383600000002,22.777281767984515
1920,191.903838,22.850471333938724
1921,192.00384,22.888321912716567
1922,192.10384200000001,22.79222642435315
1923,192.203844,22.79559472165109
1924,192.303846,22.825209057208223
1925,192.403848,22.816233271061666
1926,192.50385,22.55979648955748
1927,192.60385200000002,22.662310415484228
1928,192.70385399999998,22.72337197757189
1929,192.803856,22.646027493959952
1930,192.903858,22.97023148800352
1931,193.00386,22.79168922458676
1932,193.103862,22.958399407497392
1933,193.203864,22.874563688245278
1934,193.303866,23.01810415176816
1935,193.40386800000002,23.053179408764773
1936,193.50387,22.81723298684798
1937,193.603872,22.76151518826787
1938,193.703874,22.90891602358549
1939,193.80387600000003,22.833395828388294
1940,193.903878,22.96942502907073
1941,194.00388,22.987034080329387
1942,194.103882,22.892450330021223
1943,194.203884,22.743695477250224
1944,194.303886,22.79082025033236
1945,194.403888,22.91133644495099
1946,194.50389,22.863254717841595
1947,194.603892,22.79126066446077
1948,194.703894,22.771596114989247
1949,194.803896,22.698368566630784
1950,194.90389800000003,23.011409462774115
1951,195.0039,22.701852487298176
1952,195.103902,22.882150958621178
1953,195.20390400000002,22.692170366172984
1954,195.303906,22.75019944270289
1955,195.403908,22.728840877802725
1956,195.50391,22.70386847483094
1957,195.603912,22.780669209475853
1958,195.703914,22.743704359442052
1959,195.803916,22.842684416041287
1960,195.903918,22.896358943166952
1961,196.00392000000002,23.118029620427798
1962,196.10392199999998,23.147794684482033
1963,196.203924,23.07606936243923
1964,196.30392600000002,23.32663360301683
1965,196.403928,22.951540223365594
1966,196.50393,22.88597660239442
1967,196.60393200000001,23.14705614699195
1968,196.703934,22.909433434352152
1969,196.80393600000002,22.859583005432427
1970,196.90393799999998,22.798326657139814
1971,197.00394,22.970288651045944
1972,197.10394200000002,22.77799601336107
1973,197.203944,22.844788081379605
1974,197.303946,22.929792017152984
1975,197.403948,22.762302395025625
1976,197.50395,22.736804669280936
1977,197.603952,22.754000918322298
1978,197.703954,22.890780450905858
1979,197.803956,22.922215133767484
1980,197.90395800000002,22.956279604794222
1981,198.00395999999998,22.903589446540163
1982,198.103962,22.897714156915
1983,198.203964,22.903700703420334
1984,198.303966,22.858423752205738
1985,198.403968,22.79828060458803
1986,198.50397,22.708475782400438
1987,198.603972,22.79984375643523
1988,198.70397400000002,22.75975278505648
1989,198.803976,22.826700399830425
1990,198.903978,22.753244460105275
1991,199.00398,22.708683243033907
1992,199.10398200000003,22.8038757095465
1993,199.203984,22.7779124108621
1994,199.303986,22.810756231143262
1995,199.403988,22.855779259745294
1996,199.50399,23.019101736054463
1997,199.603992,22.89726349714952
1998,199.703994,22.900738304921084
1999,199.803996,22.9380067227144
2000,199.903998,22.76754139770002
2001,200.00001600000002,22.935642139702757
