Frame,Time (ns),RMSD 2 (3099 atoms)
1,0.0,5.423340126963275e-06
2,0.1,1.5659894581370595
3,0.2,1.840399680240949
4,0.3,1.5281546348151802
5,0.4,1.7826571100737725
6,0.5,1.817936567029685
7,0.6,2.035350500312948
8,0.7,2.1041025767635957
9,0.8,1.9685549153988973
10,0.9,2.1067175561678635
11,1.0,2.326120616742771
12,1.1,2.0197076243438477
13,1.2,2.056255764112823
14,1.3,2.2260426722433886
15,1.4,2.2022867667210044
16,1.5,2.234985067474676
17,1.6,2.2019957824356875
18,1.7,2.2157672819678846
19,1.8,2.1675481632124507
20,1.9,2.269084633588853
21,2.0,2.188171825396439
22,2.1,2.331656133027065
23,2.2,2.3070892006745756
24,2.3,2.4994844976785138
25,2.4,2.522575650688404
26,2.5001,2.5926775281673273
27,2.6001,2.6911944715267038
28,2.7001,2.563319817724837
29,2.8001,2.5200444578686874
30,2.9001,2.5827142257113356
31,3.0001,2.45900586667225
32,3.1001,2.5954519181399105
33,3.2001,2.784240955552839
34,3.3001,2.8333855093354283
35,3.4001,2.7512934405247527
36,3.5001,2.8972048501587913
37,3.6001,2.8677631122097997
38,3.7001,2.80195366384307
39,3.8001,2.6658535456459798
40,3.9001,2.6284280976678684
41,4.0001,2.722189422493966
42,4.1001,2.625045185351975
43,4.2001,2.5986849098869405
44,4.3001,2.582297022022302
45,4.4001,2.3833537793875585
46,4.5001,2.4320463845865143
47,4.6001,2.630544072589427
48,4.7001,2.416665831787326
49,4.8001,2.4112040843555103
50,4.9001,2.403033367213585
51,5.0001,2.448210626170189
52,5.1001,2.41377608048031
53,5.2001,2.4033912665393333
54,5.3001,2.4463798773382166
55,5.4001,2.6465014554578317
56,5.5001,2.714947356391352
57,5.6001,2.6894001932349134
58,5.7001,2.8418573644114398
59,5.8001,2.548857334012215
60,5.9001,2.671998843706517
61,6.0001,2.6764807431533773
62,6.1001,2.7339387763510037
63,6.2001,2.73027545431143
64,6.3001,2.5551582198977623
65,6.4001,2.8004049996878693
66,6.5001,2.6171410511572275
67,6.6001,2.6121939097113023
68,6.7001,2.597578945129785
69,6.8001,2.90888896421981
70,6.9001,2.472431902839386
71,7.0001,2.53506836840723
72,7.1001,2.6802127685604216
73,7.2001,2.6076529892592166
74,7.3001,2.6287323393612994
75,7.4001,2.7969863126823764
76,7.5002,2.6440998799084205
77,7.6002,2.643383436110632
78,7.7002,2.613035154110736
79,7.8002,2.4621335946178515
80,7.9002,2.528805358725407
81,8.0002,2.5147997581788646
82,8.1002,2.68713564729071
83,8.2002,2.5517127660713244
84,8.3002,2.5776629438645413
85,8.4002,2.613624661811256
86,8.5002,2.688676899670362
87,8.6002,2.666986749712393
88,8.7002,2.516818185155386
89,8.8002,2.670641813886819
90,8.9002,2.674405716005194
91,9.0002,2.6831275789235876
92,9.1002,2.7655881005240994
93,9.2002,2.871345754619559
94,9.3002,2.880929324313356
95,9.4002,2.7283461361768446
96,9.5002,2.759244880819689
97,9.6002,2.8688799231123427
98,9.7002,2.857286959454159
99,9.8002,2.8029243023438553
100,9.9002,2.923310297878591
101,10.0002,2.8202876084457933
102,10.1002,2.9301246100521556
103,10.2002,2.8585098867555354
104,10.3002,2.755287296342875
105,10.4002,2.9511178661710864
106,10.5002,3.0412121030130423
107,10.6002,2.983898551295943
108,10.7002,2.962708693564318
109,10.8002,2.8292486696997
110,10.9002,3.05890088737688
111,11.0002,3.0807155291028896
112,11.1002,2.9334473048177703
113,11.2002,3.148388234177549
114,11.3002,3.046279970406614
115,11.4002,3.128133473305978
116,11.5002,3.03248548308118
117,11.6002,3.027225547138618
118,11.7002,2.9853485667658664
119,11.8002,3.110261878776677
120,11.9002,3.0934212464401223
121,12.0002,3.2198476226769865
122,12.1002,3.0474588585043554
123,12.2002,3.022764409151968
124,12.3002,2.8777471040625224
125,12.4002,2.910833586940039
126,12.5002,2.9611294383210502
127,12.6003,2.8917889710905413
128,12.7003,3.2645110176663064
129,12.8003,3.0396229688475036
130,12.9003,3.082070162375124
131,13.0003,3.130542162672022
132,13.1003,3.1011432955370926
133,13.2003,2.872010252579056
134,13.3003,2.631161749201201
135,13.4003,2.702486926980449
136,13.5003,2.815928576036978
137,13.6003,2.8838434188897057
138,13.7003,2.859383484455114
139,13.8003,2.748826403190544
140,13.9003,2.820881274077975
141,14.0003,2.9589914560120074
142,14.1003,2.774442385124774
143,14.2003,2.660361684472034
144,14.3003,2.6934612661086215
145,14.4003,2.7438088990850793
146,14.5003,2.964427251876632
147,14.6003,2.9051967568089414
148,14.7003,2.688609070263008
149,14.8003,2.7534843485115896
150,14.9003,2.910518770700881
151,15.0003,2.8083443330601163
152,15.1003,2.898983590545273
153,15.2003,2.7516000041473268
154,15.3003,2.58192188047534
155,15.4003,2.797164695795779
156,15.5003,2.7612402015677695
157,15.6003,2.8043225210375877
158,15.7003,2.7747995406413968
159,15.8003,2.9929633124429733
160,15.9003,3.022441260421507
161,16.0003,2.873034689787577
162,16.1003,2.925301378896113
163,16.2003,2.770919569838531
164,16.3003,2.9054795709053023
165,16.4003,2.6808574030102577
166,16.5003,2.613936490272955
167,16.6003,2.824482903624495
168,16.7003,2.8704464020300313
169,16.8003,2.7148979280851506
170,16.9003,2.7213884246947435
171,17.0003,2.7493759547533525
172,17.1003,2.631675691445647
173,17.2003,2.7401397193708403
174,17.3003,2.620162286804875
175,17.4003,2.7044646492378086
176,17.5004,2.6389951003931005
177,17.6004,2.755895907231762
178,17.7004,2.933274118414342
179,17.8004,2.8841598945369684
180,17.9004,2.730727582788574
181,18.0004,2.8106644022063048
182,18.1004,2.6372556359689376
183,18.2004,2.696286204520962
184,18.3004,2.830516619410766
185,18.4004,2.8264380076431936
186,18.5004,2.882751009941359
187,18.6004,2.888354860624997
188,18.7004,2.939961630731448
189,18.8004,2.709245257852596
190,18.9004,2.660688098808664
191,19.0004,2.8044485352466038
192,19.1004,2.7453361942131993
193,19.2004,2.81405638733761
194,19.3004,2.8471876577166966
195,19.4004,2.8705100618461943
196,19.5004,2.889887920813531
197,19.6004,2.944189834299781
198,19.7004,2.793391249913165
199,19.8004,2.774888297612915
200,19.9004,2.7639457084857773
201,20.0004,3.0167284318150167
202,20.1004,2.8180336752618254
203,20.2004,3.0209294488442207
204,20.3004,3.0619988356306322
205,20.4004,2.9097993832275053
206,20.5004,2.9117335618072153
207,20.6004,2.8756526954759316
208,20.7004,2.918261558685127
209,20.8004,2.927083925735756
210,20.9004,2.7038676747625
211,21.0004,2.708281421916975
212,21.1004,2.9585318469119186
213,21.2004,2.878662288943029
214,21.3004,2.850781106877993
215,21.4004,3.0102990485656287
216,21.5004,2.849641129663625
217,21.6004,3.0048664014677766
218,21.7004,2.951574928316891
219,21.8004,2.8173709963615097
220,21.9004,2.8526967605886013
221,22.0004,2.8616507199271757
222,22.1004,2.9043102602155035
223,22.2004,2.932375958899095
224,22.3004,2.9507724547035625
225,22.4004,3.0170408392585664
226,22.5005,2.86424087925322
227,22.6005,2.9538015625135365
228,22.7005,2.9650981077034904
229,22.8005,2.8911557358469095
230,22.9005,2.9236456735354777
231,23.0005,2.9896058362771183
232,23.1005,2.982849930062625
233,23.2005,2.9052422828452116
234,23.3005,2.893880601931014
235,23.4005,2.94199750754899
236,23.5005,2.757858871384917
237,23.6005,2.8782877099229753
238,23.7005,3.08814571633238
239,23.8005,3.084225177331711
240,23.9005,3.1980391023617183
241,24.0005,3.1386876496458274
242,24.1005,2.9961240965968208
243,24.2005,2.8615753052528947
244,24.3005,2.9015020605902215
245,24.4005,2.8918066417259403
246,24.5005,2.9622163364775087
247,24.6005,2.7157013962293646
248,24.7005,2.861909405780145
249,24.8005,2.9157306224008357
250,24.9005,2.877849259597395
251,25.0005,2.8504344133424224
252,25.1005,2.7527277853861793
253,25.2005,2.876187276365121
254,25.3005,2.907015626110196
255,25.4005,2.765891985020366
256,25.5005,2.751753877596779
257,25.6005,2.863053925367192
258,25.7005,2.717177794175284
259,25.8005,2.793509308859475
260,25.9005,2.9431753708821087
261,26.0005,2.9449333364278782
262,26.1005,2.996176241267323
263,26.2005,3.0649283965461
264,26.3005,2.9698111835387415
265,26.4005,2.843713075993865
266,26.5005,2.738127145530618
267,26.6005,2.9045592940441898
268,26.7005,2.9518874688304324
269,26.8005,2.8440162974749374
270,26.9005,2.9663519705304777
271,27.0005,3.0992240332224315
272,27.1005,2.908553921170448
273,27.2005,2.760954597585808
274,27.3005,2.761764615079159
275,27.4005,3.039507175875979
276,27.5006,2.8709987838935778
277,27.6006,3.0266330289433325
278,27.7006,3.014504463876937
279,27.8006,2.961819583277734
280,27.9006,2.9641192461448003
281,28.0006,3.038293318192852
282,28.1006,3.0119867718623774
283,28.2006,2.9010337358742557
284,28.3006,2.743339795328418
285,28.4006,2.7567015666413743
286,28.5006,2.740489320223277
287,28.6006,2.852738287116742
288,28.7006,2.804085421344899
289,28.8006,2.876014286637108
290,28.9006,2.8891312540953042
291,29.0006,2.7727356375878
292,29.1006,2.8736965176656346
293,29.2006,2.903136740141497
294,29.3006,2.994274258130914
295,29.4006,2.971219770187496
296,29.5006,2.935168754630308
297,29.6006,2.9240511965350633
298,29.7006,2.7377999470088064
299,29.8006,2.889410490969177
300,29.9006,2.774935709181847
301,30.0006,2.8567632451040565
302,30.1006,2.8889495284528657
303,30.2006,2.8533218379892547
304,30.3006,2.8519498872154068
305,30.4006,2.9334795956250734
306,30.5006,2.767485076957319
307,30.6006,2.90658156160113
308,30.7006,2.822187235262169
309,30.8006,2.669113883757573
310,30.9006,2.6842328050401347
311,31.0006,2.741074556051661
312,31.1006,2.8249778789419033
313,31.2006,3.002478268177027
314,31.3006,2.8708348481540558
315,31.4006,2.7488178067245923
316,31.5006,2.7973359355052465
317,31.6006,2.7348294268304176
318,31.7006,2.8288677660773955
319,31.8006,2.6187394378845648
320,31.9006,2.896195793767659
321,32.0006,2.7774206830634753
322,32.1006,2.9032683264172676
323,32.2006,2.7319115804821097
324,32.3006,2.675561566752629
325,32.4006,2.6458833682005176
326,32.5007,2.5993386791768134
327,32.6007,2.6660762614563773
328,32.7007,2.7105557710374812
329,32.8007,2.9385391108332795
330,32.9007,2.7661360780991453
331,33.0007,2.8397446914079425
332,33.1007,2.7379795339096655
333,33.2007,2.6109821062557295
334,33.3007,2.5458374008517484
335,33.4007,2.596371327606379
336,33.5007,2.8035157952798695
337,33.6007,2.7186886162128974
338,33.7007,2.6886156102633763
339,33.8007,2.6994565319326798
340,33.9007,2.856447314185814
341,34.0007,2.8254617393048957
342,34.1007,2.705046885488988
343,34.2007,2.683693314389737
344,34.3007,2.598377927768059
345,34.4007,2.8278682665087063
346,34.5007,2.679328553955488
347,34.6007,2.62374258572152
348,34.7007,2.530694982719765
349,34.8007,2.751220362059155
350,34.9007,2.7142133753981934
351,35.0007,2.6859407671005577
352,35.1007,2.885181068474723
353,35.2007,2.839972315944172
354,35.3007,2.783681591362724
355,35.4007,2.8766035624849846
356,35.5007,2.865393012424403
357,35.6007,2.7656595138809172
358,35.7007,2.7244679806954206
359,35.8007,2.6913587932538867
360,35.9007,2.6785270037129045
361,36.0007,2.6848591807175413
362,36.1007,2.7749634790752684
363,36.2007,2.786358753931734
364,36.3007,2.5700794422030664
365,36.4007,2.5421324749819623
366,36.5007,2.755395444447182
367,36.6007,2.648637873208958
368,36.7007,2.7640902649625594
369,36.8007,2.6884010583925693
370,36.9007,2.681224043469874
371,37.0007,2.7108401351330014
372,37.1007,2.618225202923454
373,37.2007,2.6230146630474667
374,37.3007,2.7639699594797613
375,37.4007,2.6652462976062132
376,37.5007,2.794580699341235
377,37.6008,2.8376308224760574
378,37.7008,2.8461993778708923
379,37.8008,2.8484638278750536
380,37.9008,2.966577748475612
381,38.0008,2.836921735542105
382,38.1008,2.6432929243885517
383,38.2008,2.7652335517360087
384,38.3008,2.9453925259592313
385,38.4008,2.8023749099466997
386,38.5008,2.6998405911780585
387,38.6008,2.7513189422893687
388,38.7008,2.845506503930913
389,38.8008,2.8038230260459525
390,38.9008,2.9434472925248945
391,39.0008,2.9746336918486875
392,39.1008,2.7275985341488385
393,39.2008,2.814036981873745
394,39.3008,2.793943256896081
395,39.4008,2.807245757883089
396,39.5008,2.689806526929489
397,39.6008,2.8044576075772927
398,39.7008,2.7740907134542714
399,39.8008,2.6935433445756747
400,39.9008,2.7856321047843684
401,40.0008,2.826888955917947
402,40.1008,2.869007850981189
403,40.2008,2.7266629044573087
404,40.3008,2.767031506974082
405,40.4008,2.646025741646041
406,40.5008,2.667703733248952
407,40.6008,2.981895852833915
408,40.7008,2.852665107551778
409,40.8008,2.9401544261396064
410,40.9008,2.803901341928225
411,41.0008,2.8528717087492605
412,41.1008,2.766027318011194
413,41.2008,2.9042796143958154
414,41.3008,2.915316242521475
415,41.4008,2.905574139788693
416,41.5008,2.83835623564979
417,41.6008,2.889335768139417
418,41.7008,2.7558599831058195
419,41.8008,2.8475533252232146
420,41.9008,2.8387737492351404
421,42.0008,2.855494935999767
422,42.1008,2.8340047380206923
423,42.2008,2.690644510318396
424,42.3008,2.873964539418798
425,42.4008,2.790867280746144
426,42.5008,2.950437074044322
427,42.6009,2.8746554701827836
428,42.7009,2.9257525358068692
429,42.8009,2.9753290730614332
430,42.9009,2.7081214418945625
431,43.0009,2.7275338901961392
432,43.1009,2.8717809591530523
433,43.2009,2.7137127539097725
434,43.3009,2.767883383686485
435,43.4009,2.7485696874406798
436,43.5009,2.9043673309594036
437,43.6009,2.8322914324085433
438,43.7009,2.795265140257908
439,43.8009,2.725045924287936
440,43.9009,2.9265229016074104
441,44.0009,2.8995066907960423
442,44.1009,2.7783358392584128
443,44.2009,2.9283662095799223
444,44.3009,2.864057536596693
445,44.4009,2.7705050836663454
446,44.5009,2.7600474625241787
447,44.6009,2.964900675541651
448,44.7009,2.8478343384660993
449,44.8009,2.764556722385196
450,44.9009,2.7753417743483686
451,45.0009,2.8828796829571997
452,45.1009,2.99865947926595
453,45.2009,2.8726561545692193
454,45.3009,2.8577980090867863
455,45.4009,3.008436287070538
456,45.5009,2.8852189332790306
457,45.6009,2.875894121333444
458,45.7009,2.97417694040605
459,45.8009,2.9929589719820187
460,45.9009,2.992456355163744
461,46.0009,2.847908104038075
462,46.1009,2.9025002829740125
463,46.2009,2.867672474915199
464,46.3009,2.8776002426908605
465,46.4009,2.8198714591464364
466,46.5009,2.7122137706095057
467,46.6009,2.8654502781327142
468,46.7009,2.8506457454726486
469,46.8009,2.7815826210070096
470,46.9009,2.7584536303789156
471,47.0009,2.76676536351176
472,47.1009,2.789225533313882
473,47.2009,2.860811540210329
474,47.3009,2.7974532683417066
475,47.4009,2.8375820243418937
476,47.501,2.9650891970247124
477,47.601,2.955213608717566
478,47.701,2.7365179902507064
479,47.801,2.886483809098249
480,47.901,3.0080589276310867
481,48.001,3.0055628000645207
482,48.101,3.082597803255367
483,48.201,3.1101139814327627
484,48.301,3.17921869198814
485,48.401,3.226621025549623
486,48.501,3.1369190747720794
487,48.601,3.0763074847646896
488,48.701,3.153828414013653
489,48.801,3.3033620512484574
490,48.901,3.04287234862588
491,49.001,3.2095377867450945
492,49.101,3.1287544122134365
493,49.201,2.9005276492663965
494,49.301,2.958422340972276
495,49.401,2.7640915190770246
496,49.501,2.930998753130893
497,49.601,3.183764525261688
498,49.701,3.1299704614171677
499,49.801,2.9325579370005372
500,49.901,3.0763018895681404
501,50.001,2.931358891231655
502,50.101,3.1997747970446757
503,50.201,3.1311007871875267
504,50.301,2.9783675064990605
505,50.401,3.0820333788781777
506,50.501,3.2749123914849365
507,50.601,2.9364396455451804
508,50.701,3.020926757450602
509,50.801,2.8816798062919893
510,50.901,3.0730414195381717
511,51.001,3.157361145853904
512,51.101,2.877036352772592
513,51.201,2.89925918992934
514,51.301,3.143909607791226
515,51.401,3.0443562044064856
516,51.501,3.1556510566988982
517,51.601,2.961137400578495
518,51.701,3.0750759303713937
519,51.801,3.119587422094491
520,51.901,2.966574902192172
521,52.001,2.8920775369769167
522,52.101,2.9531861603160574
523,52.201,3.0835219530404694
524,52.301,2.984750741983679
525,52.401,2.997225041822394
526,52.5011,3.0628349791852596
527,52.6011,3.3007488830144007
528,52.7011,3.0813107010634195
529,52.8011,3.0356768325343197
530,52.9011,3.2367136604970606
531,53.0011,3.1354578443544567
532,53.1011,3.3718301023871233
533,53.2011,3.1889686207183523
534,53.3011,3.1050811303965733
535,53.4011,3.1579443579668167
536,53.5011,3.413166099924833
537,53.6011,3.243390213097921
538,53.7011,3.0043507184865073
539,53.8011,3.1087081413971456
540,53.9011,3.26490362125508
541,54.0011,3.1707250451913267
542,54.1011,3.2737625303068882
543,54.2011,3.2695467417029387
544,54.3011,3.1712280726364157
545,54.4011,3.204408038266103
546,54.5011,3.124000571772279
547,54.6011,3.0940563671617816
548,54.7011,3.0115092111825086
549,54.8011,3.032165219548136
550,54.9011,3.097495495550292
551,55.0011,2.957851536633208
552,55.1011,2.934248001714031
553,55.2011,3.0979775139236176
554,55.3011,3.1974829392186455
555,55.4011,3.173576527084127
556,55.5011,3.302374209481277
557,55.6011,3.147688153627642
558,55.7011,3.1144906613494694
559,55.8011,3.0632951817211915
560,55.9011,3.290698979067498
561,56.0011,3.1832008667252296
562,56.1011,3.1311874230259855
563,56.2011,3.1958383966135435
564,56.3011,3.1688552718571503
565,56.4011,3.2314625945384154
566,56.5011,3.353284796693076
567,56.6011,3.3303074575340923
568,56.7011,3.3515584459431595
569,56.8011,3.374073589003939
570,56.9011,3.150929213141721
571,57.0011,3.129045269647879
572,57.1011,3.027759454446845
573,57.2011,3.134276174326416
574,57.3011,3.0808903087831605
575,57.4011,3.1463562494344983
576,57.5012,3.126323091116359
577,57.6012,2.962414348881444
578,57.7012,3.24405412481153
579,57.8012,3.1748139195112484
580,57.9012,3.279766545601932
581,58.0012,3.1995277692900843
582,58.1012,3.2265372760015274
583,58.2012,3.2436661759923147
584,58.3012,3.1584910592976363
585,58.4012,3.2479643570968406
586,58.5012,3.148451732510323
587,58.6012,3.178426416887567
588,58.7012,3.2229210203200283
589,58.8012,3.1119605905274557
590,58.9012,3.1748137373594463
591,59.0012,3.330765523204755
592,59.1012,3.256730797696338
593,59.2012,3.193230790494982
594,59.3012,3.0711950377916715
595,59.4012,3.047012116853066
596,59.5012,3.106769450939334
597,59.6012,3.150113960911997
598,59.7012,3.0654877603738497
599,59.8012,3.0255685296027415
600,59.9012,3.0475544092492313
601,60.0012,2.959470498104673
602,60.1012,3.0977175587336756
603,60.2012,3.1661667573908456
604,60.3012,3.0869883145605863
605,60.4012,3.3196315775553744
606,60.5012,3.0564844612744304
607,60.6012,3.1609529707592854
608,60.7012,3.171791690739492
609,60.8012,3.3361742603138493
610,60.9012,3.280513696379286
611,61.0012,3.3083373496933186
612,61.1012,3.2968113824793304
613,61.2012,3.45906054687282
614,61.3012,3.6094571423957404
615,61.4012,3.419042207639105
616,61.5012,3.4073916044649386
617,61.6012,3.2748421463856108
618,61.7012,3.105807820625128
619,61.8012,3.19020865843951
620,61.9012,3.1881032791213473
621,62.0012,3.279915941057176
622,62.1012,3.3257377828578045
623,62.2012,3.3641354259176457
624,62.3012,3.2640323716657713
625,62.4012,3.1297137696637773
626,62.5012,3.163040988576457
627,62.6013,3.2086839812412005
628,62.7013,3.195153698800046
629,62.8013,3.1997461062113732
630,62.9013,3.1212124610012713
631,63.0013,3.27083948793473
632,63.1013,3.1771131042828302
633,63.2013,3.042924935456859
634,63.3013,3.061610131553198
635,63.4013,3.2521982023160456
636,63.5013,3.2015275870723148
637,63.6013,3.219987205464035
638,63.7013,2.9976477011043703
639,63.8013,3.409207427298919
640,63.9013,3.307793104109063
641,64.0013,3.1164763829462974
642,64.1013,3.2541904216114848
643,64.2013,3.334743200907082
644,64.3013,3.407645427590782
645,64.4013,3.1948336830505837
646,64.5013,3.2096456482789217
647,64.6013,3.1090834320646654
648,64.7013,3.2643459570010886
649,64.8013,3.3072440146922157
650,64.9013,3.4957560649617947
651,65.0013,3.358741075402227
652,65.1013,3.2866613688681188
653,65.2013,3.1556574906872976
654,65.3013,3.1140388314178313
655,65.4013,3.270142389969658
656,65.5013,3.155458654203552
657,65.6013,3.0641330738510395
658,65.7013,3.150792133621247
659,65.8013,3.208241735310009
660,65.9013,3.176097054776052
661,66.0013,3.1017415710887697
662,66.1013,3.1631783640586417
663,66.2013,3.231053865498746
664,66.3013,3.265379669928264
665,66.4013,3.2347076071569214
666,66.5013,3.199470321151055
667,66.6013,3.2418097533485732
668,66.7013,3.173362227802808
669,66.8013,3.211902465621803
670,66.9013,3.1265540372579825
671,67.0013,3.0782789783631435
672,67.1013,3.1242563406417414
673,67.2013,3.345665175541272
674,67.3013,3.2860099566370384
675,67.4013,3.2694948415244025
676,67.5014,3.4486110145683435
677,67.6014,3.4317760659455097
678,67.7014,3.4047344670286113
679,67.8014,3.4067824483458637
680,67.9014,3.3286010094044354
681,68.0014,3.189217009800051
682,68.1014,3.230597466378174
683,68.2014,3.3815316483440334
684,68.3014,3.105220341698958
685,68.4014,3.3526724705686437
686,68.5014,3.4873989606587084
687,68.6014,3.271752340413044
688,68.7014,3.096883598602267
689,68.8014,3.2460195417477293
690,68.9014,3.1563462926602894
691,69.0014,3.1720111765144825
692,69.1014,3.2141653033047564
693,69.2014,2.9445540247980033
694,69.3014,3.0759054062720255
695,69.4014,3.1075784094194225
696,69.5014,3.2132132710648302
697,69.6014,3.0018935366042596
698,69.7014,3.2658902111657926
699,69.8014,3.130481334751791
700,69.9014,3.1944981443033593
701,70.0014,3.2903268978201443
702,70.1014,3.1926935347813195
703,70.2014,2.8736310316084324
704,70.3014,2.988376950345326
705,70.4014,3.032635574990328
706,70.5014,2.9633274312840054
707,70.6014,3.1564764088503994
708,70.7014,3.1453116026910717
709,70.8014,3.180032984119083
710,70.9014,3.0793953111715697
711,71.0014,3.1771327133166603
712,71.1014,3.0854806650232978
713,71.2014,3.0671092690843516
714,71.3014,3.0106809521487845
715,71.4014,3.17265913209467
716,71.5014,3.0886743711726963
717,71.6014,3.036282556744936
718,71.7014,2.936158908083908
719,71.8014,2.8001083049335946
720,71.9014,2.9465402713765045
721,72.0014,3.048521163715807
722,72.1014,3.0252018756879755
723,72.2014,3.214468438861994
724,72.3014,2.959449608810513
725,72.4014,3.09400291520759
726,72.5014,3.060886967138391
727,72.6015,3.138428123754539
728,72.7015,2.944680914588922
729,72.8015,3.046860142091985
730,72.9015,2.906466429677345
731,73.0015,2.9267520278046852
732,73.1015,2.8762306083157494
733,73.2015,2.685966976924015
734,73.3015,2.801118602818569
735,73.4015,2.6156672127622707
736,73.5015,2.8688063074968366
737,73.6015,2.9482723572083414
738,73.7015,2.834311240299844
739,73.8015,2.7251325499968635
740,73.9015,2.7748297654047027
741,74.0015,2.7580069787951147
742,74.1015,2.8908609501087756
743,74.2015,3.0770047975195935
744,74.3015,3.078911502031722
745,74.4015,2.8731957942763824
746,74.5015,2.90846310887008
747,74.6015,2.922481986285113
748,74.7015,2.856465146133356
749,74.8015,2.891195743726807
750,74.9015,2.9028376572231473
751,75.0015,2.9473502861124823
752,75.1015,2.8067477575703936
753,75.2015,2.8806533537122987
754,75.3015,3.083466998381844
755,75.4015,3.017178835427542
756,75.5015,3.0211319456518995
757,75.6015,2.981772558373278
758,75.7015,3.0673446430455438
759,75.8015,2.883799987133274
760,75.9015,2.8721009889862135
761,76.0015,2.824159397245693
762,76.1015,2.842180272284735
763,76.2015,2.8327173603607387
764,76.3015,2.8684040131645516
765,76.4015,3.0241994034324207
766,76.5015,3.0734145302863842
767,76.6015,2.9759140198075595
768,76.7015,3.0602092975810438
769,76.8015,3.338069617057605
770,76.9015,3.5555791156325225
771,77.0015,3.3535977530529393
772,77.1015,3.2776528536118534
773,77.2015,3.289729454634162
774,77.3015,3.2935617442681786
775,77.4015,3.157555049406059
776,77.5016,3.236331843954126
777,77.6016,3.294878944270259
778,77.7016,3.2859129731907366
779,77.8016,3.211584383695655
780,77.9016,3.29540693367543
781,78.0016,3.357571232002277
782,78.1016,3.5288114777733806
783,78.2016,3.1993996015740507
784,78.3016,3.04118000743395
785,78.4016,3.246637936237412
786,78.5016,3.3059115144041016
787,78.6016,3.206123693375398
788,78.7016,3.048665616206636
789,78.8016,3.1188245012796307
790,78.9016,3.1582035568549522
791,79.0016,3.160901391986234
792,79.1016,3.1551552582382607
793,79.2016,3.1742469466389043
794,79.3016,3.1120555678728596
795,79.4016,3.19445590033116
796,79.5016,3.1771051067362963
797,79.6016,3.145837641654288
798,79.7016,3.2122675372443945
799,79.8016,3.2003210512146185
800,79.9016,2.994407805782483
801,80.0016,3.0444471090681473
802,80.1016,3.0779784418247114
803,80.2016,3.184496558841744
804,80.3016,3.0267779767224394
805,80.4016,3.0876985862883664
806,80.5016,3.1327454088223172
807,80.6016,3.070600910218242
808,80.7016,3.065680530537622
809,80.8016,3.253005050861347
810,80.9016,3.0368872850340742
811,81.0016,3.042565180501141
812,81.1016,3.1141496915321687
813,81.2016,3.3005160350580995
814,81.3016,3.3284652105500396
815,81.4016,3.332273997400864
816,81.5016,3.2691652593163525
817,81.6016,3.262668164189092
818,81.7016,3.1575444412549385
819,81.8016,3.1624746354288913
820,81.9016,3.3009107689658985
821,82.0016,3.1997368129328554
822,82.1016,3.0858194200102647
823,82.2016,3.310344562037835
824,82.3016,3.371858003934929
825,82.4016,3.3742584130512068
826,82.5017,3.3605234696650577
827,82.6017,3.3630026817494376
828,82.7017,3.3783047726241717
829,82.8017,3.3730463387432916
830,82.9017,3.6684992724109153
831,83.0017,3.3708113014299634
832,83.1017,3.3769016569589487
833,83.2017,3.3062212664563346
834,83.3017,3.3825592574147856
835,83.4017,3.364851501617112
836,83.5017,3.4336259655853913
837,83.6017,3.4386399949261475
838,83.7017,3.409169864889618
839,83.8017,3.3166623888544815
840,83.9017,3.4392692848451993
841,84.0017,3.4761003265805805
842,84.1017,3.4452949775671478
843,84.2017,3.4814926042716197
844,84.3017,3.336369155097302
845,84.4017,3.472698176180697
846,84.5017,3.5035459052400126
847,84.6017,3.390663284020225
848,84.7017,3.297484511683615
849,84.8017,3.345729454663126
850,84.9017,3.371474914612091
851,85.0017,3.3273792674883045
852,85.1017,3.498655467959764
853,85.2017,3.2710025201759976
854,85.3017,3.259501774291007
855,85.4017,3.3534352253594673
856,85.5017,3.3423310444795007
857,85.6017,3.3069078131131935
858,85.7017,3.3635714760009714
859,85.8017,3.3469403389204397
860,85.9017,3.3347874746476895
861,86.0017,3.367231440055892
862,86.1017,3.3164828494749257
863,86.2017,3.35094858051415
864,86.3017,3.441694554288463
865,86.4017,3.2927143647138477
866,86.5017,3.3955159540359987
867,86.6017,3.5014125157937297
868,86.7017,3.2339248526712137
869,86.8017,3.3423420892790885
870,86.9017,3.5697389660640764
871,87.0017,3.581023499759715
872,87.1017,3.360760314537192
873,87.2017,3.349457814782236
874,87.3017,3.3804844138856183
875,87.4017,3.4325242389372645
876,87.5018,3.3860872362340517
877,87.6018,3.375199410311464
878,87.7018,3.218337683858746
879,87.8018,3.3024221379011385
880,87.9018,3.2122872168328933
881,88.0018,3.3065188337586373
882,88.1018,3.4448907585078867
883,88.2018,3.3819387821169578
884,88.3018,3.4751424741390102
885,88.4018,3.2858816366673835
886,88.5018,3.505459320936247
887,88.6018,3.4426822670353454
888,88.7018,3.381358175146233
889,88.8018,3.346703077790901
890,88.9018,3.373934507754249
891,89.0018,3.399728064834664
892,89.1018,3.392838564560251
893,89.2018,3.36368850019267
894,89.3018,3.327166957262942
895,89.4018,3.3467949683319125
896,89.5018,3.2746821999269677
897,89.6018,3.2377018790313024
898,89.7018,3.216204327309225
899,89.8018,3.274894437288373
900,89.9018,3.418377508174256
901,90.0018,3.26535300816994
902,90.1018,3.371905031477385
903,90.2018,3.330050949490601
904,90.3018,3.304759433389853
905,90.4018,3.2829587824357476
906,90.5018,3.2525801261859013
907,90.6018,3.342109060746879
908,90.7018,3.2294650495515875
909,90.8018,3.4121050551243504
910,90.9018,3.3478692871099898
911,91.0018,3.3803969543885084
912,91.1018,3.299305344573949
913,91.2018,3.5409065727048707
914,91.3018,3.588938306626984
915,91.4018,3.680515879669715
916,91.5018,3.4283966394572576
917,91.6018,3.421622667542478
918,91.7018,3.2906190536522613
919,91.8018,3.245510124405068
920,91.9018,3.2900175734659785
921,92.0018,3.2931352060962196
922,92.1018,3.218192924746222
923,92.2018,3.2666751568126315
924,92.3018,3.2912032436956142
925,92.4018,3.3464558057767264
926,92.5019,3.443461609601144
927,92.6019,3.5802256366345886
928,92.7019,3.417191700398622
929,92.8019,3.446179523821049
930,92.9019,3.477705599068185
931,93.0019,3.517389041885879
932,93.1019,3.371602834025566
933,93.2019,3.3385125937725815
934,93.3019,3.330298821538354
935,93.4019,3.4613982046748073
936,93.5019,3.4183221457075175
937,93.6019,3.5177481602504095
938,93.7019,3.3757988910477237
939,93.8019,3.5090184055389675
940,93.9019,3.4876200186953477
941,94.0019,3.3828543054875966
942,94.1019,3.4459962950647816
943,94.2019,3.4306083810279144
944,94.3019,3.446074933397653
945,94.4019,3.3765854917335334
946,94.5019,3.2425731153874664
947,94.6019,3.38512498691897
948,94.7019,3.4053013375192616
949,94.8019,3.49172709439725
950,94.9019,3.480272300843
951,95.0019,3.4715898717156697
952,95.1019,3.5262039997377594
953,95.2019,3.404650386758732
954,95.3019,3.4321703876210274
955,95.4019,3.5428544940259883
956,95.5019,3.615313825912978
957,95.6019,3.522451744712187
958,95.7019,3.6555890272994533
959,95.8019,3.458853452626253
960,95.9019,3.607641939918154
961,96.0019,3.57806105217468
962,96.1019,3.618455468566917
963,96.2019,3.343919540467956
964,96.3019,3.5315677676163135
965,96.4019,3.388490435162115
966,96.5019,3.5250917508539055
967,96.6019,3.4195922554980935
968,96.7019,3.4039117240713104
969,96.8019,3.4128880292959693
970,96.9019,3.4642828694705177
971,97.0019,3.4871765388981153
972,97.1019,3.407315439401023
973,97.2019,3.373514631966722
974,97.3019,3.346391905826298
975,97.4019,3.2859574502820394
976,97.5019,3.364391580803593
977,97.602,3.3910424840370235
978,97.702,3.407017261245185
979,97.802,3.4027127193510407
980,97.902,3.46068006033673
981,98.002,3.3254342125593963
982,98.102,3.427864382805467
983,98.202,3.4083565513371346
984,98.302,3.3442993606061426
985,98.402,3.499981179180647
986,98.502,3.36090334435832
987,98.602,3.4077950601458413
988,98.702,3.4424607537448213
989,98.802,3.4072741733582723
990,98.902,3.3092972526582525
991,99.002,3.3384949162826882
992,99.102,3.317388442566687
993,99.202,3.388251487157184
994,99.302,3.3215422562580748
995,99.402,3.4469814425752454
996,99.502,3.227615439758692
997,99.602,3.4166564589580575
998,99.702,3.31012164202469
999,99.802,3.2361733246177375
1000,99.902,3.344156805276107
1001,100.002,3.1796958531389024
1002,100.102,3.203437287306582
1003,100.202,3.243295656628572
1004,100.302,3.1994638978124335
1005,100.402,3.266617104436464
1006,100.502,3.5182475761084033
1007,100.602,3.360361386046594
1008,100.702,3.43521898164852
1009,100.802,3.2994596850550315
1010,100.902,3.288963375047558
1011,101.002,3.3185262032489304
1012,101.102,3.3796441138539763
1013,101.202,3.3200367746514754
1014,101.302,3.394440985701963
1015,101.402,3.4169925428589405
1016,101.502,3.2513519936596675
1017,101.602,3.3384806757665446
1018,101.702,3.2571585102485945
1019,101.802,3.2534776590591963
1020,101.902,3.291010975838719
1021,102.002,3.2833674947251406
1022,102.102,3.16076362821978
1023,102.202,3.3069483711958276
1024,102.302,3.4612952499412866
1025,102.402,3.3439230413393193
1026,102.502,3.3768375364172316
1027,102.6021,3.49200191937764
1028,102.7021,3.371852762779341
1029,102.8021,3.454037237896149
1030,102.9021,3.2875639351137385
1031,103.0021,3.2084947629891096
1032,103.1021,3.3364379337249015
1033,103.2021,3.3726879218074437
1034,103.3021,3.4067524729124274
1035,103.4021,3.281023235174172
1036,103.5021,3.2414340713665197
1037,103.6021,3.097668757362844
1038,103.7021,3.3164365321020672
1039,103.8021,3.153341709758285
1040,103.9021,3.271457603437401
1041,104.0021,3.425698402138482
1042,104.1021,3.290222549212667
1043,104.2021,3.278070002983702
1044,104.3021,3.3866246597277323
1045,104.4021,3.2460585833916578
1046,104.5021,3.241899262491984
1047,104.6021,3.410165897951209
1048,104.7021,3.4890675357763596
1049,104.8021,3.212649181822342
1050,104.9021,3.3109423313574493
1051,105.0021,3.298604755179101
1052,105.1021,3.374773856128142
1053,105.2021,3.4100831269915854
1054,105.3021,3.298768003631931
1055,105.4021,3.414524767148488
1056,105.5021,3.3790215742255807
1057,105.6021,3.389485851032641
1058,105.7021,3.463871639579685
1059,105.8021,3.4019111677052316
1060,105.9021,3.4464237610659603
1061,106.0021,3.388479429274988
1062,106.1021,3.3296111296328696
1063,106.2021,3.490035696879021
1064,106.3021,3.3746273817623527
1065,106.4021,3.5583216763932857
1066,106.5021,3.4497995684834954
1067,106.6021,3.41632652970362
1068,106.7021,3.2661491842028445
1069,106.8021,3.3999814658060696
1070,106.9021,3.4835983178298697
1071,107.0021,3.49572544310265
1072,107.1021,3.4649390525480688
1073,107.2021,3.2712211867247487
1074,107.3021,3.1941397912999556
1075,107.4021,3.4659983327990758
1076,107.5022,3.447889427795978
1077,107.6022,3.469387552513876
1078,107.7022,3.430615923845326
1079,107.8022,3.267269654152723
1080,107.9022,3.242152192689844
1081,108.0022,3.2635419800828975
1082,108.1022,3.3831865658930913
1083,108.2022,3.2099070063072284
1084,108.3022,3.273855404324678
1085,108.4022,3.0733511020141697
1086,108.5022,3.1389221393446
1087,108.6022,3.3385278495015704
1088,108.7022,3.0904616854594713
1089,108.8022,3.4204008929512755
1090,108.9022,3.31886424073434
1091,109.0022,3.2576955851533596
1092,109.1022,3.3041892156864194
1093,109.2022,3.4058718976224136
1094,109.3022,3.347498599184876
1095,109.4022,3.3743319792322484
1096,109.5022,3.3102869760813465
1097,109.6022,3.3553472892693295
1098,109.7022,3.446917906671355
1099,109.8022,3.333750284585612
1100,109.9022,3.3371987399769756
1101,110.0022,3.410803953309927
1102,110.1022,3.377448995923949
1103,110.2022,3.3369267364719897
1104,110.3022,3.31352374347855
1105,110.4022,3.322803601463672
1106,110.5022,3.3108756538394553
1107,110.6022,3.393869565112842
1108,110.7022,3.4832672209044238
1109,110.8022,3.2981696576295936
1110,110.9022,3.2745150924856214
1111,111.0022,3.273874482873916
1112,111.1022,3.305005086030467
1113,111.2022,3.157379336067511
1114,111.3022,3.314561265932698
1115,111.4022,3.2939194107266174
1116,111.5022,3.345234074707556
1117,111.6022,3.2846927105201202
1118,111.7022,3.435163474218814
1119,111.8022,3.38394257521755
1120,111.9022,3.298567952716804
1121,112.0022,3.6196468069918386
1122,112.1022,3.5416608958279405
1123,112.2022,3.416920367854808
1124,112.3022,3.4220917267333624
1125,112.4022,3.412558570222208
1126,112.5023,3.3801530538960134
1127,112.6023,3.3696247824608103
1128,112.7023,3.363578103621029
1129,112.8023,3.3460820523694403
1130,112.9023,3.3170500154544
1131,113.0023,3.444766178796511
1132,113.1023,3.518527713571651
1133,113.2023,3.4489020232133347
1134,113.3023,3.5298331522694766
1135,113.4023,3.395268084128771
1136,113.5023,3.426305634466541
1137,113.6023,3.4753435873748093
1138,113.7023,3.3871174490160616
1139,113.8023,3.378202593454325
1140,113.9023,3.516123539004317
1141,114.0023,3.4589318179383532
1142,114.1023,3.4450420302532683
1143,114.2023,3.335672646513074
1144,114.3023,3.3461097747497095
1145,114.4023,3.3311872895384593
1146,114.5023,3.257904720757384
1147,114.6023,3.3385246568192692
1148,114.7023,3.393102078831507
1149,114.8023,3.395591646914811
1150,114.9023,3.299783441909925
1151,115.0023,3.2619748748060613
1152,115.1023,3.3238283371023343
1153,115.2023,3.2711686458218927
1154,115.3023,3.449434364318721
1155,115.4023,3.4422138660433825
1156,115.5023,3.3746964385399356
1157,115.6023,3.294006285281412
1158,115.7023,3.381932131838439
1159,115.8023,3.501302279882052
1160,115.9023,3.510818984363958
1161,116.0023,3.5089508463092662
1162,116.1023,3.31560570859182
1163,116.2023,3.4017616207531653
1164,116.3023,3.5726310996441852
1165,116.4023,3.42709198028872
1166,116.5023,3.461177947161288
1167,116.6023,3.462135086455039
1168,116.7023,3.531020555009742
1169,116.8023,3.500844561922604
1170,116.9023,3.6810729028442077
1171,117.0023,3.690992408780025
1172,117.1023,3.4651446678071234
1173,117.2023,3.491373676383111
1174,117.3023,3.722925215054406
1175,117.4023,3.549748257220453
1176,117.5024,3.6083336343051906
1177,117.6024,3.403113532516373
1178,117.7024,3.3746734349486873
1179,117.8024,3.3964267682343627
1180,117.9024,3.343871311887896
1181,118.0024,3.3274350929471446
1182,118.1024,3.4611367675609195
1183,118.2024,3.6963003340783964
1184,118.3024,3.615032097247377
1185,118.4024,3.4525964856166924
1186,118.5024,3.391863995198605
1187,118.6024,3.326632032786532
1188,118.7024,3.638502360568898
1189,118.8024,3.318243899185682
1190,118.9024,3.4225878657883895
1191,119.0024,3.4587506015896317
1192,119.1024,3.6116472326633184
1193,119.2024,3.5129242705551453
1194,119.3024,3.55189187147755
1195,119.4024,3.5117425174879457
1196,119.5024,3.4938753506336284
1197,119.6024,3.500426199268576
1198,119.7024,3.4654761204956364
1199,119.8024,3.3599129606281255
1200,119.9024,3.471335894827043
1201,120.0024,3.333557717987863
1202,120.1024,3.3398115818052254
1203,120.2024,3.439718225099278
1204,120.3024,3.363923361075047
1205,120.4024,3.5244274291956676
1206,120.5024,3.3363760519965093
1207,120.6024,3.424497121482617
1208,120.7024,3.32846864915806
1209,120.8024,3.3632011120520047
1210,120.9024,3.3727112475994523
1211,121.0024,3.3089360042790092
1212,121.1024,3.521947319279606
1213,121.2024,3.4180300173954223
1214,121.3024,3.5179186855981053
1215,121.4024,3.6840949367749447
1216,121.5024,3.421110025517477
1217,121.6024,3.4288588909572675
1218,121.7024,3.4430854033022933
1219,121.8024,3.4370077885002774
1220,121.9024,3.3835762903839455
1221,122.0024,3.377802899734697
1222,122.1024,3.4019395828053027
1223,122.2024,3.271315933150421
1224,122.3024,3.3557773670919064
1225,122.4024,3.3402936295439196
1226,122.5024,3.4176051484975454
1227,122.6025,3.3526227201021563
1228,122.7025,3.3937220729676882
1229,122.8025,3.286385732886199
1230,122.9025,3.280293544050803
1231,123.0025,3.437149622408856
1232,123.1025,3.6650224364246973
1233,123.2025,3.23655641297136
1234,123.3025,3.3573755281301496
1235,123.4025,3.335970650383991
1236,123.5025,3.4207321365624215
1237,123.6025,3.3953287114645754
1238,123.7025,3.3833173348801187
1239,123.8025,3.3679760920007986
1240,123.9025,3.3806199634354464
1241,124.0025,3.396421206569982
1242,124.1025,3.3870325064628144
1243,124.2025,3.4296768658961136
1244,124.3025,3.410346019449287
1245,124.4025,3.302988332202001
1246,124.5025,3.3767528958272
1247,124.6025,3.40109279512908
1248,124.7025,3.331629469829725
1249,124.8025,3.4249499082041623
1250,124.9025,3.35141597545312
1251,125.0025,3.415255838941975
1252,125.1025,3.449609958276765
1253,125.2025,3.5056269461299823
1254,125.3025,3.4315533843304125
1255,125.4025,3.3028375395514185
1256,125.5025,3.338292986306208
1257,125.6025,3.4531344016488092
1258,125.7025,3.3495790959972407
1259,125.8025,3.4745387867991755
1260,125.9025,3.292436740789457
1261,126.0025,3.3336646875563116
1262,126.1025,3.243542818715394
1263,126.2025,3.301584925136874
1264,126.3025,3.193782960918769
1265,126.4025,3.210918441767588
1266,126.5025,3.3416478699491994
1267,126.6025,3.253092338434157
1268,126.7025,3.2662028311231754
1269,126.8025,3.3540680877306834
1270,126.9025,3.302687137489495
1271,127.0025,3.381955599825009
1272,127.1025,3.326381720229657
1273,127.2025,3.428638256850965
1274,127.3025,3.4625263082856237
1275,127.4025,3.306683844049127
1276,127.5025,3.297172281170181
1277,127.6026,3.383063767018244
1278,127.7026,3.3024038872211885
1279,127.8026,3.4135484609114464
1280,127.9026,3.2858497992571123
1281,128.0026,3.404610984845099
1282,128.1026,3.393097392476649
1283,128.2026,3.3380797959514967
1284,128.3026,3.2791459322986074
1285,128.4026,3.1661345746152323
1286,128.5026,3.266645457028804
1287,128.6026,3.2372159876321756
1288,128.7026,3.142031822876358
1289,128.8026,3.2813072984210128
1290,128.9026,3.2928080973563367
1291,129.0026,3.3403001956705896
1292,129.1026,3.3535951912263458
1293,129.2026,3.317427700264033
1294,129.3026,3.2791330075113616
1295,129.4026,3.4597213562049327
1296,129.5026,3.3049797516017634
1297,129.6026,3.4743997834613003
1298,129.7026,3.349067922496179
1299,129.8026,3.314991876960588
1300,129.9026,3.2859957203637844
1301,130.0026,3.347288660040276
1302,130.1026,3.288790166543773
1303,130.2026,3.3721418193948924
1304,130.3026,3.330775057311364
1305,130.4026,3.4301855508244485
1306,130.5026,3.4176375938455443
1307,130.6026,3.3233920662318575
1308,130.7026,3.4435087428217317
1309,130.8026,3.326494258362398
1310,130.9026,3.3245077013535194
1311,131.0026,3.4298153674818272
1312,131.1026,3.4939288870641656
1313,131.2026,3.473166011345232
1314,131.3026,3.476393027122607
1315,131.4026,3.270300045172448
1316,131.5026,3.455010716916927
1317,131.6026,3.3903619674894165
1318,131.7026,3.425231243025237
1319,131.8026,3.3933494563887643
1320,131.9026,3.3558504807727645
1321,132.0026,3.3711667055561287
1322,132.1026,3.3344408447130713
1323,132.2026,3.508323114483184
1324,132.3026,3.6263994303348084
1325,132.4026,3.5115632912278505
1326,132.5026,3.5419230117639726
1327,132.6027,3.5569287623139125
1328,132.7027,3.536532759998108
1329,132.8027,3.555358256320255
1330,132.9027,3.3100949449925667
1331,133.0027,3.407134598694105
1332,133.1027,3.462279407060542
1333,133.2027,3.485496995995218
1334,133.3027,3.453535070511525
1335,133.4027,3.4916307455311304
1336,133.5027,3.323775558805938
1337,133.6027,3.464604642377732
1338,133.7027,3.4324961706179775
1339,133.8027,3.402707816321864
1340,133.9027,3.309229231209395
1341,134.0027,3.520961752578491
1342,134.1027,3.433165736256406
1343,134.2027,3.4341615278061006
1344,134.3027,3.4133022143565905
1345,134.4027,3.4010517907831033
1346,134.5027,3.4107376067035857
1347,134.6027,3.382262544001199
1348,134.7027,3.469347155317307
1349,134.8027,3.3623269457958043
1350,134.9027,3.485302872010668
1351,135.0027,3.31242613849626
1352,135.1027,3.32564401720153
1353,135.2027,3.3126952930255165
1354,135.3027,3.2741908346603377
1355,135.4027,3.3313445107178143
1356,135.5027,3.3975471906279684
1357,135.6027,3.3538839931610425
1358,135.7027,3.3458989347198704
1359,135.8027,3.3791431221940877
1360,135.9027,3.361789871979762
1361,136.0027,3.3118210407503748
1362,136.1027,3.3046110407926528
1363,136.2027,3.273383070408932
1364,136.3027,3.3505462232091565
1365,136.4027,3.363103715245335
1366,136.5027,3.349882158306126
1367,136.6027,3.314608042857816
1368,136.7027,3.2537404642617394
1369,136.8027,3.3371267521809767
1370,136.9027,3.4143584650189016
1371,137.0027,3.4711938010531322
1372,137.1027,3.323843025863974
1373,137.2027,3.369003821158883
1374,137.3027,3.4190504473830834
1375,137.4027,3.3011876220844028
1376,137.5027,3.3471581462159317
1377,137.6028,3.384736549753906
1378,137.7028,3.3817950481273438
1379,137.8028,3.45179930176425
1380,137.9028,3.366454549380301
1381,138.0028,3.4145719961349514
1382,138.1028,3.370066665879487
1383,138.2028,3.3877959942524405
1384,138.3028,3.2682471730937657
1385,138.4028,3.2543996567594045
1386,138.5028,3.294632341079989
1387,138.6028,3.3516555889168536
1388,138.7028,3.351212036639303
1389,138.8028,3.3107744423413794
1390,138.9028,3.256023187338635
1391,139.0028,3.5198066502918643
1392,139.1028,3.488608307080657
1393,139.2028,3.323632428407755
1394,139.3028,3.339668493108148
1395,139.4028,3.4524868500087744
1396,139.5028,3.4082103170539715
1397,139.6028,3.2686043679830674
1398,139.7028,3.318597986864178
1399,139.8028,3.2312848379244814
1400,139.9028,3.3249250410208258
1401,140.0028,3.340593875353413
1402,140.1028,3.2937605875093574
1403,140.2028,3.258475794335012
1404,140.3028,3.395687185845919
1405,140.4028,3.2668812903797293
1406,140.5028,3.2350126956630927
1407,140.6028,3.3355587110403886
1408,140.7028,3.295172637539761
1409,140.8028,3.322893942923917
1410,140.9028,3.392374871912234
1411,141.0028,3.2444975191147294
1412,141.1028,3.2773302715030375
1413,141.2028,3.147408292205511
1414,141.3028,3.21677347142398
1415,141.4028,3.3007602798717235
1416,141.5028,3.242163722426007
1417,141.6028,3.178847600392605
1418,141.7028,3.281057643105395
1419,141.8028,3.2939639520067403
1420,141.9028,3.2619857578462716
1421,142.0028,3.1852535210226582
1422,142.1028,3.3209826105412588
1423,142.2028,3.353551938066982
1424,142.3028,3.265093903035799
1425,142.4028,3.2215466981047105
1426,142.5028,3.248725240949511
1427,142.6029,3.2355350587261547
1428,142.7029,3.286293334088071
1429,142.8029,3.2397434129619387
1430,142.9029,3.175051415138087
1431,143.0029,3.163976867178403
1432,143.1029,3.289678297649024
1433,143.2029,3.3061311996321634
1434,143.3029,3.2765385962818736
1435,143.4029,3.203162325615887
1436,143.5029,3.2076971783856902
1437,143.6029,3.236022930293276
1438,143.7029,3.2970019119522056
1439,143.8029,3.162277240957745
1440,143.9029,3.1872390014041363
1441,144.0029,3.194502879205133
1442,144.1029,3.2967256133806053
1443,144.2029,3.3469969386010847
1444,144.3029,3.3763117064574804
1445,144.4029,3.283547801344334
1446,144.5029,3.314366781927533
1447,144.6029,3.27333142427749
1448,144.7029,3.3998114120781913
1449,144.8029,3.3748697500890024
1450,144.9029,3.124186581931042
1451,145.0029,3.3552351496076076
1452,145.1029,3.251299431593561
1453,145.2029,3.2654975990349357
1454,145.3029,3.3144270450902384
1455,145.4029,3.3898531757240606
1456,145.5029,3.2932603411745838
1457,145.6029,3.2602848458715963
1458,145.7029,3.3542482057452303
1459,145.8029,3.2562553212411567
1460,145.9029,3.387666414391097
1461,146.0029,3.3002595749832397
1462,146.1029,3.1480003870597875
1463,146.2029,3.173913856157899
1464,146.3029,3.285586633611453
1465,146.4029,3.282656630783697
1466,146.5029,3.28216798789793
1467,146.6029,3.25490478063577
1468,146.7029,3.238017494939597
1469,146.8029,3.3572938948753426
1470,146.9029,3.348649858833812
1471,147.0029,3.2955537558133416
1472,147.1029,3.456208341330497
1473,147.2029,3.3799226731453684
1474,147.3029,3.3235173249854006
1475,147.4029,3.434199720805744
1476,147.5029,3.459383697624108
1477,147.603,3.3867591765504566
1478,147.703,3.3711776686936252
1479,147.803,3.4656609516963
1480,147.903,3.404169644129854
1481,148.003,3.2658485602637883
1482,148.103,3.2498797934126795
1483,148.203,3.416315876793562
1484,148.303,3.3006811552823336
1485,148.403,3.340862653756207
1486,148.503,3.399659857547915
1487,148.603,3.3974873997505957
1488,148.703,3.3784603708175194
1489,148.803,3.3837236091348446
1490,148.903,3.5332317434109033
1491,149.003,3.362964961405111
1492,149.103,3.4514594897087365
1493,149.203,3.2495753956937237
1494,149.303,3.1502418801129273
1495,149.403,3.277896842694826
1496,149.503,3.2254724670942405
1497,149.603,3.1896139628160722
1498,149.703,3.283205293859716
1499,149.803,3.2135971064686393
1500,149.903,3.175821920940004
1501,150.003,3.2685417428037646
1502,150.103,3.2709994870347177
1503,150.203,3.3324493383969287
1504,150.303,3.2561442527115254
1505,150.403,3.394871126873056
1506,150.503,3.3403868538348935
1507,150.603,3.3247393593698726
1508,150.703,3.33409543199023
1509,150.803,3.2662336696988157
1510,150.903,3.303430690268962
1511,151.003,3.2140465054628113
1512,151.103,3.18678207287095
1513,151.203,3.215044834906451
1514,151.303,3.231599518638571
1515,151.403,3.231417486441982
1516,151.503,3.206471391029436
1517,151.603,3.2312423092093865
1518,151.703,3.2687001400871623
1519,151.803,3.238296497375836
1520,151.903,3.3656582922288685
1521,152.003,3.3331242608630625
1522,152.103,3.3415921449991104
1523,152.203,3.3658721734401045
1524,152.303,3.368189386345051
1525,152.403,3.2461583370934575
1526,152.5031,3.301452469151003
1527,152.6031,3.2525190944915514
1528,152.7031,3.170200908312799
1529,152.8031,3.3762627394638307
1530,152.9031,3.2035992399232547
1531,153.0031,3.333187612896646
1532,153.1031,3.2482310182780845
1533,153.2031,3.4672496780979034
1534,153.3031,3.3336390732930803
1535,153.4031,3.1295888774598875
1536,153.5031,3.1354297488846146
1537,153.6031,3.2565311864124005
1538,153.7031,3.262236091417054
1539,153.8031,3.2958907147715886
1540,153.9031,3.205401569777573
1541,154.0031,3.28865234478306
1542,154.1031,3.345536991492647
1543,154.2031,3.323074857935919
1544,154.3031,3.339836415703984
1545,154.4031,3.2960633749836252
1546,154.5031,3.348843328691141
1547,154.6031,3.236906468693088
1548,154.7031,3.343336238616758
1549,154.8031,3.3808788164808328
1550,154.9031,3.235083860507131
1551,155.0031,3.3019276173758705
1552,155.1031,3.2755455188825042
1553,155.2031,3.1149167570914145
1554,155.3031,3.3713446702400733
1555,155.4031,3.1959810049091755
1556,155.5031,3.1761478745263103
1557,155.6031,3.2939467664799027
1558,155.7031,3.3645240340802114
1559,155.8031,3.422222003867556
1560,155.9031,3.4351352110445665
1561,156.0031,3.2476658851019753
1562,156.1031,3.3691039904991045
1563,156.2031,3.4301698789394033
1564,156.3031,3.4054008610639026
1565,156.4031,3.4590031848206486
1566,156.5031,3.5041067513917423
1567,156.6031,3.3887437076605345
1568,156.7031,3.275326263429011
1569,156.8031,3.2467958781130557
1570,156.9031,3.3635589500740837
1571,157.0031,3.3742888109472267
1572,157.1031,3.2823525512305
1573,157.2031,3.4360361560286004
1574,157.3031,3.380967110361194
1575,157.4031,3.30007426689918
1576,157.5032,3.4342634387067226
1577,157.6032,3.288327830303972
1578,157.7032,3.2485226062700194
1579,157.8032,3.2776525203765097
1580,157.9032,3.3456119267767845
1581,158.0032,3.4931889562016796
1582,158.1032,3.330624536232478
1583,158.2032,3.3456079615206478
1584,158.3032,3.421292396725804
1585,158.4032,3.4898773974673096
1586,158.5032,3.4316960586893996
1587,158.6032,3.516758821693097
1588,158.7032,3.497248838212921
1589,158.8032,3.478332337435824
1590,158.9032,3.547091011401783
1591,159.0032,3.532090662896703
1592,159.1032,3.5074643540737216
1593,159.2032,3.6699079361060885
1594,159.3032,3.4772959586144427
1595,159.4032,3.464266927826854
1596,159.5032,3.5973055537378005
1597,159.6032,3.555357012066622
1598,159.7032,3.4357889949841174
1599,159.8032,3.5240696405475336
1600,159.9032,3.459437314226358
1601,160.0032,3.6059945632828505
1602,160.1032,3.4628326495049073
1603,160.2032,3.3516254941401535
1604,160.3032,3.4097421431577297
1605,160.4032,3.3505209299992966
1606,160.5032,3.5913235901704987
1607,160.6032,3.522082867292479
1608,160.7032,3.4629038367908547
1609,160.8032,3.6718617713137576
1610,160.9032,3.6157933001120957
1611,161.0032,3.496495369026517
1612,161.1032,3.5103495379738847
1613,161.2032,3.5465840050344015
1614,161.3032,3.473988793214683
1615,161.4032,3.4659737347628883
1616,161.5032,3.594499889064592
1617,161.6032,3.4734613550959796
1618,161.7032,3.556534097980686
1619,161.8032,3.5849981923872933
1620,161.9032,3.415130752671104
1621,162.0032,3.4574378110485635
1622,162.1032,3.5037825412032952
1623,162.2032,3.45190137922614
1624,162.3032,3.4686453442681127
1625,162.4032,3.5358446777246115
1626,162.5033,3.531379495264281
1627,162.6033,3.601049003256022
1628,162.7033,3.4690585190335064
1629,162.8033,3.537513963526715
1630,162.9033,3.3750031031508376
1631,163.0033,3.409137006842922
1632,163.1033,3.4188272700190665
1633,163.2033,3.4070176465927924
1634,163.3033,3.4451535739229375
1635,163.4033,3.4778243429007802
1636,163.5033,3.368769090781613
1637,163.6033,3.492805247003095
1638,163.7033,3.460094874418657
1639,163.8033,3.3708673318855435
1640,163.9033,3.372687755194204
1641,164.0033,3.3491649048198533
1642,164.1033,3.4194993469888777
1643,164.2033,3.4483181593247205
1644,164.3033,3.47535028404694
1645,164.4033,3.3968932847338955
1646,164.5033,3.5538637490819722
1647,164.6033,3.437704018637393
1648,164.7033,3.3113087566019725
1649,164.8033,3.40587853764316
1650,164.9033,3.2805959608646607
1651,165.0033,3.2750942104578615
1652,165.1033,3.2712656473262287
1653,165.2033,3.5807447099755456
1654,165.3033,3.598312566754834
1655,165.4033,3.2923744139422113
1656,165.5033,3.4088252496749947
1657,165.6033,3.216825236395487
1658,165.7033,3.360018260019701
1659,165.8033,3.4821383811858957
1660,165.9033,3.372006506314148
1661,166.0033,3.3291723119902863
1662,166.1033,3.272394990970603
1663,166.2033,3.43375120664032
1664,166.3033,3.379503331148712
1665,166.4033,3.3942283544563487
1666,166.5033,3.39387312413461
1667,166.6033,3.5585904811409574
1668,166.7033,3.508082735346519
1669,166.8033,3.5961133936724727
1670,166.9033,3.4803692677591123
1671,167.0033,3.2331495317374843
1672,167.1033,3.397136543974853
1673,167.2033,3.4889015165860453
1674,167.3033,3.3360560029755097
1675,167.4033,3.2908485159079817
1676,167.5034,3.242772249933876
1677,167.6034,3.221768169666376
1678,167.7034,3.204908907484032
1679,167.8034,3.425547272044592
1680,167.9034,3.123748726656788
1681,168.0034,3.2958453209468543
1682,168.1034,3.266827861229316
1683,168.2034,3.204661356936846
1684,168.3034,3.456831652449197
1685,168.4034,3.384684426156206
1686,168.5034,3.4061236393242385
1687,168.6034,3.334062352453401
1688,168.7034,3.4466295667956666
1689,168.8034,3.623203965525243
1690,168.9034,3.286753739772532
1691,169.0034,3.2551813828729608
1692,169.1034,3.2370129547251123
1693,169.2034,3.2374144166762466
1694,169.3034,3.105826035504843
1695,169.4034,3.2276199298149684
1696,169.5034,3.229443139948643
1697,169.6034,3.071722602091368
1698,169.7034,3.266103661689792
1699,169.8034,3.5046380990666828
1700,169.9034,3.4656104303783857
1701,170.0034,3.3161781245097224
1702,170.1034,3.2541778004548036
1703,170.2034,3.302295404933538
1704,170.3034,3.412752562558195
1705,170.4034,3.2950465385501055
1706,170.5034,3.5719391622684307
1707,170.6034,3.366809467563614
1708,170.7034,3.4338575397222146
1709,170.8034,3.3575170840108535
1710,170.9034,3.347973390535163
1711,171.0034,3.4821585821534753
1712,171.1034,3.692910824238712
1713,171.2034,3.5079575774233156
1714,171.3034,3.400326750237532
1715,171.4034,3.6841583255910684
1716,171.5034,3.4806193766319713
1717,171.6034,3.5174666127315675
1718,171.7034,3.5404397737560602
1719,171.8034,3.515657301702634
1720,171.9034,3.5590982018036783
1721,172.0034,3.3589870709539182
1722,172.1034,3.4058928804834685
1723,172.2034,3.45609939431915
1724,172.3034,3.4239008487580276
1725,172.4034,3.5411061876527463
1726,172.5035,3.3799503144915124
1727,172.6035,3.2786299695809893
1728,172.7035,3.3127349695910877
1729,172.8035,3.4202679138030314
1730,172.9035,3.4517422716506285
1731,173.0035,3.475217491747972
1732,173.1035,3.5572741218302446
1733,173.2035,3.4795006209929134
1734,173.3035,3.4771010673627343
1735,173.4035,3.540147900367662
1736,173.5035,3.5576619617975185
1737,173.6035,3.3778883049928936
1738,173.7035,3.6522085210150204
1739,173.8035,3.597960979625245
1740,173.9035,3.649184246207551
1741,174.0035,3.3819737095411355
1742,174.1035,3.470222425648454
1743,174.2035,3.5117919391539485
1744,174.3035,3.49353733155805
1745,174.4035,3.399766880668057
1746,174.5035,3.316171953802056
1747,174.6035,3.529934108165342
1748,174.7035,3.3856543232228336
1749,174.8035,3.2886344664189053
1750,174.9035,3.3642237916259363
1751,175.0035,3.445887285740814
1752,175.1035,3.244041011273776
1753,175.2035,3.230604066947041
1754,175.3035,3.236339891815618
1755,175.4035,3.3667671787143396
1756,175.5035,3.50501231443404
1757,175.6035,3.622579030519075
1758,175.7035,3.374394325088969
1759,175.8035,3.276916686849127
1760,175.9035,3.2801127103283565
1761,176.0035,3.5272848326439643
1762,176.1035,3.4013154712132274
1763,176.2035,3.3870549623642434
1764,176.3035,3.3706931451384397
1765,176.4035,3.325069422212295
1766,176.5035,3.387224982218787
1767,176.6035,3.6162659554811385
1768,176.7035,3.3494969502692444
1769,176.8035,3.432563534674363
1770,176.9035,3.406914499751048
1771,177.0035,3.397543824258483
1772,177.1035,3.375296204771584
1773,177.2035,3.398167147437466
1774,177.3035,3.3608370498564573
1775,177.4035,3.2727519776972485
1776,177.5036,3.343393519051056
1777,177.6036,3.3667412686493634
1778,177.7036,3.427148310307676
1779,177.8036,3.379958206988332
1780,177.9036,3.5017235058057556
1781,178.0036,3.2702724802702843
1782,178.1036,3.3092100353562945
1783,178.2036,3.2459929814148603
1784,178.3036,3.353778198556757
1785,178.4036,3.3799546073497737
1786,178.5036,3.4270072101024303
1787,178.6036,3.4890961680238632
1788,178.7036,3.38016415007812
1789,178.8036,3.4723574758837636
1790,178.9036,3.371348914674862
1791,179.0036,3.4869065313872163
1792,179.1036,3.6844061701815787
1793,179.2036,3.420470142890062
1794,179.3036,3.4986199442101875
1795,179.4036,3.446412910396563
1796,179.5036,3.3504787422187685
1797,179.6036,3.3829582352953227
1798,179.7036,3.2475562971625322
1799,179.8036,3.309162419623413
1800,179.9036,3.327053209716943
1801,180.0036,3.402171595762603
1802,180.1036,3.3255681307554585
1803,180.2036,3.517083127866945
1804,180.3036,3.441428003707338
1805,180.4036,3.2619085585881744
1806,180.5036,3.1672717925336777
1807,180.6036,3.3083985514413214
1808,180.7036,3.2699773780798673
1809,180.8036,3.3352967037538663
1810,180.9036,3.382069180157366
1811,181.0036,3.1208510349577976
1812,181.1036,3.431508327220809
1813,181.2036,3.430837409036292
1814,181.3036,3.620422727607283
1815,181.4036,3.580645042029846
1816,181.5036,3.430976838918905
1817,181.6036,3.4849219160878073
1818,181.7036,3.4446330723208805
1819,181.8036,3.381062232404567
1820,181.9036,3.431418466984994
1821,182.0036,3.2249228916402215
1822,182.1036,3.2543083831912925
1823,182.2036,3.4142988622906247
1824,182.3036,3.4221905810674222
1825,182.4036,3.472730564688776
1826,182.5036,3.4662995454611703
1827,182.6037,3.3801862889908914
1828,182.7037,3.481425821423087
1829,182.8037,3.5063368270246755
1830,182.9037,3.5142324514718175
1831,183.0037,3.440020612621485
1832,183.1037,3.3130055598259123
1833,183.2037,3.524579601833304
1834,183.3037,3.49655008118815
1835,183.4037,3.35300077120826
1836,183.5037,3.409432382685709
1837,183.6037,3.3476523974327623
1838,183.7037,3.465934511278094
1839,183.8037,3.570039308282765
1840,183.9037,3.5555642562205243
1841,184.0037,3.3518642499232656
1842,184.1037,3.3700875300457573
1843,184.2037,3.4135883814850656
1844,184.3037,3.432098283336806
1845,184.4037,3.429944997272835
1846,184.5037,3.4297755768447047
1847,184.6037,3.392847294605069
1848,184.7037,3.3440616215549097
1849,184.8037,3.3907742001554735
1850,184.9037,3.3548341206815766
1851,185.0037,3.2054797397984673
1852,185.1037,3.119104068468304
1853,185.2037,3.253910469160735
1854,185.3037,3.389521423727473
1855,185.4037,3.2933250878817604
1856,185.5037,3.2064955470772323
1857,185.6037,3.283691209685399
1858,185.7037,3.311430772162787
1859,185.8037,3.3428662415299604
1860,185.9037,3.230956649885706
1861,186.0037,3.2167406905943667
1862,186.1037,3.4102780234176735
1863,186.2037,3.355032143293952
1864,186.3037,3.3595832024092664
1865,186.4037,3.3787979424274
1866,186.5037,3.4127499563458903
1867,186.6037,3.2904254607939025
1868,186.7037,3.3079194907916274
1869,186.8037,3.478308585292573
1870,186.9037,3.39976930044691
1871,187.0037,3.3199685250469666
1872,187.1037,3.3585769432624115
1873,187.2037,3.316602739769737
1874,187.3037,3.3534319315296943
1875,187.4037,3.3232084651510454
1876,187.5037,3.388306719247609
1877,187.6038,3.4065962815170243
1878,187.7038,3.257939119055748
1879,187.8038,3.4843855802314945
1880,187.9038,3.37650768336156
1881,188.0038,3.424778548016808
1882,188.1038,3.40683046340899
1883,188.2038,3.329308673966315
1884,188.3038,3.4001645716279403
1885,188.4038,3.524228395142191
1886,188.5038,3.378986557893293
1887,188.6038,3.569141805063114
1888,188.7038,3.5797847336256514
1889,188.8038,3.5533012377022573
1890,188.9038,3.4210396435456083
1891,189.0038,3.697878028700429
1892,189.1038,3.5957860495556906
1893,189.2038,3.6174468873905417
1894,189.3038,3.445635442282842
1895,189.4038,3.4959434199385226
1896,189.5038,3.3911671426104797
1897,189.6038,3.2682284895362486
1898,189.7038,3.4212849832040657
1899,189.8038,3.3925328773319405
1900,189.9038,3.2765281653327767
1901,190.0038,3.3154090799739038
1902,190.1038,3.370398906622392
1903,190.2038,3.454709342295965
1904,190.3038,3.4171369474541
1905,190.4038,3.345084576857436
1906,190.5038,3.4234747582736347
1907,190.6038,3.5044919965983667
1908,190.7038,3.3926037109100458
1909,190.8038,3.434856889317417
1910,190.9038,3.538118689783213
1911,191.0038,3.4500818060295724
1912,191.1038,3.456117336481399
1913,191.2038,3.43068195358732
1914,191.3038,3.332803536337749
1915,191.4038,3.3751465473504787
1916,191.5038,3.3553163182589425
1917,191.6038,3.3063468632869673
1918,191.7038,3.450360237590213
1919,191.8038,3.53581064652531
1920,191.9038,3.350137896371548
1921,192.0038,3.3454549416042623
1922,192.1038,3.5146659662368167
1923,192.2038,3.4797378294262677
1924,192.3038,3.359935863352553
1925,192.4038,3.212061485077655
1926,192.5038,3.432670769857441
1927,192.6039,3.402787899028045
1928,192.7039,3.4856726673083314
1929,192.8039,3.3701057506331544
1930,192.9039,3.452696455025799
1931,193.0039,3.348291889015377
1932,193.1039,3.387731523090772
1933,193.2039,3.466382357058321
1934,193.3039,3.387326000227917
1935,193.4039,3.4897792941648222
1936,193.5039,3.3875630071971345
1937,193.6039,3.5244095627619125
1938,193.7039,3.4621153006051726
1939,193.8039,3.4017091517424713
1940,193.9039,3.4429697317583363
1941,194.0039,3.4992382445197308
1942,194.1039,3.333110236321496
1943,194.2039,3.521036135726273
1944,194.3039,3.4335669967399816
1945,194.4039,3.5141998198920232
1946,194.5039,3.5003106558982875
1947,194.6039,3.4208116085584335
1948,194.7039,3.35821770580574
1949,194.8039,3.369676717559039
1950,194.9039,3.5482031763938306
1951,195.0039,3.5678972068492953
1952,195.1039,3.4873549759114786
1953,195.2039,3.524976263355678
1954,195.3039,3.5182508086181574
1955,195.4039,3.394111889654338
1956,195.5039,3.4781268235122056
1957,195.6039,3.496762298713896
1958,195.7039,3.5565606340301885
1959,195.8039,3.4146875989822867
1960,195.9039,3.4369411738223743
1961,196.0039,3.4202644418687855
1962,196.1039,3.5454982523072864
1963,196.2039,3.390660442973431
1964,196.3039,3.434272772546322
1965,196.4039,3.4416296278974343
1966,196.5039,3.4387516887218013
1967,196.6039,3.438233224639606
1968,196.7039,3.433332880644445
1969,196.8039,3.4438243816987693
1970,196.9039,3.3649336634600417
1971,197.0039,3.430744579108666
1972,197.1039,3.405598544058814
1973,197.2039,3.4800549286470677
1974,197.3039,3.3456186081772894
1975,197.4039,3.3904118039553057
1976,197.504,3.326972530787451
1977,197.604,3.3402520406464355
1978,197.704,3.386750303610794
1979,197.804,3.4113525723088434
1980,197.904,3.40921269571986
1981,198.004,3.3321761726472348
1982,198.104,3.4902000769434864
1983,198.204,3.4588030222698984
1984,198.304,3.333708291277492
1985,198.404,3.289544632444581
1986,198.504,3.3366527037751306
1987,198.604,3.3607933042794036
1988,198.704,3.381236435514181
1989,198.804,3.351640209773363
1990,198.904,3.3740973671338743
1991,199.004,3.4038339888152453
1992,199.104,3.43563351629997
1993,199.204,3.384581674060853
1994,199.304,3.400320738759883
1995,199.404,3.3473231001573747
1996,199.504,3.258115254413538
1997,199.604,3.4108127570897127
1998,199.704,3.263834041106572
1999,199.804,3.323395896726108
2000,199.904,3.3024928202053028
2001,200.0,3.4263926199064767
