Frame,Time (ns),Radius of Gyration 2 (3098 atoms)
1,0.0,16.622736634108882
2,0.1,16.71371128528094
3,0.2,16.71661314152813
4,0.3,16.795548330287573
5,0.4,16.783824897411087
6,0.5,16.750508848542484
7,0.6,16.91223069989615
8,0.7,16.791624134756113
9,0.8,16.900443615365408
10,0.9,16.85608499299774
11,1.0,16.837070643527486
12,1.1,16.857463015979416
13,1.2,16.856860818210944
14,1.3,16.80784740922863
15,1.4,16.9363745037611
16,1.5,16.81974476949543
17,1.6,16.8427814812422
18,1.7,16.9345775584369
19,1.8,16.890901706896578
20,1.9,16.901196601816256
21,2.0,16.892776911783564
22,2.1,16.82351489100192
23,2.2,16.914721045671197
24,2.3,16.87649829247055
25,2.4,16.838606494933504
26,2.5001,16.852456350685262
27,2.6001,16.75418987847498
28,2.7001,16.875331554182274
29,2.8001,16.84381537255174
30,2.9001,16.78397706639728
31,3.0001,16.820846618249025
32,3.1001,16.823930978194994
33,3.2001,16.843228877110214
34,3.3001,16.957061927427524
35,3.4001,16.90004242552956
36,3.5001,16.831042718741067
37,3.6001,16.90560905183076
38,3.7001,16.83400991610388
39,3.8001,16.93938499224673
40,3.9001,16.908704072588748
41,4.0001,16.964839507372275
42,4.1001,16.86113848937736
43,4.2001,16.877081018889196
44,4.3001,16.79829281181648
45,4.4001,16.922974407069653
46,4.5001,16.916788647902518
47,4.6001,16.829848447637676
48,4.7001,16.87687371966651
49,4.8001,16.93123558886115
50,4.9001,16.963781362971172
51,5.0001,16.90831264886028
52,5.1001,16.81909183622564
53,5.2001,16.74999485481515
54,5.3001,16.798164814415312
55,5.4001,16.95416715004038
56,5.5001,16.901638204106284
57,5.6001,16.891680115087294
58,5.7001,16.908208408024237
59,5.8001,16.95322539087847
60,5.9001,16.892528880300578
61,6.0001,16.935012135418663
62,6.1001,16.958392629804045
63,6.2001,16.88342748742098
64,6.3001,16.940764667819433
65,6.4001,16.972341996357887
66,6.5001,16.99369280359891
67,6.6001,16.99312719276875
68,6.7001,16.84905918681823
69,6.8001,16.97162692188106
70,6.9001,16.998466583034162
71,7.0001,16.860091170690232
72,7.1001,16.86173801705478
73,7.2001,16.95135153342017
74,7.3001,16.877740101443283
75,7.4001,16.976360473603265
76,7.5002,16.844234404123632
77,7.6002,16.876885686947578
78,7.7002,16.920000830198138
79,7.8002,16.88951392564958
80,7.9002,16.812968603224594
81,8.0002,16.842183330259452
82,8.1002,16.78985067083773
83,8.2002,16.75846102113793
84,8.3002,16.770652417646907
85,8.4002,16.821632629828493
86,8.5002,16.764431810218372
87,8.6002,16.806691019440446
88,8.7002,16.876378130711426
89,8.8002,16.874168547543533
90,8.9002,16.867907917280316
91,9.0002,16.834596549335938
92,9.1002,16.86999080884931
93,9.2002,16.799894535141405
94,9.3002,16.978422526267668
95,9.4002,16.962587299361985
96,9.5002,16.934270977434405
97,9.6002,16.842877411081123
98,9.7002,16.935708090711927
99,9.8002,16.85351479179478
100,9.9002,16.841479056565536
101,10.0002,16.824325283533632
102,10.1002,16.94330913126535
103,10.2002,16.853540659951495
104,10.3002,16.89614682513504
105,10.4002,16.873857725308067
106,10.5002,16.9360466590519
107,10.6002,16.962687424453033
108,10.7002,16.863816370397373
109,10.8002,16.884326210409856
110,10.9002,16.914177612849137
111,11.0002,16.961925372991434
112,11.1002,16.929447898384097
113,11.2002,17.017959190073448
114,11.3002,16.96701644996499
115,11.4002,16.985615463337417
116,11.5002,16.95146462945892
117,11.6002,16.974610481012462
118,11.7002,17.045951535975295
119,11.8002,17.093066659485924
120,11.9002,17.011676285654413
121,12.0002,16.938448626682963
122,12.1002,17.02068960148422
123,12.2002,16.848729125499606
124,12.3002,16.950138297699212
125,12.4002,16.970422418100963
126,12.5002,16.948154273145626
127,12.6003,16.95217564098818
128,12.7003,16.98591245388989
129,12.8003,16.954338945840224
130,12.9003,16.825072823104854
131,13.0003,16.726283424849747
132,13.1003,16.938827715114158
133,13.2003,16.94130705894376
134,13.3003,16.885818981142336
135,13.4003,16.921698963095167
136,13.5003,16.972184928684815
137,13.6003,17.01574629776971
138,13.7003,16.843550094002804
139,13.8003,17.00332738291018
140,13.9003,16.908257334187354
141,14.0003,16.892213796371394
142,14.1003,16.971100165812697
143,14.2003,16.936632145830234
144,14.3003,16.912569202793204
145,14.4003,16.889144806760097
146,14.5003,16.94196167077479
147,14.6003,16.934738402372574
148,14.7003,16.954420014968715
149,14.8003,17.03510299750533
150,14.9003,16.945114357117863
151,15.0003,17.014153666078265
152,15.1003,16.954161081758045
153,15.2003,16.963507894009005
154,15.3003,16.94166529069512
155,15.4003,16.94384653818933
156,15.5003,16.96150915428525
157,15.6003,17.019846609739705
158,15.7003,16.866975839850703
159,15.8003,16.93171410649664
160,15.9003,16.862854716224803
161,16.0003,16.903292587523502
162,16.1003,16.985677264275676
163,16.2003,16.865400986460944
164,16.3003,16.892039384047806
165,16.4003,16.920264209299674
166,16.5003,16.975896595637963
167,16.6003,16.955791764267087
168,16.7003,16.906672843620406
169,16.8003,16.948540363237772
170,16.9003,17.128790880758558
171,17.0003,17.009337150953233
172,17.1003,16.995395153760352
173,17.2003,17.053102036754392
174,17.3003,16.998862586649118
175,17.4003,16.92920242063543
176,17.5004,16.918957436086743
177,17.6004,16.90065386620645
178,17.7004,16.86321587282613
179,17.8004,16.96472749394034
180,17.9004,17.045337989079723
181,18.0004,16.917727586015037
182,18.1004,16.962004344600498
183,18.2004,16.947795962215558
184,18.3004,16.877163504892128
185,18.4004,16.970557692609315
186,18.5004,16.954022776480908
187,18.6004,16.884652734444344
188,18.7004,16.99939475020974
189,18.8004,16.967064167775654
190,18.9004,16.978337028101755
191,19.0004,16.941569412266084
192,19.1004,16.96477865614365
193,19.2004,17.042020785287363
194,19.3004,17.009026229788052
195,19.4004,17.10686681624249
196,19.5004,16.953979209747793
197,19.6004,16.984245047992896
198,19.7004,16.86680502023977
199,19.8004,16.95714951472812
200,19.9004,16.777595235710255
201,20.0004,16.90190941944178
202,20.1004,16.892697132544146
203,20.2004,16.86640609027112
204,20.3004,16.918976026289574
205,20.4004,16.903330776110874
206,20.5004,16.851089857780973
207,20.6004,16.841530238279937
208,20.7004,16.992539337976435
209,20.8004,16.902369038343643
210,20.9004,16.769737882769114
211,21.0004,16.92020535021571
212,21.1004,16.883193625831037
213,21.2004,16.822000073633276
214,21.3004,16.90114019974049
215,21.4004,16.805115135563486
216,21.5004,16.865049244811896
217,21.6004,16.903488185286474
218,21.7004,16.82483266403366
219,21.8004,16.934672971748572
220,21.9004,16.88476135494579
221,22.0004,16.895855444529342
222,22.1004,16.875433608609406
223,22.2004,17.04260254374982
224,22.3004,17.02243087975111
225,22.4004,16.9851548081729
226,22.5005,17.07029211065099
227,22.6005,17.039959649677144
228,22.7005,17.110656922216286
229,22.8005,17.107564319828285
230,22.9005,17.018002116296728
231,23.0005,17.046612743508952
232,23.1005,17.0269127309141
233,23.2005,16.9196914553895
234,23.3005,16.920629323133895
235,23.4005,17.13271152189102
236,23.5005,17.08075140113436
237,23.6005,17.002670529123776
238,23.7005,17.015146038867144
239,23.8005,17.10782592787525
240,23.9005,17.044428511771642
241,24.0005,17.05426125333429
242,24.1005,17.070987288212525
243,24.2005,17.05042653092252
244,24.3005,16.990962287592414
245,24.4005,16.913368074247547
246,24.5005,17.0401818029943
247,24.6005,16.919329438160155
248,24.7005,16.876525310716037
249,24.8005,16.991060012989216
250,24.9005,17.039453148041478
251,25.0005,16.860112545046935
252,25.1005,16.857420645077074
253,25.2005,17.008690955365136
254,25.3005,17.130981333224593
255,25.4005,17.04440395512051
256,25.5005,16.970743336065514
257,25.6005,17.017922508750594
258,25.7005,17.11443780156023
259,25.8005,17.18388859996442
260,25.9005,17.056169215902774
261,26.0005,16.979953130987393
262,26.1005,17.07063947964963
263,26.2005,17.175830603951216
264,26.3005,16.955047076081755
265,26.4005,16.957949412048844
266,26.5005,17.033747964520543
267,26.6005,17.016834846495925
268,26.7005,17.149110040002114
269,26.8005,17.13115689763504
270,26.9005,17.045293611231035
271,27.0005,17.06278717960675
272,27.1005,17.101164173131433
273,27.2005,16.99221955069071
274,27.3005,17.08056159166197
275,27.4005,16.93762921517901
276,27.5006,16.955977854643482
277,27.6006,16.91498314762792
278,27.7006,16.826141830341093
279,27.8006,16.996301214245797
280,27.9006,17.020398130144066
281,28.0006,16.93368499925917
282,28.1006,17.02598220832418
283,28.2006,16.96310970898463
284,28.3006,16.97351041056135
285,28.4006,16.915004021614582
286,28.5006,16.931001463238506
287,28.6006,16.903508406726534
288,28.7006,16.966683784774474
289,28.8006,16.904988281633685
290,28.9006,16.880029295195833
291,29.0006,16.95753234545121
292,29.1006,16.86480560654739
293,29.2006,16.987844750659292
294,29.3006,17.026587509342328
295,29.4006,17.028375774011362
296,29.5006,16.97178331591292
297,29.6006,16.861803221645406
298,29.7006,16.945039493674784
299,29.8006,16.99779475242224
300,29.9006,16.95390606761017
301,30.0006,17.05532125262761
302,30.1006,16.952485927516946
303,30.2006,16.93153816648439
304,30.3006,16.910998516733034
305,30.4006,17.003213982754943
306,30.5006,16.969875967052676
307,30.6006,16.948469106293842
308,30.7006,17.022496957819676
309,30.8006,16.94789247942014
310,30.9006,17.03417413240553
311,31.0006,16.894134091044485
312,31.1006,16.98874816334971
313,31.2006,17.01192515021548
314,31.3006,16.922517509077252
315,31.4006,17.07541267326484
316,31.5006,16.9736143162229
317,31.6006,16.954904504455435
318,31.7006,16.913615249436052
319,31.8006,16.870154859120746
320,31.9006,17.03353786073903
321,32.0006,17.069151845957766
322,32.1006,17.0695874541762
323,32.2006,16.967673194242384
324,32.3006,16.984379406520986
325,32.4006,16.948665405566256
326,32.5007,16.948099421866253
327,32.6007,17.007261862477304
328,32.7007,16.964874136131137
329,32.8007,16.792960823269357
330,32.9007,16.93179272970387
331,33.0007,16.886961357485404
332,33.1007,16.9684678136601
333,33.2007,16.973936686575424
334,33.3007,17.00434719053086
335,33.4007,16.971507528743434
336,33.5007,17.005776324728917
337,33.6007,16.930517493309647
338,33.7007,16.918599607800605
339,33.8007,16.850281028545485
340,33.9007,16.934747762221523
341,34.0007,16.92569668261943
342,34.1007,16.98222839453938
343,34.2007,17.035198194201165
344,34.3007,17.050121742085548
345,34.4007,17.01469759010991
346,34.5007,17.01429447358069
347,34.6007,16.975073339875536
348,34.7007,16.92729855668071
349,34.8007,16.99528176902031
350,34.9007,17.08754653230149
351,35.0007,16.97899572267261
352,35.1007,16.98512178965717
353,35.2007,17.098362295074164
354,35.3007,17.012997589826682
355,35.4007,16.937698495617084
356,35.5007,16.935207818755195
357,35.6007,16.902679482209386
358,35.7007,16.91592425136177
359,35.8007,16.934176046431404
360,35.9007,17.02856970570529
361,36.0007,16.91605346117551
362,36.1007,16.939497032528507
363,36.2007,16.950052821630056
364,36.3007,16.962447623786503
365,36.4007,16.958926465398207
366,36.5007,17.054757174810458
367,36.6007,17.04891828402633
368,36.7007,17.00103093020547
369,36.8007,16.970665509014264
370,36.9007,17.098466785542996
371,37.0007,17.04097029736481
372,37.1007,17.096232294972687
373,37.2007,16.986430341381173
374,37.3007,17.01099149682222
375,37.4007,16.986539794480013
376,37.5007,16.938284827722256
377,37.6008,17.01804400667869
378,37.7008,16.891959230573082
379,37.8008,16.977471562200073
380,37.9008,17.09158834749119
381,38.0008,17.071121669573365
382,38.1008,17.010450594932447
383,38.2008,17.041273821931945
384,38.3008,16.88836272806626
385,38.4008,16.840290162950186
386,38.5008,16.96006935539283
387,38.6008,16.898422376491382
388,38.7008,16.979228608796504
389,38.8008,16.895444886089912
390,38.9008,16.88738066149419
391,39.0008,16.789077342409676
392,39.1008,16.88358177900605
393,39.2008,16.892201760559733
394,39.3008,16.88255024858125
395,39.4008,16.898071036078207
396,39.5008,16.928865589231194
397,39.6008,16.959281179077973
398,39.7008,16.969807066657633
399,39.8008,16.97675179629481
400,39.9008,16.949392924070892
401,40.0008,16.922226343314936
402,40.1008,16.88002277143018
403,40.2008,16.84968803945712
404,40.3008,16.87620573598125
405,40.4008,16.995058201125754
406,40.5008,16.949749063661535
407,40.6008,16.91012170198435
408,40.7008,16.909704159379917
409,40.8008,16.908496050009592
410,40.9008,16.817556422668755
411,41.0008,16.905132998157086
412,41.1008,16.962787297020345
413,41.2008,17.010157305160522
414,41.3008,17.063793591352084
415,41.4008,16.964254782210247
416,41.5008,16.96806511156669
417,41.6008,16.944421707241325
418,41.7008,16.967507939794306
419,41.8008,17.040416137785723
420,41.9008,16.96225199184588
421,42.0008,17.021115847627083
422,42.1008,16.977190273365096
423,42.2008,17.011660682776107
424,42.3008,17.025139265171614
425,42.4008,17.03537170757698
426,42.5008,17.041410842487604
427,42.6009,17.01471776226016
428,42.7009,17.030668705213593
429,42.8009,17.01025868247947
430,42.9009,16.98160009111527
431,43.0009,16.925323059123915
432,43.1009,16.88006112301018
433,43.2009,16.9666556800659
434,43.3009,16.903473195395453
435,43.4009,16.93558584895614
436,43.5009,16.93074452377109
437,43.6009,16.851784472990058
438,43.7009,16.90216753838141
439,43.8009,17.046491746015214
440,43.9009,16.9825406985025
441,44.0009,16.9492172455212
442,44.1009,17.053527225166807
443,44.2009,16.920809020396234
444,44.3009,16.974896219862508
445,44.4009,16.98792608388462
446,44.5009,16.881011645573615
447,44.6009,16.980972035278743
448,44.7009,16.893286794943794
449,44.8009,16.913378231287815
450,44.9009,16.850003265571704
451,45.0009,16.820002667576464
452,45.1009,16.905211068331575
453,45.2009,16.91747627570924
454,45.3009,17.012262574952107
455,45.4009,16.917222957487073
456,45.5009,16.880094317820525
457,45.6009,16.952200853164015
458,45.7009,16.855979896274675
459,45.8009,17.01454151602872
460,45.9009,17.018382955946446
461,46.0009,16.9362576644751
462,46.1009,16.670604950517387
463,46.2009,16.933392846435098
464,46.3009,16.94200893446657
465,46.4009,16.787164400868985
466,46.5009,16.840511839134315
467,46.6009,16.930470691467058
468,46.7009,16.871692938319995
469,46.8009,16.901539261901807
470,46.9009,16.934578685875913
471,47.0009,16.906988891153507
472,47.1009,16.92205236669831
473,47.2009,16.878507455122854
474,47.3009,16.850120855197332
475,47.4009,16.940496439449884
476,47.501,16.961977750399832
477,47.601,16.9447370826824
478,47.701,17.000256099232615
479,47.801,16.953136467727035
480,47.901,16.82803740202966
481,48.001,16.87681188311072
482,48.101,16.89829807620216
483,48.201,16.917724775677843
484,48.301,16.93624200427808
485,48.401,17.031317526900065
486,48.501,17.10570548687237
487,48.601,17.043449677139304
488,48.701,17.009338493149034
489,48.801,16.92767574462524
490,48.901,16.916545269023338
491,49.001,16.90111988583182
492,49.101,17.003300550166504
493,49.201,16.964438403076432
494,49.301,16.841156133223407
495,49.401,16.90159823807167
496,49.501,16.99430980695913
497,49.601,16.852943356809728
498,49.701,16.97976062007362
499,49.801,16.96023091797723
500,49.901,16.97086264156256
501,50.001,16.99626092283067
502,50.101,16.982627551343313
503,50.201,16.913616569834623
504,50.301,16.99284799563791
505,50.401,17.04782990159858
506,50.501,16.91418126910802
507,50.601,16.953942278966437
508,50.701,16.937948889997383
509,50.801,16.98360063224093
510,50.901,16.962011276233486
511,51.001,16.934498134615087
512,51.101,16.97879638468703
513,51.201,16.969542743596328
514,51.301,17.030752158307134
515,51.401,16.9020377319383
516,51.501,16.945317984580825
517,51.601,16.876094408257057
518,51.701,16.903285597044256
519,51.801,16.928713738273675
520,51.901,16.78835493543963
521,52.001,16.839780668036102
522,52.101,16.84484540699395
523,52.201,16.964191553667657
524,52.301,16.900436620163383
525,52.401,16.974026080265908
526,52.5011,16.94306104692494
527,52.6011,16.898681198909017
528,52.7011,16.964084164275565
529,52.8011,17.02049204956236
530,52.9011,16.974842760118605
531,53.0011,16.98904427308225
532,53.1011,17.036206585595487
533,53.2011,16.960869791073044
534,53.3011,16.966292063775803
535,53.4011,16.979000848662032
536,53.5011,16.940581298024824
537,53.6011,16.835532016853158
538,53.7011,16.91216701678962
539,53.8011,16.91010353532557
540,53.9011,16.9146682313661
541,54.0011,16.91150912381833
542,54.1011,16.893080169366893
543,54.2011,16.92542433702276
544,54.3011,16.947496419905043
545,54.4011,17.05190594187225
546,54.5011,16.99726425009423
547,54.6011,17.00063693971306
548,54.7011,17.023651047775477
549,54.8011,16.958373449472372
550,54.9011,16.83837852445978
551,55.0011,16.798479263935945
552,55.1011,16.919571567266846
553,55.2011,16.996538735959884
554,55.3011,16.885692486942123
555,55.4011,16.812087952011506
556,55.5011,16.836060454356844
557,55.6011,16.97993924779908
558,55.7011,16.93554294062231
559,55.8011,16.959906853984446
560,55.9011,16.92387439846178
561,56.0011,17.000695298761144
562,56.1011,16.86587639631701
563,56.2011,16.91438623751219
564,56.3011,16.9302019443309
565,56.4011,16.83836255176862
566,56.5011,16.887972541830987
567,56.6011,16.99774805720443
568,56.7011,16.943036432908237
569,56.8011,16.9919110222791
570,56.9011,16.91544325671551
571,57.0011,16.999506454897432
572,57.1011,16.945324811901205
573,57.2011,17.033956113323935
574,57.3011,17.115646579284473
575,57.4011,17.041507584923625
576,57.5012,17.111483730868944
577,57.6012,17.011644990979235
578,57.7012,16.960108331571394
579,57.8012,16.95226186903708
580,57.9012,17.17367219006899
581,58.0012,17.07995321763458
582,58.1012,16.96130756785145
583,58.2012,17.0476128409599
584,58.3012,17.163270334572378
585,58.4012,17.10084341786365
586,58.5012,17.118351170885745
587,58.6012,17.01486471932825
588,58.7012,17.071473317465376
589,58.8012,16.91018014530864
590,58.9012,16.983425690323312
591,59.0012,17.043065814401448
592,59.1012,16.96280552053869
593,59.2012,16.958554541443142
594,59.3012,17.035093689141085
595,59.4012,16.928413808224946
596,59.5012,16.980167410956685
597,59.6012,16.840944069226737
598,59.7012,16.845448043694955
599,59.8012,16.907693677256905
600,59.9012,16.835292416407093
601,60.0012,16.895819460238478
602,60.1012,16.83241393826875
603,60.2012,16.89567002107538
604,60.3012,16.965724664107814
605,60.4012,16.97331375899864
606,60.5012,16.913000187768056
607,60.6012,16.9695274607591
608,60.7012,16.912479279877797
609,60.8012,16.831982126417092
610,60.9012,16.86446870205784
611,61.0012,16.92482575568232
612,61.1012,16.87627569132755
613,61.2012,16.878760396975892
614,61.3012,16.952112792802115
615,61.4012,16.815826086679518
616,61.5012,16.8762950213263
617,61.6012,16.874844485606847
618,61.7012,16.87120545487827
619,61.8012,16.93022451979404
620,61.9012,16.905677760237943
621,62.0012,16.85234439685066
622,62.1012,16.910296234698464
623,62.2012,16.860916612836846
624,62.3012,16.801996673653576
625,62.4012,16.788502260963178
626,62.5012,16.738411342100836
627,62.6013,16.909889684051965
628,62.7013,16.832555396843848
629,62.8013,16.862931369971342
630,62.9013,16.896247368009682
631,63.0013,16.78868912723566
632,63.1013,16.827064855778296
633,63.2013,16.88661384207932
634,63.3013,16.850798533645435
635,63.4013,16.88989148872676
636,63.5013,16.874438925235623
637,63.6013,16.840752407603485
638,63.7013,16.931768997325484
639,63.8013,16.987049923868142
640,63.9013,16.87974889827554
641,64.0013,16.811219629659544
642,64.1013,16.934473013114758
643,64.2013,16.80752549787103
644,64.3013,16.75867121141905
645,64.4013,16.79475458959123
646,64.5013,16.84476539872287
647,64.6013,16.869461103750048
648,64.7013,16.902439974624862
649,64.8013,16.861298451237737
650,64.9013,16.95016844915884
651,65.0013,17.01218150694948
652,65.1013,16.977738779221667
653,65.2013,16.932464937163115
654,65.3013,16.88872134050557
655,65.4013,16.910213262356223
656,65.5013,16.863323758708972
657,65.6013,16.8800086340405
658,65.7013,17.092654191508778
659,65.8013,17.013800524264337
660,65.9013,17.041072373900846
661,66.0013,17.149896804497185
662,66.1013,17.058065594804837
663,66.2013,17.002299559084864
664,66.3013,16.940080759781903
665,66.4013,16.920236518644003
666,66.5013,16.974740590963208
667,66.6013,16.903304156287522
668,66.7013,16.883114226880995
669,66.8013,16.855233203765078
670,66.9013,16.925056155675648
671,67.0013,16.949945208226172
672,67.1013,16.95125326181205
673,67.2013,16.888484099780904
674,67.3013,16.936215139639536
675,67.4013,16.85849719065659
676,67.5014,16.812815318948463
677,67.6014,16.834219273262704
678,67.7014,16.855023896521516
679,67.8014,16.909053441387055
680,67.9014,16.923336667675628
681,68.0014,16.90491578935328
682,68.1014,16.84704376790224
683,68.2014,16.941348530740967
684,68.3014,16.815321792265028
685,68.4014,16.843856847914076
686,68.5014,16.804954394020182
687,68.6014,16.840530814537015
688,68.7014,16.852050500428195
689,68.8014,16.927065027470167
690,68.9014,16.930719606149545
691,69.0014,16.949528478011818
692,69.1014,16.96829353790792
693,69.2014,16.957126214181564
694,69.3014,17.047438879254607
695,69.4014,17.023639302518035
696,69.5014,16.914654716942486
697,69.6014,16.97492123619349
698,69.7014,16.976401073670154
699,69.8014,16.907603764473137
700,69.9014,16.86618569638493
701,70.0014,16.96312447031311
702,70.1014,16.896696597574714
703,70.2014,16.884981318109144
704,70.3014,16.761623546733034
705,70.4014,16.760347998873975
706,70.5014,16.842484468322127
707,70.6014,16.899837310151167
708,70.7014,16.828601957311186
709,70.8014,16.978392821687464
710,70.9014,16.791271852584984
711,71.0014,16.93907115160332
712,71.1014,16.884357292712505
713,71.2014,16.883433186604297
714,71.3014,16.855472999577596
715,71.4014,16.863023245360004
716,71.5014,16.89927774901895
717,71.6014,16.82213699757266
718,71.7014,16.794420626062507
719,71.8014,16.86674332697019
720,71.9014,16.888047161940605
721,72.0014,16.958757981660487
722,72.1014,16.869723681744293
723,72.2014,16.97463413697091
724,72.3014,16.963432255707954
725,72.4014,16.864768880187746
726,72.5014,16.85424149387948
727,72.6015,16.922821505921895
728,72.7015,16.88926049433099
729,72.8015,16.9461590613962
730,72.9015,16.927906234366482
731,73.0015,16.936421160916865
732,73.1015,16.905980393004846
733,73.2015,16.94263170323328
734,73.3015,16.900143989066784
735,73.4015,16.901931714000842
736,73.5015,16.85954714421995
737,73.6015,16.87440326386378
738,73.7015,16.89352723760318
739,73.8015,16.883000557590304
740,73.9015,16.93051797087636
741,74.0015,16.901645639610322
742,74.1015,16.963441033423624
743,74.2015,16.879309896302264
744,74.3015,16.862944152474217
745,74.4015,16.882163029192686
746,74.5015,16.79567116179954
747,74.6015,16.939076243711316
748,74.7015,16.893084126698696
749,74.8015,17.008019846878256
750,74.9015,16.92499519071958
751,75.0015,16.974780613415273
752,75.1015,16.98705682615177
753,75.2015,16.882856311435663
754,75.3015,16.742525744937534
755,75.4015,16.93003006856211
756,75.5015,16.991658963335276
757,75.6015,16.833596961880296
758,75.7015,16.922700605674027
759,75.8015,16.857891764084233
760,75.9015,16.93816352167639
761,76.0015,16.930191123348767
762,76.1015,16.841596537341832
763,76.2015,16.884975718957616
764,76.3015,16.93200892291011
765,76.4015,16.914960044865015
766,76.5015,16.86434551026228
767,76.6015,16.87383193788946
768,76.7015,16.960854402306353
769,76.8015,16.9678326308301
770,76.9015,16.89518395218434
771,77.0015,16.99043656425114
772,77.1015,16.991028639033445
773,77.2015,17.159126051266732
774,77.3015,16.89440042007282
775,77.4015,16.980775315968316
776,77.5016,16.93763467322156
777,77.6016,16.91355004288639
778,77.7016,16.976909788274266
779,77.8016,17.045994006602008
780,77.9016,16.985920263481308
781,78.0016,16.985273337214277
782,78.1016,17.045786209799342
783,78.2016,17.005640554762287
784,78.3016,17.001046088570764
785,78.4016,17.023320479586033
786,78.5016,16.94756823075659
787,78.6016,17.03501556586062
788,78.7016,17.020941071771595
789,78.8016,16.923743838707708
790,78.9016,16.984048008811225
791,79.0016,16.98125657885253
792,79.1016,16.99977852948626
793,79.2016,16.98371163098843
794,79.3016,16.928039714589715
795,79.4016,16.975695190301632
796,79.5016,17.073103760026697
797,79.6016,17.052659127968056
798,79.7016,16.960651426906164
799,79.8016,16.961100078569636
800,79.9016,17.134716675091397
801,80.0016,17.124874189505977
802,80.1016,17.1411428610489
803,80.2016,17.06162752216208
804,80.3016,17.029643980154805
805,80.4016,17.214429897096068
806,80.5016,17.217538720516647
807,80.6016,17.214881712845308
808,80.7016,17.10525887595638
809,80.8016,17.118575466771635
810,80.9016,17.09757787819017
811,81.0016,17.087145365398385
812,81.1016,17.097429278010495
813,81.2016,17.291326484273444
814,81.3016,17.144751847263965
815,81.4016,17.056881930348997
816,81.5016,17.171035079051396
817,81.6016,17.082459473181828
818,81.7016,17.06760491388143
819,81.8016,17.010540652089794
820,81.9016,17.037680100267767
821,82.0016,17.10812788397372
822,82.1016,17.064727346407672
823,82.2016,17.13208036927948
824,82.3016,16.995109070515323
825,82.4016,17.08695200304628
826,82.5017,17.129845578955027
827,82.6017,17.06725133228283
828,82.7017,17.037054841527603
829,82.8017,16.971797589517053
830,82.9017,17.076906044120253
831,83.0017,17.049085013723317
832,83.1017,16.976129401693303
833,83.2017,17.073458416820277
834,83.3017,17.051335073605824
835,83.4017,16.958678557076063
836,83.5017,16.931057337851684
837,83.6017,16.952031349363548
838,83.7017,17.077245463665918
839,83.8017,17.033806918502684
840,83.9017,16.962926341459635
841,84.0017,17.091870823570957
842,84.1017,16.994417799672352
843,84.2017,16.952770924699877
844,84.3017,17.031575537129783
845,84.4017,17.08045490112817
846,84.5017,16.96363101868402
847,84.6017,17.096732985132196
848,84.7017,17.122410018279233
849,84.8017,16.953922831019977
850,84.9017,16.881172955062528
851,85.0017,16.920185735969543
852,85.1017,16.92974117605759
853,85.2017,16.91727654558328
854,85.3017,16.978508436182896
855,85.4017,16.881399155141622
856,85.5017,16.871296641248158
857,85.6017,16.916783122069845
858,85.7017,16.944828348613694
859,85.8017,17.07187337516768
860,85.9017,16.869648243739764
861,86.0017,16.945089620979132
862,86.1017,16.93824905976276
863,86.2017,16.95398372746652
864,86.3017,16.93451105052564
865,86.4017,16.938804543617245
866,86.5017,16.930285570655453
867,86.6017,17.06040829833923
868,86.7017,17.00228253964124
869,86.8017,17.06225877418588
870,86.9017,17.00745674266102
871,87.0017,17.10057086577123
872,87.1017,17.019768047916713
873,87.2017,16.972709010679985
874,87.3017,16.99612503755567
875,87.4017,17.000215875201064
876,87.5018,16.92791420928457
877,87.6018,17.08627571938406
878,87.7018,16.974443274874584
879,87.8018,16.91291470439167
880,87.9018,16.864759334989195
881,88.0018,16.93608459772894
882,88.1018,17.022960554383104
883,88.2018,16.950044633349133
884,88.3018,16.98612446203379
885,88.4018,17.029607949741223
886,88.5018,16.95425964157958
887,88.6018,17.108115501652584
888,88.7018,17.093893640972553
889,88.8018,17.015650804036635
890,88.9018,17.076719729980386
891,89.0018,17.022539801444857
892,89.1018,16.970034337051306
893,89.2018,16.925216431058605
894,89.3018,17.00517339056663
895,89.4018,16.90662126055798
896,89.5018,16.918285573433693
897,89.6018,16.960779069714675
898,89.7018,17.006711405615693
899,89.8018,16.873397194154027
900,89.9018,16.89682776045089
901,90.0018,16.882663827499854
902,90.1018,16.960353105053745
903,90.2018,17.005364867604616
904,90.3018,16.920660701505184
905,90.4018,16.93386667655735
906,90.5018,16.94748073065595
907,90.6018,16.976021966751
908,90.7018,17.06532701532797
909,90.8018,17.03315992668786
910,90.9018,17.114633527548232
911,91.0018,16.932678320198573
912,91.1018,17.023138688121843
913,91.2018,16.953101636347224
914,91.3018,17.035038237588072
915,91.4018,16.957986689119345
916,91.5018,16.997229430687177
917,91.6018,16.989685550201965
918,91.7018,16.948902399553987
919,91.8018,17.044279266696492
920,91.9018,17.03505854236563
921,92.0018,17.110710431918662
922,92.1018,17.007665837502756
923,92.2018,17.034129784581943
924,92.3018,17.0368006259429
925,92.4018,16.948189312621192
926,92.5019,17.018049185729552
927,92.6019,16.894057244519463
928,92.7019,16.91708297765721
929,92.8019,16.95500316186837
930,92.9019,16.958575819433133
931,93.0019,16.899868609593444
932,93.1019,17.02691123773486
933,93.2019,16.867121153884348
934,93.3019,16.96804355151041
935,93.4019,17.025653095329524
936,93.5019,16.985425511764408
937,93.6019,17.043706543233167
938,93.7019,17.063182476151464
939,93.8019,16.94922092060744
940,93.9019,17.018068206328753
941,94.0019,17.04576603963905
942,94.1019,17.097193471838324
943,94.2019,17.02391533457143
944,94.3019,17.035826200646596
945,94.4019,17.02867042754772
946,94.5019,17.169713183242553
947,94.6019,17.17673738029734
948,94.7019,17.139049479434174
949,94.8019,17.170944418956392
950,94.9019,17.073766921859622
951,95.0019,17.07288111160379
952,95.1019,17.029658883534864
953,95.2019,17.18403547083233
954,95.3019,17.039078121956265
955,95.4019,17.06777992499246
956,95.5019,17.083863153216722
957,95.6019,17.133076261468236
958,95.7019,17.0071423787557
959,95.8019,16.969245053625727
960,95.9019,17.017905625984028
961,96.0019,16.980063909546484
962,96.1019,17.029212968504027
963,96.2019,17.054349271124586
964,96.3019,17.105619843416388
965,96.4019,17.108480297954973
966,96.5019,17.125668529732877
967,96.6019,17.07847856955275
968,96.7019,17.03237679209759
969,96.8019,17.06605145274029
970,96.9019,17.161679692823206
971,97.0019,17.130929933780813
972,97.1019,17.092715156624386
973,97.2019,17.074235372430106
974,97.3019,17.069230054002013
975,97.4019,17.092225987149593
976,97.5019,17.151121335685556
977,97.602,16.926637708846233
978,97.702,17.051493521766453
979,97.802,16.942189569224674
980,97.902,16.984152542791133
981,98.002,16.85695492151123
982,98.102,16.974776815449186
983,98.202,17.07590207604074
984,98.302,16.990591333053676
985,98.402,16.87169466976042
986,98.502,16.837570419116677
987,98.602,16.881015922630613
988,98.702,16.968874760449857
989,98.802,16.99267724586517
990,98.902,16.925945008129354
991,99.002,17.0674423324907
992,99.102,17.006457887552678
993,99.202,16.981008284862074
994,99.302,17.035451620116273
995,99.402,16.94157119623191
996,99.502,17.043389572047094
997,99.602,17.098617565825677
998,99.702,17.049456907118334
999,99.802,16.929626675217662
1000,99.902,16.93686511252329
1001,100.002,16.91421763683442
1002,100.102,16.961821568902945
1003,100.202,16.96413910632796
1004,100.302,16.931944477270953
1005,100.402,16.934118844346997
1006,100.502,16.919590353215778
1007,100.602,16.862879689366252
1008,100.702,16.901400739745924
1009,100.802,17.02158317637724
1010,100.902,16.80974745638712
1011,101.002,16.794637899095587
1012,101.102,16.874544834823755
1013,101.202,16.89932272488147
1014,101.302,16.796016093330778
1015,101.402,16.821540364837983
1016,101.502,16.76012138472842
1017,101.602,16.796576816652884
1018,101.702,16.825682111313583
1019,101.802,16.812367721349425
1020,101.902,16.87813624918861
1021,102.002,16.936424794091252
1022,102.102,16.861393184458827
1023,102.202,16.830322907138658
1024,102.302,16.828657050127365
1025,102.402,16.916887536675635
1026,102.502,16.91535415407746
1027,102.6021,16.89845027319299
1028,102.7021,16.936167415183363
1029,102.8021,16.87938490838207
1030,102.9021,16.915161362001314
1031,103.0021,16.838755004362373
1032,103.1021,16.896838941359775
1033,103.2021,16.89016987993667
1034,103.3021,16.882448725804775
1035,103.4021,16.85977681299361
1036,103.5021,16.855387193455442
1037,103.6021,16.93047271281337
1038,103.7021,16.82405728909227
1039,103.8021,16.943216308341828
1040,103.9021,16.93216835232483
1041,104.0021,16.92693556961608
1042,104.1021,16.93660955236204
1043,104.2021,16.957489736381874
1044,104.3021,16.877316732761443
1045,104.4021,16.909645793283318
1046,104.5021,17.05805289954713
1047,104.6021,16.93731627928285
1048,104.7021,16.93081360107645
1049,104.8021,16.862700886130252
1050,104.9021,16.99988054981061
1051,105.0021,16.945265824981597
1052,105.1021,16.75186482457161
1053,105.2021,16.907605436216233
1054,105.3021,16.790717506032777
1055,105.4021,16.79989161759287
1056,105.5021,16.87323389436753
1057,105.6021,16.870864929703952
1058,105.7021,16.831391082499422
1059,105.8021,16.848198750608006
1060,105.9021,16.888658484223836
1061,106.0021,16.86409305429352
1062,106.1021,16.831685061762247
1063,106.2021,16.968451172492653
1064,106.3021,17.036322901108747
1065,106.4021,16.957279417408518
1066,106.5021,16.901084189667845
1067,106.6021,16.937901625989205
1068,106.7021,16.92564139550618
1069,106.8021,16.888718233285655
1070,106.9021,16.97748959475607
1071,107.0021,16.854021685676145
1072,107.1021,16.858455535648236
1073,107.2021,16.85273043611765
1074,107.3021,16.884923817325106
1075,107.4021,16.882505032955805
1076,107.5022,16.886837871179903
1077,107.6022,16.812367215621833
1078,107.7022,17.03242653390522
1079,107.8022,16.93401909040914
1080,107.9022,16.89533007014888
1081,108.0022,17.097487668988904
1082,108.1022,16.87683331239842
1083,108.2022,16.944686331449525
1084,108.3022,17.009103742863882
1085,108.4022,17.013349745880188
1086,108.5022,16.980805212833296
1087,108.6022,16.92922672355806
1088,108.7022,17.028738498384737
1089,108.8022,16.9225510895783
1090,108.9022,17.003403081838137
1091,109.0022,16.9519064106407
1092,109.1022,16.942835002806472
1093,109.2022,17.040782166123538
1094,109.3022,17.032394094750423
1095,109.4022,17.00365405260349
1096,109.5022,16.969393436441546
1097,109.6022,17.0040222147142
1098,109.7022,16.98291085134452
1099,109.8022,17.037865502674176
1100,109.9022,16.97744747247561
1101,110.0022,17.009934226246433
1102,110.1022,17.061173516944876
1103,110.2022,16.997294830575704
1104,110.3022,17.052674948600437
1105,110.4022,17.05662472679827
1106,110.5022,17.068402961258542
1107,110.6022,16.969415496422112
1108,110.7022,16.91843265646036
1109,110.8022,17.0511707321764
1110,110.9022,17.03672899165171
1111,111.0022,17.071601547682864
1112,111.1022,17.01054203732053
1113,111.2022,16.950049378078553
1114,111.3022,16.983597269932588
1115,111.4022,17.039889261096217
1116,111.5022,17.01322783691825
1117,111.6022,16.92087519064678
1118,111.7022,17.001504064546708
1119,111.8022,16.885398881156327
1120,111.9022,16.928459271821573
1121,112.0022,17.056133342037217
1122,112.1022,16.97385376335197
1123,112.2022,16.929998945628544
1124,112.3022,17.05140748674137
1125,112.4022,16.983338623574536
1126,112.5023,16.9286523655462
1127,112.6023,16.94282500664077
1128,112.7023,17.00604353233015
1129,112.8023,16.914434612292506
1130,112.9023,16.839349764562225
1131,113.0023,16.78220321727181
1132,113.1023,16.94218675345614
1133,113.2023,16.76734558537963
1134,113.3023,16.861271435635942
1135,113.4023,16.96192929441057
1136,113.5023,16.894619294620714
1137,113.6023,16.908913408654335
1138,113.7023,16.968592473560356
1139,113.8023,16.918093143940446
1140,113.9023,16.975590208137124
1141,114.0023,16.923691469339754
1142,114.1023,16.956254882782446
1143,114.2023,16.884697093317456
1144,114.3023,16.858763768100744
1145,114.4023,16.890415904870515
1146,114.5023,16.94127294885791
1147,114.6023,16.991450775562235
1148,114.7023,16.881665848117795
1149,114.8023,16.968669695015226
1150,114.9023,16.96809995934131
1151,115.0023,16.917373709850143
1152,115.1023,16.85935742622173
1153,115.2023,16.885867860406012
1154,115.3023,16.929584995585355
1155,115.4023,16.93573694844273
1156,115.5023,16.850357078723853
1157,115.6023,16.92618577080103
1158,115.7023,16.81354998019669
1159,115.8023,16.900509255384403
1160,115.9023,16.8110773504859
1161,116.0023,16.853153879056183
1162,116.1023,16.92990868422285
1163,116.2023,17.04415514165715
1164,116.3023,16.939480800005924
1165,116.4023,16.893286748805174
1166,116.5023,16.91943533718454
1167,116.6023,16.87109750943434
1168,116.7023,16.936368556111795
1169,116.8023,16.952507440454358
1170,116.9023,16.996268588281772
1171,117.0023,16.964562927936992
1172,117.1023,16.959324178946172
1173,117.2023,16.805890306053907
1174,117.3023,16.873112735153175
1175,117.4023,16.78581064526651
1176,117.5024,16.931571333699498
1177,117.6024,16.871367347990976
1178,117.7024,16.92292674441803
1179,117.8024,16.782444346279753
1180,117.9024,16.84880434138649
1181,118.0024,16.92425826168652
1182,118.1024,16.807413568493484
1183,118.2024,16.88898795720213
1184,118.3024,16.856489175805375
1185,118.4024,16.818023879028342
1186,118.5024,16.859020230108726
1187,118.6024,16.86775922906986
1188,118.7024,16.979784916796334
1189,118.8024,16.904819838994737
1190,118.9024,16.88899362913943
1191,119.0024,16.946798757736172
1192,119.1024,16.910161543635745
1193,119.2024,16.989601984888502
1194,119.3024,16.961091026492323
1195,119.4024,16.913869363704986
1196,119.5024,17.002254008844965
1197,119.6024,16.90640166211437
1198,119.7024,17.03260611929445
1199,119.8024,16.897395695603525
1200,119.9024,17.00421452084339
1201,120.0024,16.824338248756955
1202,120.1024,16.87482660398094
1203,120.2024,16.882256340040584
1204,120.3024,16.865425678184433
1205,120.4024,16.920848386908673
1206,120.5024,16.835383541003594
1207,120.6024,16.80527822694265
1208,120.7024,16.809089536910403
1209,120.8024,16.745055288487624
1210,120.9024,16.83181422046246
1211,121.0024,16.822078397976817
1212,121.1024,16.90689668238016
1213,121.2024,16.910003877018184
1214,121.3024,16.838755381379695
1215,121.4024,16.723463005639257
1216,121.5024,16.737940595619058
1217,121.6024,16.708727141458848
1218,121.7024,16.84847845875798
1219,121.8024,16.863350644686246
1220,121.9024,16.719499271221082
1221,122.0024,16.832798230037703
1222,122.1024,16.876597532876094
1223,122.2024,16.900868230042104
1224,122.3024,16.86715375580925
1225,122.4024,16.989271785650683
1226,122.5024,16.911823819487147
1227,122.6025,16.83354653679365
1228,122.7025,16.953394705574897
1229,122.8025,16.827471033911806
1230,122.9025,16.870304775725778
1231,123.0025,16.969670523901293
1232,123.1025,16.890743632818374
1233,123.2025,16.960706913487677
1234,123.3025,17.010287210696667
1235,123.4025,16.99150296135266
1236,123.5025,16.91280331643023
1237,123.6025,16.961170185752163
1238,123.7025,16.97706513018752
1239,123.8025,16.881563674464637
1240,123.9025,16.811725953647983
1241,124.0025,16.840505785683096
1242,124.1025,16.931514164949174
1243,124.2025,16.90083127693202
1244,124.3025,16.822206360179784
1245,124.4025,16.919994163798208
1246,124.5025,16.87897977760145
1247,124.6025,16.88189605430832
1248,124.7025,16.834024448270252
1249,124.8025,16.8607100585858
1250,124.9025,16.92720548124616
1251,125.0025,16.928327854925683
1252,125.1025,16.936944481494052
1253,125.2025,17.04922544673206
1254,125.3025,16.87436125214123
1255,125.4025,17.0315611294593
1256,125.5025,16.847994392996757
1257,125.6025,16.89918726622006
1258,125.7025,16.947909641607577
1259,125.8025,16.952808265790956
1260,125.9025,16.97101979395174
1261,126.0025,16.85202624181921
1262,126.1025,16.893158860983508
1263,126.2025,17.00732034753843
1264,126.3025,16.959116193134832
1265,126.4025,16.9932329884191
1266,126.5025,16.942406536871744
1267,126.6025,16.914975801517084
1268,126.7025,16.971059309280626
1269,126.8025,17.002014349530945
1270,126.9025,17.003615584374554
1271,127.0025,16.91029638787457
1272,127.1025,16.920716838248428
1273,127.2025,16.981617640508645
1274,127.3025,16.86859476034286
1275,127.4025,16.97368219887772
1276,127.5025,16.993350902167318
1277,127.6026,17.038198662392823
1278,127.7026,16.943775960076675
1279,127.8026,16.935763709708688
1280,127.9026,17.007271738728985
1281,128.0026,16.884037147605845
1282,128.1026,16.96098075101595
1283,128.2026,16.83886767280629
1284,128.3026,16.90357822716757
1285,128.4026,16.93530031564165
1286,128.5026,16.85364535243351
1287,128.6026,16.849904532532033
1288,128.7026,16.795269939451316
1289,128.8026,16.85349627369335
1290,128.9026,16.82310303092823
1291,129.0026,16.788350910988417
1292,129.1026,16.696491572230016
1293,129.2026,16.77801041565651
1294,129.3026,16.756697589111248
1295,129.4026,16.78100548752676
1296,129.5026,16.69341555750058
1297,129.6026,16.778798016961208
1298,129.7026,16.69482742873357
1299,129.8026,16.754388560488373
1300,129.9026,16.83445188107882
1301,130.0026,16.798370331166577
1302,130.1026,16.8574378796993
1303,130.2026,16.778076325019367
1304,130.3026,16.767417588185904
1305,130.4026,16.726161669321222
1306,130.5026,16.764921254239876
1307,130.6026,16.85187189666486
1308,130.7026,16.713562759303873
1309,130.8026,16.74620052520949
1310,130.9026,16.68681934383786
1311,131.0026,16.735702727501465
1312,131.1026,16.72186117666113
1313,131.2026,16.713206450164922
1314,131.3026,16.710578758729756
1315,131.4026,16.770531670523035
1316,131.5026,16.80189775016013
1317,131.6026,16.69655486569693
1318,131.7026,16.85960562793881
1319,131.8026,16.782652889543467
1320,131.9026,16.867966957662
1321,132.0026,16.804324689182284
1322,132.1026,16.893193258424525
1323,132.2026,16.877578690508237
1324,132.3026,16.807862747707436
1325,132.4026,16.7598020007955
1326,132.5026,16.867246771060938
1327,132.6027,16.76332432956101
1328,132.7027,16.860596087060145
1329,132.8027,16.82235094395759
1330,132.9027,16.78193630679314
1331,133.0027,16.87006601158408
1332,133.1027,16.947932660409254
1333,133.2027,16.82932024745629
1334,133.3027,16.93934495274601
1335,133.4027,16.95934175431767
1336,133.5027,16.886512934069266
1337,133.6027,16.793615959811284
1338,133.7027,16.88259822303871
1339,133.8027,16.89439079871187
1340,133.9027,16.80980041648002
1341,134.0027,16.859676826221
1342,134.1027,16.855106294304164
1343,134.2027,16.858321311324172
1344,134.3027,16.7923440928201
1345,134.4027,16.867599172132387
1346,134.5027,16.804823889497317
1347,134.6027,16.84318581807076
1348,134.7027,16.79397235665746
1349,134.8027,16.868290573141035
1350,134.9027,16.76686304542468
1351,135.0027,16.823497513173816
1352,135.1027,16.953889784932034
1353,135.2027,16.792748879372173
1354,135.3027,16.737446254906892
1355,135.4027,16.736615201743504
1356,135.5027,16.84187714452533
1357,135.6027,16.75881255224114
1358,135.7027,16.714092096286677
1359,135.8027,16.70666067614362
1360,135.9027,16.751829605998974
1361,136.0027,16.751745902185732
1362,136.1027,16.86271313383398
1363,136.2027,16.878564775006062
1364,136.3027,16.709140856232953
1365,136.4027,16.774858972740617
1366,136.5027,16.818278592673995
1367,136.6027,16.866453265338787
1368,136.7027,16.886745880632777
1369,136.8027,16.809938349251446
1370,136.9027,16.86557689348651
1371,137.0027,16.81404345915641
1372,137.1027,16.828186004363143
1373,137.2027,16.860812659653952
1374,137.3027,16.811178098267828
1375,137.4027,16.744278946113166
1376,137.5027,16.84711280424366
1377,137.6028,16.748093411462907
1378,137.7028,16.763054737848325
1379,137.8028,16.87161990877971
1380,137.9028,16.95562571839523
1381,138.0028,16.938046260735266
1382,138.1028,16.879168395126378
1383,138.2028,16.924861124239822
1384,138.3028,16.90315137376988
1385,138.4028,16.876300040338375
1386,138.5028,16.850437243134003
1387,138.6028,16.868970005033468
1388,138.7028,16.8816386584749
1389,138.8028,16.919227388852306
1390,138.9028,16.924394096699007
1391,139.0028,16.97821038141265
1392,139.1028,16.813109875714794
1393,139.2028,16.9100655712771
1394,139.3028,16.820751783641352
1395,139.4028,16.9087919448382
1396,139.5028,16.923836101791824
1397,139.6028,16.86897532503575
1398,139.7028,16.876108006422058
1399,139.8028,16.9784348641557
1400,139.9028,16.843429479519397
1401,140.0028,16.865131395061105
1402,140.1028,16.879200952755813
1403,140.2028,16.90005548216799
1404,140.3028,16.811043737982914
1405,140.4028,16.989103530040374
1406,140.5028,16.983813541193346
1407,140.6028,16.994072800071283
1408,140.7028,16.916659889073944
1409,140.8028,16.915204663862628
1410,140.9028,16.84712762074498
1411,141.0028,16.862810337194716
1412,141.1028,16.87663156133093
1413,141.2028,16.90314691379109
1414,141.3028,16.888027934463224
1415,141.4028,16.84312509804092
1416,141.5028,16.922127426694487
1417,141.6028,16.97500241568579
1418,141.7028,16.992106288010916
1419,141.8028,16.933870696342197
1420,141.9028,16.824029248986022
1421,142.0028,16.87043710167696
1422,142.1028,16.87949418101601
1423,142.2028,16.957318925994155
1424,142.3028,16.93630114209118
1425,142.4028,16.798501642359888
1426,142.5028,16.83313487072061
1427,142.6029,16.76819148116187
1428,142.7029,16.851172834131233
1429,142.8029,17.001404854318693
1430,142.9029,16.939387488425183
1431,143.0029,16.901894859887058
1432,143.1029,16.882499409392743
1433,143.2029,16.859158294716085
1434,143.3029,16.998266979990145
1435,143.4029,16.99142939596799
1436,143.5029,16.941681303162277
1437,143.6029,16.93326127242447
1438,143.7029,16.813104613777565
1439,143.8029,16.930448736353146
1440,143.9029,16.894291958205415
1441,144.0029,16.892281954084595
1442,144.1029,16.953589495930306
1443,144.2029,16.877488255886213
1444,144.3029,16.77445621248439
1445,144.4029,16.821508742070606
1446,144.5029,16.840423104522777
1447,144.6029,16.88855967274807
1448,144.7029,16.82994432317373
1449,144.8029,16.92970131417708
1450,144.9029,16.81881827363705
1451,145.0029,16.983344064162107
1452,145.1029,17.003913263867418
1453,145.2029,17.05167719112506
1454,145.3029,16.91554903482872
1455,145.4029,16.925173773324087
1456,145.5029,16.900599762136494
1457,145.6029,16.966046987654316
1458,145.7029,16.94998966705324
1459,145.8029,17.006011473238836
1460,145.9029,16.929837797760367
1461,146.0029,16.9528317312117
1462,146.1029,16.98282105885426
1463,146.2029,17.032360155371165
1464,146.3029,16.86051243793637
1465,146.4029,16.93973387055703
1466,146.5029,16.867260806455217
1467,146.6029,16.995496833036082
1468,146.7029,16.91902817853505
1469,146.8029,16.969051264461633
1470,146.9029,17.000425765390762
1471,147.0029,16.926415143729173
1472,147.1029,16.9527284515725
1473,147.2029,16.944427055972277
1474,147.3029,16.99190876378414
1475,147.4029,16.982531776190648
1476,147.5029,16.93678322304196
1477,147.603,16.936473137761208
1478,147.703,16.990187571782602
1479,147.803,16.922226241989808
1480,147.903,16.938417481457645
1481,148.003,16.908033775212456
1482,148.103,16.87383531028947
1483,148.203,16.955074538455758
1484,148.303,17.02051235235843
1485,148.403,16.957764306683924
1486,148.503,17.052159101581186
1487,148.603,16.928688280370924
1488,148.703,16.981542362204717
1489,148.803,16.855664773153162
1490,148.903,16.89461725707429
1491,149.003,16.891940021947494
1492,149.103,16.8858059390919
1493,149.203,16.902595040709226
1494,149.303,16.961327839287758
1495,149.403,16.870893419735786
1496,149.503,16.951085783797037
1497,149.603,16.94858889060398
1498,149.703,16.868848052163962
1499,149.803,16.907423561408837
1500,149.903,16.92952195816852
1501,150.003,16.890689853329548
1502,150.103,16.973246983765627
1503,150.203,16.872317144159073
1504,150.303,16.916634528630816
1505,150.403,16.878641105180115
1506,150.503,16.876955543838818
1507,150.603,16.917893159078126
1508,150.703,17.01695198145252
1509,150.803,16.87555363041364
1510,150.903,16.92545545747945
1511,151.003,16.957869119352075
1512,151.103,16.908083327887844
1513,151.203,17.00036069584189
1514,151.303,16.995592060994618
1515,151.403,16.988987663624044
1516,151.503,17.054286868411438
1517,151.603,16.956656722231713
1518,151.703,16.98291325006715
1519,151.803,16.87650908966858
1520,151.903,16.828162627883316
1521,152.003,16.937582450016883
1522,152.103,16.786799815175208
1523,152.203,16.946491841037076
1524,152.303,16.809151530670338
1525,152.403,16.772687243701608
1526,152.5031,16.819386419589012
1527,152.6031,16.81026597287368
1528,152.7031,16.867815510479097
1529,152.8031,16.9519513413096
1530,152.9031,16.890110167217117
1531,153.0031,16.902003590070983
1532,153.1031,16.773426323116137
1533,153.2031,16.914912747125918
1534,153.3031,16.933744134822973
1535,153.4031,16.97027514247084
1536,153.5031,16.958666998364954
1537,153.6031,16.86214957341126
1538,153.7031,16.982804832566874
1539,153.8031,17.03621369493302
1540,153.9031,17.09984732635287
1541,154.0031,16.911050715108107
1542,154.1031,16.93126255157628
1543,154.2031,17.003346070426957
1544,154.3031,16.887769240835933
1545,154.4031,16.918267464054548
1546,154.5031,16.950568580268378
1547,154.6031,16.882191784190685
1548,154.7031,16.930975137206463
1549,154.8031,16.9631629923297
1550,154.9031,16.946751009285364
1551,155.0031,16.976243481831645
1552,155.1031,16.897199858932424
1553,155.2031,16.8741067139626
1554,155.3031,16.909821943788767
1555,155.4031,16.958441573613293
1556,155.5031,16.96462287328622
1557,155.6031,16.919819198018818
1558,155.7031,16.956659343710776
1559,155.8031,16.91266180111394
1560,155.9031,16.874691380203842
1561,156.0031,17.001497896404807
1562,156.1031,17.01356583244085
1563,156.2031,16.857259069170542
1564,156.3031,16.973900281915085
1565,156.4031,16.891203072282376
1566,156.5031,16.974561875484635
1567,156.6031,16.91786685469404
1568,156.7031,16.945798034574796
1569,156.8031,16.997050384461733
1570,156.9031,16.94382289038801
1571,157.0031,16.995027695193162
1572,157.1031,16.908159209002402
1573,157.2031,16.93412994693823
1574,157.3031,17.017348745501778
1575,157.4031,16.958115602724657
1576,157.5032,16.89682005867935
1577,157.6032,16.963531694089202
1578,157.7032,16.91613330500848
1579,157.8032,16.934896457211977
1580,157.9032,16.947701516750136
1581,158.0032,17.035558021793776
1582,158.1032,16.89749491056507
1583,158.2032,16.962713051973076
1584,158.3032,16.90158539356915
1585,158.4032,16.875105891722285
1586,158.5032,16.92480877042519
1587,158.6032,16.99029964903752
1588,158.7032,16.95341317369198
1589,158.8032,16.834791510522667
1590,158.9032,16.90958325768388
1591,159.0032,16.889098272364375
1592,159.1032,16.855959963924487
1593,159.2032,16.946885806039717
1594,159.3032,16.964658273043096
1595,159.4032,17.06840581246846
1596,159.5032,17.010751906410075
1597,159.6032,17.069999501569125
1598,159.7032,16.940789025279134
1599,159.8032,16.918020831996667
1600,159.9032,16.900942921934952
1601,160.0032,16.90757771451378
1602,160.1032,16.84815146412061
1603,160.2032,16.957308130565075
1604,160.3032,17.026394214598785
1605,160.4032,16.938001352728953
1606,160.5032,16.93291944348309
1607,160.6032,16.996543122222928
1608,160.7032,16.915193629302582
1609,160.8032,16.886499540647762
1610,160.9032,16.91138596122216
1611,161.0032,16.96345141076765
1612,161.1032,16.881769915811876
1613,161.2032,16.79501544883982
1614,161.3032,16.812259770809604
1615,161.4032,16.789633659973113
1616,161.5032,16.819744655003007
1617,161.6032,16.833746715884025
1618,161.7032,16.832874786611686
1619,161.8032,16.89996312969657
1620,161.9032,16.785999222254752
1621,162.0032,16.81987700884679
1622,162.1032,16.782627453707505
1623,162.2032,16.83025276654482
1624,162.3032,16.743599969609217
1625,162.4032,16.699500470990433
1626,162.5033,16.764996492942895
1627,162.6033,16.916470892050985
1628,162.7033,16.933462351219013
1629,162.8033,16.988522372548285
1630,162.9033,16.965586753153183
1631,163.0033,16.811592424942265
1632,163.1033,16.94869888191207
1633,163.2033,16.848881358727095
1634,163.3033,16.895124664367085
1635,163.4033,16.76364677912669
1636,163.5033,16.83730391255215
1637,163.6033,16.884702394231542
1638,163.7033,16.78013675802184
1639,163.8033,16.91545601355996
1640,163.9033,16.8268940515355
1641,164.0033,16.886241542279116
1642,164.1033,16.853938841807143
1643,164.2033,16.869021487674498
1644,164.3033,16.873889113722015
1645,164.4033,16.828341171674317
1646,164.5033,16.97593910521975
1647,164.6033,16.99791183986717
1648,164.7033,16.897818619045907
1649,164.8033,16.998527555443705
1650,164.9033,16.932819077197877
1651,165.0033,16.99330917797386
1652,165.1033,17.026934604731775
1653,165.2033,17.059304690393684
1654,165.3033,17.06611282994581
1655,165.4033,17.002523847858015
1656,165.5033,16.9929329519938
1657,165.6033,17.017342298076915
1658,165.7033,16.817898426121634
1659,165.8033,16.8506764070394
1660,165.9033,16.96165026035208
1661,166.0033,16.921471666244
1662,166.1033,16.883243043634852
1663,166.2033,16.89883900900566
1664,166.3033,17.042032840594118
1665,166.4033,16.88766993986018
1666,166.5033,16.960233450155222
1667,166.6033,16.902894764743376
1668,166.7033,16.9707445666384
1669,166.8033,17.140317106743137
1670,166.9033,17.0902462178381
1671,167.0033,17.062875229685766
1672,167.1033,16.968307582974035
1673,167.2033,17.06522916536766
1674,167.3033,16.862520069217844
1675,167.4033,16.94820905179618
1676,167.5034,16.972348969296327
1677,167.6034,17.00101888934575
1678,167.7034,16.927205517753947
1679,167.8034,16.941617126835876
1680,167.9034,16.951340567440337
1681,168.0034,16.942832304639325
1682,168.1034,17.006559077106186
1683,168.2034,16.911182499500647
1684,168.3034,16.984637459742164
1685,168.4034,17.033451276663754
1686,168.5034,16.980614037447868
1687,168.6034,17.019944851859403
1688,168.7034,17.09216149529791
1689,168.8034,17.059332108458115
1690,168.9034,17.031174013304863
1691,169.0034,17.03614068235612
1692,169.1034,16.953372438703884
1693,169.2034,16.951338512281815
1694,169.3034,16.883692432286406
1695,169.4034,16.867371053013898
1696,169.5034,16.87752438277075
1697,169.6034,16.90774819712084
1698,169.7034,16.934973732414882
1699,169.8034,16.881919890970067
1700,169.9034,16.934068571699758
1701,170.0034,16.885079111032763
1702,170.1034,17.01151723314963
1703,170.2034,16.811966853553503
1704,170.3034,16.926271682149157
1705,170.4034,16.9040706659039
1706,170.5034,16.91980481016076
1707,170.6034,16.99933945288061
1708,170.7034,17.068290319032336
1709,170.8034,16.976092158675183
1710,170.9034,16.93253866395391
1711,171.0034,16.927838702944015
1712,171.1034,16.97493489579082
1713,171.2034,16.959538009384556
1714,171.3034,16.960324596093425
1715,171.4034,16.95121811474222
1716,171.5034,17.013328732604435
1717,171.6034,16.87474534488383
1718,171.7034,16.84472666906402
1719,171.8034,16.894110093940863
1720,171.9034,16.947564721290508
1721,172.0034,17.12104790934392
1722,172.1034,16.967566195525645
1723,172.2034,16.948900934312203
1724,172.3034,16.960024624320376
1725,172.4034,17.029159091962615
1726,172.5035,17.046863261581436
1727,172.6035,16.960271165954833
1728,172.7035,16.931330894541443
1729,172.8035,16.968172623614514
1730,172.9035,16.945464518096976
1731,173.0035,16.943889703543547
1732,173.1035,16.95729608759613
1733,173.2035,16.770173672022633
1734,173.3035,16.905436690252433
1735,173.4035,16.894825106226396
1736,173.5035,17.024108871693173
1737,173.6035,16.953882027878922
1738,173.7035,16.89869520587376
1739,173.8035,16.968689415508635
1740,173.9035,16.985245481115847
1741,174.0035,16.932159609776622
1742,174.1035,16.887707461336458
1743,174.2035,16.822265673384543
1744,174.3035,16.92688853432308
1745,174.4035,16.914498684977676
1746,174.5035,16.845703417373088
1747,174.6035,16.842982656836632
1748,174.7035,16.83799470023228
1749,174.8035,16.852641982224693
1750,174.9035,16.849992836470964
1751,175.0035,17.007341309012116
1752,175.1035,16.882586823300894
1753,175.2035,16.932220524534774
1754,175.3035,16.815196135039095
1755,175.4035,16.818535077947672
1756,175.5035,16.90525931218003
1757,175.6035,16.98583977556933
1758,175.7035,16.859102686951484
1759,175.8035,16.891455173360605
1760,175.9035,16.94836725234491
1761,176.0035,16.893408222159625
1762,176.1035,16.88836798760319
1763,176.2035,16.998482612513
1764,176.3035,16.89315981660781
1765,176.4035,16.99030863390682
1766,176.5035,16.91135378797105
1767,176.6035,16.966783848026726
1768,176.7035,16.840481387811202
1769,176.8035,16.949898487754155
1770,176.9035,16.935942952526403
1771,177.0035,16.833644986527688
1772,177.1035,16.895209095488955
1773,177.2035,16.86012246968025
1774,177.3035,16.880294934694465
1775,177.4035,16.82482537146745
1776,177.5036,16.860414751991012
1777,177.6036,16.97797714038892
1778,177.7036,16.91088257534218
1779,177.8036,16.953863623776996
1780,177.9036,16.874323818345147
1781,178.0036,16.948272973741506
1782,178.1036,16.795595207258863
1783,178.2036,16.914413249408486
1784,178.3036,16.82722202047867
1785,178.4036,16.865151396165185
1786,178.5036,16.850453413619405
1787,178.6036,16.861459037808817
1788,178.7036,16.84228344051274
1789,178.8036,16.73175881014944
1790,178.9036,16.874939981748426
1791,179.0036,16.954233897868196
1792,179.1036,16.879813870688228
1793,179.2036,16.985838592883
1794,179.3036,16.81905082570077
1795,179.4036,16.983604083578875
1796,179.5036,16.95023832076512
1797,179.6036,16.89705103365176
1798,179.7036,16.8986257328768
1799,179.8036,16.84137447386968
1800,179.9036,16.91155724850174
1801,180.0036,16.97027234246193
1802,180.1036,17.014491845965548
1803,180.2036,17.00572614039888
1804,180.3036,17.023820665983102
1805,180.4036,16.997884468455688
1806,180.5036,16.990226334408973
1807,180.6036,16.964408267081996
1808,180.7036,17.05158590728064
1809,180.8036,16.96862911813599
1810,180.9036,16.95748490074504
1811,181.0036,16.946574103242472
1812,181.1036,16.845591094434685
1813,181.2036,16.871492303447052
1814,181.3036,16.89758679540883
1815,181.4036,16.868550103223527
1816,181.5036,16.880545130695246
1817,181.6036,16.94417863463958
1818,181.7036,16.913323533812246
1819,181.8036,16.886023369932804
1820,181.9036,16.914558883740806
1821,182.0036,16.885788012995786
1822,182.1036,16.91986466914119
1823,182.2036,16.870267091322663
1824,182.3036,16.97014579300209
1825,182.4036,16.980958316630044
1826,182.5036,16.927190039357004
1827,182.6037,17.13149367369532
1828,182.7037,17.093725562635655
1829,182.8037,17.09667820597914
1830,182.9037,17.128992203452896
1831,183.0037,17.02497067095045
1832,183.1037,17.002894296778965
1833,183.2037,17.014663967548497
1834,183.3037,17.13859842090886
1835,183.4037,17.241543683766615
1836,183.5037,17.134095888465254
1837,183.6037,17.278202523158715
1838,183.7037,17.102310230098098
1839,183.8037,17.105938198969643
1840,183.9037,17.10252951745063
1841,184.0037,17.073375477597853
1842,184.1037,17.090397140417274
1843,184.2037,17.079498035423825
1844,184.3037,17.011144895235553
1845,184.4037,17.011888131514617
1846,184.5037,17.006962892860674
1847,184.6037,17.043205452401757
1848,184.7037,17.012291064746385
1849,184.8037,17.04362492061641
1850,184.9037,17.016172545727567
1851,185.0037,16.943290113154003
1852,185.1037,16.935503907084364
1853,185.2037,16.99886968004092
1854,185.3037,16.909939420067353
1855,185.4037,16.972856832335868
1856,185.5037,17.125465741497358
1857,185.6037,17.074958290965643
1858,185.7037,17.051736381762616
1859,185.8037,17.02471234073173
1860,185.9037,16.925325531661137
1861,186.0037,16.960432956139393
1862,186.1037,16.965444119624955
1863,186.2037,16.95424894571027
1864,186.3037,16.922760075193125
1865,186.4037,16.89143141702802
1866,186.5037,16.84976095233215
1867,186.6037,16.88889561666146
1868,186.7037,16.860558494589778
1869,186.8037,16.84509893635195
1870,186.9037,16.88076943713421
1871,187.0037,16.851952199012555
1872,187.1037,16.81513569772525
1873,187.2037,16.899293912264866
1874,187.3037,16.826510182436156
1875,187.4037,16.84089613494126
1876,187.5037,16.822004879365046
1877,187.6038,16.87131972687519
1878,187.7038,16.778464971475124
1879,187.8038,16.970904935451117
1880,187.9038,16.94838837207406
1881,188.0038,16.90598461301386
1882,188.1038,16.941801729864622
1883,188.2038,16.934798571567168
1884,188.3038,16.98333690831933
1885,188.4038,16.77954018138266
1886,188.5038,16.888390335653607
1887,188.6038,16.878715203882077
1888,188.7038,16.99763864525458
1889,188.8038,16.956004907450883
1890,188.9038,16.909624503737245
1891,189.0038,16.940462273833447
1892,189.1038,16.969371585345698
1893,189.2038,17.058573810417432
1894,189.3038,17.03289994856443
1895,189.4038,17.07127012960099
1896,189.5038,17.043847072094223
1897,189.6038,17.10313808804754
1898,189.7038,16.982270578348327
1899,189.8038,17.022747218328835
1900,189.9038,17.071031440193526
1901,190.0038,17.056812333419487
1902,190.1038,16.9793178465335
1903,190.2038,16.959486689981112
1904,190.3038,16.86887089796966
1905,190.4038,16.909688204023247
1906,190.5038,16.9298711936555
1907,190.6038,16.890976940805135
1908,190.7038,16.87159675498526
1909,190.8038,16.81896169907356
1910,190.9038,16.883240921281114
1911,191.0038,16.850869757889573
1912,191.1038,16.843566366546884
1913,191.2038,16.923300125048275
1914,191.3038,16.848669578939436
1915,191.4038,16.83898155558812
1916,191.5038,16.902003031564174
1917,191.6038,16.94434902087466
1918,191.7038,16.967015960682478
1919,191.8038,16.902819085891036
1920,191.9038,16.93727245891842
1921,192.0038,17.05111089692588
1922,192.1038,17.04640208923215
1923,192.2038,16.890018267486454
1924,192.3038,16.88114042321482
1925,192.4038,16.882991338267253
1926,192.5038,16.946897947178307
1927,192.6039,17.006267563189382
1928,192.7039,17.02110826427603
1929,192.8039,16.98993328948819
1930,192.9039,17.052282734614757
1931,193.0039,16.997727381791094
1932,193.1039,16.865757961526356
1933,193.2039,16.927547370098893
1934,193.3039,17.012912179145033
1935,193.4039,16.965176693672813
1936,193.5039,16.992299784267164
1937,193.6039,16.913782740697187
1938,193.7039,16.961800706649008
1939,193.8039,16.96140430434959
1940,193.9039,16.86885766477472
1941,194.0039,16.92121699090903
1942,194.1039,17.02613501975087
1943,194.2039,16.981100571742036
1944,194.3039,17.003664297710877
1945,194.4039,16.901968120329926
1946,194.5039,16.896236203179065
1947,194.6039,16.89249830261906
1948,194.7039,17.02184428874642
1949,194.8039,16.95374260096666
1950,194.9039,16.964450087929908
1951,195.0039,16.982719761171012
1952,195.1039,16.956719451919337
1953,195.2039,16.964287927790167
1954,195.3039,17.00087237979077
1955,195.4039,16.85348715123656
1956,195.5039,16.94175852627179
1957,195.6039,17.009595586366615
1958,195.7039,16.949351669784342
1959,195.8039,16.936595565527128
1960,195.9039,16.879183733185442
1961,196.0039,16.939681994819406
1962,196.1039,16.934801724532885
1963,196.2039,16.88052497126861
1964,196.3039,16.971668592544894
1965,196.4039,17.019410346532503
1966,196.5039,17.03857433798042
1967,196.6039,17.048259669618957
1968,196.7039,16.907045251807027
1969,196.8039,16.96964942739024
1970,196.9039,16.88378272355622
1971,197.0039,16.82096052246851
1972,197.1039,16.9047251330891
1973,197.2039,16.903773869091086
1974,197.3039,16.92458332231495
1975,197.4039,16.949204893761124
1976,197.504,16.990150975404585
1977,197.604,16.943288381897087
1978,197.704,17.039378617798253
1979,197.804,16.893282664595247
1980,197.904,16.945302447345146
1981,198.004,16.987635112686977
1982,198.104,17.01639081396854
1983,198.204,17.043618208041533
1984,198.304,17.001902906038097
1985,198.404,17.02265318147381
1986,198.504,16.880704879158255
1987,198.604,16.93522007905706
1988,198.704,17.011809402530027
1989,198.804,16.960247382518364
1990,198.904,16.95361820545186
1991,199.004,16.97389429731467
1992,199.104,17.062309497741428
1993,199.204,16.936322726183583
1994,199.304,16.926774648516695
1995,199.404,16.96974946368671
1996,199.504,17.05603752647454
1997,199.604,16.875132081298798
1998,199.704,16.924812549833096
1999,199.804,16.958292258695565
2000,199.904,16.944012836156507
2001,200.0,16.975193213225943
