Frame,Time (ns),RMSD 3 (5760 atoms)
1,0.0,28.590808521931038
2,0.1,28.41618749260214
3,0.2,28.388534723405613
4,0.3,28.604059338981074
5,0.4,28.430218904940297
6,0.5,28.53133178785395
7,0.6,28.492509931349062
8,0.7,28.640060286073577
9,0.8,28.742550874638926
10,0.9,28.789139041243835
11,1.0,28.62809519993505
12,1.1,28.631820942523127
13,1.2,28.477337987403335
14,1.3,28.3436290677509
15,1.4,28.455188108288315
16,1.5,28.372493334312793
17,1.6,28.332169729456606
18,1.7,28.384889210992515
19,1.8,28.26944232795215
20,1.9,28.298009643956075
21,2.0,28.291701414407264
22,2.1,28.24976617773731
23,2.2,28.17719070285046
24,2.3,28.459056351273343
25,2.4,28.6452117778358
26,2.5001,28.19230252666926
27,2.6001,28.497848537816207
28,2.7001,28.366943476786602
29,2.8001,28.475757721094904
30,2.9001,28.294323631075553
31,3.0001,28.159938610635265
32,3.1001,27.98625224842378
33,3.2001,28.2585928445814
34,3.3001,28.28452924544206
35,3.4001,28.651253505079787
36,3.5001,28.68227613410731
37,3.6001,28.370564477323544
38,3.7001,28.517631529486245
39,3.8001,28.50146005119057
40,3.9001,28.497190956585055
41,4.0001,28.51719227784526
42,4.1001,28.295680643388707
43,4.2001,28.360713934874845
44,4.3001,28.49942634860986
45,4.4001,28.664563967808768
46,4.5001,28.338644211105585
47,4.6001,28.375629858311992
48,4.7001,28.378132921418658
49,4.8001,28.48423195685639
50,4.9001,28.351975584133196
51,5.0001,28.2935571189244
52,5.1001,28.643910633385914
53,5.2001,28.673233101587957
54,5.3001,28.69808056314843
55,5.4001,28.37072640678914
56,5.5001,28.72263559074468
57,5.6001,28.56750677257584
58,5.7001,28.62992300537232
59,5.8001,28.486766445814684
60,5.9001,28.338990094222876
61,6.0001,28.407986104633412
62,6.1001,28.341615075534925
63,6.2001,28.42852541519125
64,6.3001,28.0850437967108
65,6.4001,28.38474566337235
66,6.5001,28.393695017455403
67,6.6001,28.43713274816503
68,6.7001,28.374152013091877
69,6.8001,28.370074705206996
70,6.9001,28.379893674392413
71,7.0001,28.07019238917556
72,7.1001,27.830413772037033
73,7.2001,27.96409906196113
74,7.3001,27.875928375675112
75,7.4001,27.863787313395235
76,7.5002,27.852965290557847
77,7.6002,27.809589958274117
78,7.7002,27.849303426351362
79,7.8002,27.79618548985202
80,7.9002,27.867124342270863
81,8.0002,27.617864513911925
82,8.1002,27.81865573638529
83,8.2002,27.929566206254876
84,8.3002,28.139970257066782
85,8.4002,28.03240167265917
86,8.5002,28.109468755885274
87,8.6002,28.183357130861292
88,8.7002,27.986799944307933
89,8.8002,27.960263363186186
90,8.9002,27.91141609572765
91,9.0002,27.88127237280336
92,9.1002,27.693755678812312
93,9.2002,27.731668837524825
94,9.3002,27.69475625086785
95,9.4002,28.009939750109265
96,9.5002,28.008771223123304
97,9.6002,28.19067463214717
98,9.7002,28.12984506161821
99,9.8002,28.21935118251694
100,9.9002,27.944680516813573
101,10.0002,28.106687570674573
102,10.1002,27.752598064499402
103,10.2002,27.850249277333447
104,10.3002,27.82931212213445
105,10.4002,28.21749759627815
106,10.5002,27.466792562080954
107,10.6002,27.492418085588188
108,10.7002,27.51607140144439
109,10.8002,27.752855907733412
110,10.9002,27.765368243243
111,11.0002,28.22534157201845
112,11.1002,27.712543303816346
113,11.2002,27.962807788296736
114,11.3002,28.053578941139918
115,11.4002,27.89012116716711
116,11.5002,27.820742451235095
117,11.6002,27.99159637075439
118,11.7002,27.91878360201205
119,11.8002,27.479267945331088
120,11.9002,27.20795352324434
121,12.0002,27.284700385893554
122,12.1002,27.465045602286022
123,12.2002,27.79736814600366
124,12.3002,27.77325432752338
125,12.4002,27.685041979526144
126,12.5002,27.4420508392613
127,12.6003,27.184760783995873
128,12.7003,27.440316118881658
129,12.8003,27.70824967061549
130,12.9003,27.49391676863115
131,13.0003,27.687433738056967
132,13.1003,27.56066174940213
133,13.2003,27.54484923708719
134,13.3003,27.46945662221086
135,13.4003,27.624961403563905
136,13.5003,27.904102575529674
137,13.6003,27.53146797331807
138,13.7003,27.3302486293138
139,13.8003,28.101101612996516
140,13.9003,27.882975294499346
141,14.0003,27.526914596521344
142,14.1003,27.32983309538969
143,14.2003,27.596894576122544
144,14.3003,27.46896218034346
145,14.4003,27.858531699729213
146,14.5003,27.32702216454401
147,14.6003,27.222348148198048
148,14.7003,27.426376339750117
149,14.8003,27.49942358130778
150,14.9003,27.39562073529567
151,15.0003,27.519076613299042
152,15.1003,27.79598912420033
153,15.2003,27.669047244322762
154,15.3003,27.394950058891112
155,15.4003,27.70318041188497
156,15.5003,27.399366001321642
157,15.6003,27.75509707246263
158,15.7003,27.53542123139788
159,15.8003,27.336911767755247
160,15.9003,27.275361950528488
161,16.0003,27.413538593655957
162,16.1003,27.550063489964643
163,16.2003,27.082733719829367
164,16.3003,27.53344967346079
165,16.4003,27.261469921293003
166,16.5003,27.26502932681717
167,16.6003,27.742160622831857
168,16.7003,27.649843304908313
169,16.8003,27.57354302114124
170,16.9003,27.339251883139532
171,17.0003,27.58809967441209
172,17.1003,27.64810491644217
173,17.2003,27.638386453076574
174,17.3003,27.72276076427818
175,17.4003,27.395131771089947
176,17.5004,27.571388348819873
177,17.6004,27.452402869306248
178,17.7004,27.727402353285168
179,17.8004,27.966240290410788
180,17.9004,27.831161742534466
181,18.0004,27.81030679790091
182,18.1004,27.702149977676665
183,18.2004,27.705796239278715
184,18.3004,27.700540933388652
185,18.4004,27.588625942587065
186,18.5004,27.769460625435777
187,18.6004,27.71397751958407
188,18.7004,27.708204024774723
189,18.8004,27.748817762776348
190,18.9004,27.836193858277834
191,19.0004,27.718580479970576
192,19.1004,27.781897035775053
193,19.2004,27.626270257514594
194,19.3004,27.794327724034098
195,19.4004,27.87434442405098
196,19.5004,27.991356963510505
197,19.6004,27.884980365034785
198,19.7004,27.80421823685626
199,19.8004,27.53581393849108
200,19.9004,27.42823984967125
201,20.0004,27.58849744976054
202,20.1004,27.530034767463995
203,20.2004,27.526555886543996
204,20.3004,27.521011585403315
205,20.4004,27.585927243380578
206,20.5004,27.563136004872206
207,20.6004,27.273504914252907
208,20.7004,27.493538398298043
209,20.8004,27.502875998442025
210,20.9004,27.486863367946302
211,21.0004,27.42736304092065
212,21.1004,27.517293378461776
213,21.2004,27.410979115419288
214,21.3004,27.438036020580277
215,21.4004,27.6129142724168
216,21.5004,27.51968921277322
217,21.6004,27.453928831377404
218,21.7004,27.555142052689547
219,21.8004,27.536831912625853
220,21.9004,27.75247665594829
221,22.0004,27.69839850517161
222,22.1004,27.739999067270098
223,22.2004,27.80882670430943
224,22.3004,27.669239805179394
225,22.4004,27.798769916327775
226,22.5005,27.653220197752997
227,22.6005,27.63705554083886
228,22.7005,27.731785903013968
229,22.8005,27.565691014451225
230,22.9005,27.529853797959422
231,23.0005,27.76005447669314
232,23.1005,27.75310868982551
233,23.2005,27.80217815893479
234,23.3005,28.07344133701609
235,23.4005,27.946688357458473
236,23.5005,27.945957418304843
237,23.6005,27.83228239258864
238,23.7005,27.912937009305267
239,23.8005,27.99655510108494
240,23.9005,27.977814956595253
241,24.0005,27.955873877573143
242,24.1005,27.846926467043563
243,24.2005,27.985161301501133
244,24.3005,27.86244037319119
245,24.4005,27.848095618701382
246,24.5005,27.667911464429825
247,24.6005,27.952678883603717
248,24.7005,27.93638228862133
249,24.8005,27.82494255690093
250,24.9005,27.740550175820122
251,25.0005,27.991486736303933
252,25.1005,27.958494303203153
253,25.2005,27.95050354725556
254,25.3005,27.888775566719033
255,25.4005,28.13767066085898
256,25.5005,27.93865996068433
257,25.6005,28.014563290229496
258,25.7005,27.834283718095765
259,25.8005,27.95299668965455
260,25.9005,27.730274282066613
261,26.0005,28.041288870767424
262,26.1005,27.97403850457203
263,26.2005,27.91360156176326
264,26.3005,28.083431790592158
265,26.4005,27.886302111844813
266,26.5005,27.980644221095996
267,26.6005,28.101211976930745
268,26.7005,27.92625445670334
269,26.8005,27.911220618428
270,26.9005,27.812761058942257
271,27.0005,27.866009121874978
272,27.1005,27.885959975058388
273,27.2005,27.952171442681035
274,27.3005,27.81204363939353
275,27.4005,28.035599838554166
276,27.5006,27.92767622628056
277,27.6006,28.05316378151464
278,27.7006,27.892673736807083
279,27.8006,28.164210735847046
280,27.9006,27.97927961632427
281,28.0006,28.113811695206284
282,28.1006,28.084193188533707
283,28.2006,27.966817091594052
284,28.3006,27.98243168675739
285,28.4006,28.038516599269883
286,28.5006,27.96859810364881
287,28.6006,27.98255815530018
288,28.7006,27.843883255564016
289,28.8006,28.068323318548305
290,28.9006,27.96022331560252
291,29.0006,27.989099216025235
292,29.1006,28.015455032989582
293,29.2006,28.057892709056812
294,29.3006,28.02843264617713
295,29.4006,28.15561697090953
296,29.5006,28.093443315634964
297,29.6006,28.32979518741335
298,29.7006,28.23794952014332
299,29.8006,27.87157265114642
300,29.9006,28.19393840964208
301,30.0006,28.02897244919264
302,30.1006,28.21213112486173
303,30.2006,28.03836340826829
304,30.3006,28.066760247770237
305,30.4006,27.945088168338795
306,30.5006,28.095892048338897
307,30.6006,28.01503058148522
308,30.7006,28.09802931889882
309,30.8006,27.97127254600532
310,30.9006,27.94351665496682
311,31.0006,27.76482559165492
312,31.1006,28.008914409389533
313,31.2006,28.04427213778314
314,31.3006,28.324963667673853
315,31.4006,28.091544897266743
316,31.5006,28.199207076303004
317,31.6006,28.16540450370495
318,31.7006,28.203988846382714
319,31.8006,28.15442900474992
320,31.9006,27.97010467370093
321,32.0006,28.180426714948638
322,32.1006,28.12020913197223
323,32.2006,28.141915435255946
324,32.3006,28.123561567808505
325,32.4006,28.112746053068886
326,32.5007,28.028500198200412
327,32.6007,28.093669139201797
328,32.7007,27.914564799845618
329,32.8007,27.971243977939377
330,32.9007,28.02597152422268
331,33.0007,27.944754124117715
332,33.1007,27.873629068829956
333,33.2007,28.002898867330924
334,33.3007,27.941194093537785
335,33.4007,27.863337853622173
336,33.5007,28.119668656423986
337,33.6007,27.799848382809632
338,33.7007,27.95797265649519
339,33.8007,27.96660839183598
340,33.9007,27.888856696380277
341,34.0007,27.838873942200237
342,34.1007,27.931324327702388
343,34.2007,27.9506265093543
344,34.3007,27.82896598201497
345,34.4007,27.895823597526665
346,34.5007,27.914593546970448
347,34.6007,27.835050997167414
348,34.7007,27.8530318121053
349,34.8007,27.9162666235182
350,34.9007,27.87664494404785
351,35.0007,27.988997625904343
352,35.1007,27.65915945088134
353,35.2007,27.898092625513534
354,35.3007,27.954589975126815
355,35.4007,27.69364721343547
356,35.5007,27.800982242132783
357,35.6007,27.83615439953705
358,35.7007,27.753066173034508
359,35.8007,27.81971087373773
360,35.9007,27.797257930605884
361,36.0007,27.63693206648952
362,36.1007,27.735832658581312
363,36.2007,27.95075598423024
364,36.3007,27.886718442900868
365,36.4007,27.695642170347973
366,36.5007,27.773154721844044
367,36.6007,27.76692966631034
368,36.7007,27.835737658730874
369,36.8007,27.8127729213103
370,36.9007,27.532265479030553
371,37.0007,27.691140565814948
372,37.1007,27.784767765427734
373,37.2007,27.70061466785676
374,37.3007,27.585287895013646
375,37.4007,27.67557826325715
376,37.5007,27.600551345409244
377,37.6008,27.55436406628844
378,37.7008,27.59672191180706
379,37.8008,27.596442293425014
380,37.9008,27.563699169553512
381,38.0008,27.693621896597968
382,38.1008,27.44523595507618
383,38.2008,27.542737751686435
384,38.3008,27.630136916747578
385,38.4008,27.35885325134729
386,38.5008,27.48829868920086
387,38.6008,27.47899076934164
388,38.7008,27.65547348789358
389,38.8008,27.714415192191076
390,38.9008,27.65113372534282
391,39.0008,27.554805731450784
392,39.1008,27.474533102790055
393,39.2008,27.65703802898419
394,39.3008,27.57739241423313
395,39.4008,27.587519870885178
396,39.5008,27.546583801088293
397,39.6008,27.82563773547132
398,39.7008,27.395015061677007
399,39.8008,27.56495772609758
400,39.9008,27.52672042192203
401,40.0008,27.738269784067842
402,40.1008,27.533546073553214
403,40.2008,27.578245105218787
404,40.3008,27.535321535238612
405,40.4008,27.791246588816545
406,40.5008,27.68895260387499
407,40.6008,27.60428118086037
408,40.7008,27.553860453020494
409,40.8008,27.623306469970792
410,40.9008,27.6722327911969
411,41.0008,27.728311320371052
412,41.1008,27.788977542546228
413,41.2008,27.85593899450923
414,41.3008,27.736230253301077
415,41.4008,27.681849393351307
416,41.5008,27.73293238163584
417,41.6008,27.553072310316466
418,41.7008,27.662344968048604
419,41.8008,28.007480773027766
420,41.9008,28.092243324127857
421,42.0008,28.023272970132744
422,42.1008,27.847024881345778
423,42.2008,27.93031135881359
424,42.3008,28.05363139076182
425,42.4008,27.889899910596984
426,42.5008,27.81109664804691
427,42.6009,27.808052831514647
428,42.7009,27.91987342676522
429,42.8009,27.520875221727287
430,42.9009,27.547680148704007
431,43.0009,27.82408311740983
432,43.1009,27.639932510105425
433,43.2009,27.428816595182578
434,43.3009,27.47426933769944
435,43.4009,27.31866053817564
436,43.5009,27.560197519915146
437,43.6009,27.57099681939986
438,43.7009,27.977007516198945
439,43.8009,27.643152854658794
440,43.9009,27.494358630071105
441,44.0009,27.609929960250646
442,44.1009,27.248061962504107
443,44.2009,27.034848216353765
444,44.3009,27.306575350813326
445,44.4009,27.223282879459102
446,44.5009,27.21020186738168
447,44.6009,27.339978804723273
448,44.7009,27.255587106382325
449,44.8009,27.303958552208957
450,44.9009,27.19592694638594
451,45.0009,27.18904820921464
452,45.1009,27.196344870631957
453,45.2009,27.381970670818486
454,45.3009,27.396553217490386
455,45.4009,27.403131744699174
456,45.5009,27.391376238523
457,45.6009,27.587094888046135
458,45.7009,27.383072316158774
459,45.8009,27.63348024996739
460,45.9009,27.87447348032818
461,46.0009,27.667303602209213
462,46.1009,28.268117354735764
463,46.2009,28.339802948680617
464,46.3009,28.32671614834946
465,46.4009,28.18594848801072
466,46.5009,28.22264763851518
467,46.6009,27.784199367248462
468,46.7009,27.889878092558096
469,46.8009,27.858563211820663
470,46.9009,28.188920739769834
471,47.0009,27.771159293565148
472,47.1009,27.672100488961778
473,47.2009,27.489531797905364
474,47.3009,27.67071360421515
475,47.4009,27.768906046996605
476,47.501,27.851057950303893
477,47.601,27.668257013983244
478,47.701,27.70105129674202
479,47.801,27.931519928927052
480,47.901,27.75500380602512
481,48.001,27.74679952839744
482,48.101,27.633813148656092
483,48.201,27.654814513774003
484,48.301,27.601609951504287
485,48.401,27.748819316576434
486,48.501,27.68408325670624
487,48.601,27.513370547895565
488,48.701,27.595177638826108
489,48.801,27.643532910706924
490,48.901,27.714916236642996
491,49.001,27.90009794753861
492,49.101,27.957924857206102
493,49.201,27.679501624114355
494,49.301,27.588294766833233
495,49.401,27.600635844180204
496,49.501,27.447131912309345
497,49.601,27.520919137799112
498,49.701,27.674439824417924
499,49.801,27.731528273286006
500,49.901,27.701494882511618
501,50.001,27.863530209657778
502,50.101,27.761685200799214
503,50.201,27.675778796231864
504,50.301,27.72977616812261
505,50.401,27.910994049397594
506,50.501,27.779126528700697
507,50.601,27.706590472153383
508,50.701,27.62651417785269
509,50.801,27.40988974368398
510,50.901,27.677402889544148
511,51.001,27.730570250902698
512,51.101,27.759926992678015
513,51.201,27.608478642908235
514,51.301,27.836444005209326
515,51.401,27.7054563821486
516,51.501,27.60150298232768
517,51.601,27.516642304969228
518,51.701,27.630655433210283
519,51.801,27.726538815630036
520,51.901,27.64294757679981
521,52.001,27.462598207784044
522,52.101,27.33755951662538
523,52.201,27.800628929237423
524,52.301,27.587637505575014
525,52.401,27.533755239203764
526,52.5011,27.362899319014684
527,52.6011,27.261274033107174
528,52.7011,27.58982409800588
529,52.8011,27.838052475965636
530,52.9011,27.796402745928887
531,53.0011,27.77809563573033
532,53.1011,27.75057688679336
533,53.2011,27.4481231374251
534,53.3011,27.677362129386754
535,53.4011,27.57093461470533
536,53.5011,27.57713131370749
537,53.6011,27.679185857159997
538,53.7011,27.669265281357706
539,53.8011,27.707642432968548
540,53.9011,27.685531857508888
541,54.0011,27.692061858078937
542,54.1011,27.559900002473043
543,54.2011,27.617103879026676
544,54.3011,27.764264087812712
545,54.4011,27.825217511139492
546,54.5011,27.685808304840073
547,54.6011,27.742852718515447
548,54.7011,27.5013113038516
549,54.8011,27.697460247312947
550,54.9011,27.467767170913234
551,55.0011,27.47725809875774
552,55.1011,27.689682309819766
553,55.2011,27.888794338273275
554,55.3011,27.843308949679518
555,55.4011,27.66180135273749
556,55.5011,27.57072543752983
557,55.6011,27.54100707154995
558,55.7011,27.555296420546682
559,55.8011,27.79204916845426
560,55.9011,27.797255106348416
561,56.0011,27.384376461605918
562,56.1011,27.410409661048448
563,56.2011,27.574107354075167
564,56.3011,27.970639479126966
565,56.4011,27.734455354294244
566,56.5011,27.875430402162564
567,56.6011,27.65224518627956
568,56.7011,27.94308182682457
569,56.8011,27.924904217490983
570,56.9011,27.812392234784102
571,57.0011,27.910562570002728
572,57.1011,27.51359441590596
573,57.2011,27.71921324491851
574,57.3011,27.76247894241659
575,57.4011,28.014389522434648
576,57.5012,27.868958281776997
577,57.6012,27.82131464996321
578,57.7012,27.48717866762032
579,57.8012,28.129596636848635
580,57.9012,28.17820966144907
581,58.0012,27.90153109723808
582,58.1012,28.164907372908512
583,58.2012,28.206081437282563
584,58.3012,28.22988560129183
585,58.4012,27.899901474923972
586,58.5012,27.97296801811898
587,58.6012,27.870425271997224
588,58.7012,28.180108861061402
589,58.8012,27.79320081758407
590,58.9012,27.795825502506197
591,59.0012,27.469612985691032
592,59.1012,28.002167122913036
593,59.2012,28.15508641272944
594,59.3012,27.913252475782024
595,59.4012,27.715691943830006
596,59.5012,27.468121233474484
597,59.6012,27.532024426674937
598,59.7012,27.47461728417417
599,59.8012,27.6455236102353
600,59.9012,27.43745810901458
601,60.0012,27.39440409495835
602,60.1012,27.172075610772605
603,60.2012,27.75507704687812
604,60.3012,27.732433464094534
605,60.4012,27.58070978291069
606,60.5012,27.809740570447513
607,60.6012,28.22459894634315
608,60.7012,28.139353490763906
609,60.8012,28.234780253971074
610,60.9012,28.14259437669565
611,61.0012,28.212874317112668
612,61.1012,27.738385882821856
613,61.2012,28.049667670930646
614,61.3012,28.135911858480014
615,61.4012,28.010486799439548
616,61.5012,27.90580021298395
617,61.6012,27.857732784991036
618,61.7012,27.76334732374998
619,61.8012,27.81126507069905
620,61.9012,27.984979740566217
621,62.0012,28.037518413076693
622,62.1012,27.919591278904925
623,62.2012,27.93056268885097
624,62.3012,27.719468630417143
625,62.4012,27.83637630125454
626,62.5012,27.72480397174716
627,62.6013,27.965101091605327
628,62.7013,27.804339416245583
629,62.8013,27.71549965403308
630,62.9013,27.803701373663984
631,63.0013,27.748341226057168
632,63.1013,27.741724270077516
633,63.2013,27.77882674679981
634,63.3013,27.462474774637272
635,63.4013,27.583659530736576
636,63.5013,27.491170597121297
637,63.6013,27.320679914860804
638,63.7013,27.579441638968998
639,63.8013,27.68469357043094
640,63.9013,27.71420648791337
641,64.0013,27.695363809916937
642,64.1013,27.729252229201453
643,64.2013,27.766891470969522
644,64.3013,27.79945599889813
645,64.4013,27.85565500366095
646,64.5013,27.910431515000294
647,64.6013,28.118746615027405
648,64.7013,27.879081565447947
649,64.8013,27.62092031706679
650,64.9013,27.732340979788425
651,65.0013,27.5765917580615
652,65.1013,27.828979134259562
653,65.2013,27.90740443032729
654,65.3013,27.889294553071153
655,65.4013,27.968004586122905
656,65.5013,27.948570508883215
657,65.6013,28.13267565626812
658,65.7013,28.347043538192334
659,65.8013,28.179452317971396
660,65.9013,28.22561154578907
661,66.0013,28.538543631997193
662,66.1013,28.506651273965907
663,66.2013,28.262562957842285
664,66.3013,28.173502609433815
665,66.4013,28.210750894185804
666,66.5013,28.249837119419915
667,66.6013,27.975849539789394
668,66.7013,27.885860228664075
669,66.8013,27.864895618787948
670,66.9013,27.950944450695125
671,67.0013,28.20462905951127
672,67.1013,28.092046612205344
673,67.2013,28.560175371394692
674,67.3013,28.318906000274122
675,67.4013,28.24471308718179
676,67.5014,28.107506836406948
677,67.6014,28.233940857206154
678,67.7014,28.29470624957304
679,67.8014,28.21588123792439
680,67.9014,27.790764160168248
681,68.0014,28.050073791149362
682,68.1014,28.155204299064543
683,68.2014,28.17383545332316
684,68.3014,27.736230148553286
685,68.4014,27.823390762648987
686,68.5014,27.941969626639697
687,68.6014,27.498231748052167
688,68.7014,27.705970556339974
689,68.8014,27.75034680730271
690,68.9014,27.626892203627357
691,69.0014,27.771913572162713
692,69.1014,27.517464652440303
693,69.2014,27.566584469241853
694,69.3014,27.777650891343455
695,69.4014,27.76948077397955
696,69.5014,27.4824475082147
697,69.6014,27.66670130275089
698,69.7014,27.64400992580745
699,69.8014,27.802845150594443
700,69.9014,27.940019089050338
701,70.0014,27.64350341975535
702,70.1014,27.8205930284927
703,70.2014,27.825861631497272
704,70.3014,27.825637932810114
705,70.4014,27.760458403031055
706,70.5014,27.726533691374758
707,70.6014,27.763386059678602
708,70.7014,27.93874523228722
709,70.8014,28.12374081065391
710,70.9014,27.704327571925162
711,71.0014,27.75304258719832
712,71.1014,27.895263617531324
713,71.2014,27.77474406454008
714,71.3014,27.908927112488914
715,71.4014,27.879810519436393
716,71.5014,27.97415843077258
717,71.6014,27.79561122822918
718,71.7014,27.819965302273353
719,71.8014,27.787992472663966
720,71.9014,28.129300019541034
721,72.0014,27.839575246950627
722,72.1014,27.941168629864272
723,72.2014,27.88736905922703
724,72.3014,27.672659991354244
725,72.4014,27.89163316110094
726,72.5014,27.844713231334797
727,72.6015,28.014143328376715
728,72.7015,28.055064088899087
729,72.8015,27.9844708264856
730,72.9015,28.097513445957514
731,73.0015,27.979966975950582
732,73.1015,28.09960498685142
733,73.2015,28.083204223763854
734,73.3015,27.892810237782676
735,73.4015,28.134219662193992
736,73.5015,28.214113434393024
737,73.6015,27.895755782938082
738,73.7015,27.981103895985243
739,73.8015,27.98981073027868
740,73.9015,28.141967349337335
741,74.0015,27.847414772255195
742,74.1015,27.63737957289757
743,74.2015,27.86425300869221
744,74.3015,27.778189289016616
745,74.4015,27.67500662079604
746,74.5015,27.757870815185246
747,74.6015,27.86761481812048
748,74.7015,27.65016966444849
749,74.8015,27.756415746912065
750,74.9015,27.9610391868879
751,75.0015,27.941617211322477
752,75.1015,28.007644241875823
753,75.2015,27.659218129104097
754,75.3015,27.904856724943734
755,75.4015,27.92479567887666
756,75.5015,27.909739158925547
757,75.6015,27.866563823962338
758,75.7015,27.852861463532168
759,75.8015,27.973109824234843
760,75.9015,27.8349011454894
761,76.0015,27.973403274068588
762,76.1015,27.774871751120582
763,76.2015,27.865245867349522
764,76.3015,27.72833947201735
765,76.4015,27.77696170705993
766,76.5015,27.71260151119067
767,76.6015,27.90574586389742
768,76.7015,28.00440837064335
769,76.8015,28.20326343673039
770,76.9015,28.29096639167555
771,77.0015,28.336390892616404
772,77.1015,28.32386130854485
773,77.2015,28.581787477985376
774,77.3015,28.227567264859243
775,77.4015,28.15160689200846
776,77.5016,28.22907661903516
777,77.6016,28.371952763941064
778,77.7016,28.023976782696238
779,77.8016,28.236765792946326
780,77.9016,28.010317249606647
781,78.0016,28.182135326468167
782,78.1016,28.183744212846666
783,78.2016,28.32431526416694
784,78.3016,28.181744640585
785,78.4016,28.189443257902255
786,78.5016,28.17217000668503
787,78.6016,28.18191727195047
788,78.7016,28.141852607660933
789,78.8016,28.352071018959606
790,78.9016,28.670735997153834
791,79.0016,28.568147014544607
792,79.1016,28.423681338178422
793,79.2016,28.52251369013838
794,79.3016,28.304364949908976
795,79.4016,28.41159824969905
796,79.5016,28.345392522006218
797,79.6016,28.209782769119027
798,79.7016,28.235105080599343
799,79.8016,28.21889272851229
800,79.9016,27.87744544766494
801,80.0016,28.147199621684965
802,80.1016,28.16956280270981
803,80.2016,28.227983680889956
804,80.3016,27.906648554285976
805,80.4016,27.94386572591033
806,80.5016,28.1908272800575
807,80.6016,27.945427585581466
808,80.7016,27.962822941812195
809,80.8016,28.013053739444043
810,80.9016,27.980782130739943
811,81.0016,27.9567613946986
812,81.1016,28.10598050385626
813,81.2016,28.089279078988096
814,81.3016,28.21997960791529
815,81.4016,28.16049574220072
816,81.5016,27.992949215724572
817,81.6016,27.82268717426584
818,81.7016,28.218199291852013
819,81.8016,28.18477945558126
820,81.9016,28.133027028114903
821,82.0016,28.236366555644647
822,82.1016,28.201420845179584
823,82.2016,28.142708121918794
824,82.3016,28.050515485096298
825,82.4016,28.342228420344863
826,82.5017,28.272579426585274
827,82.6017,28.1348861098157
828,82.7017,27.90652023313778
829,82.8017,27.967015287172572
830,82.9017,28.14233568728229
831,83.0017,28.38344182569454
832,83.1017,28.005185298116256
833,83.2017,28.22674500127051
834,83.3017,28.287881879778393
835,83.4017,28.195039636795787
836,83.5017,28.214746175248454
837,83.6017,28.07782229291353
838,83.7017,28.29742206426261
839,83.8017,27.971532710065333
840,83.9017,28.01932072720815
841,84.0017,28.26674806795647
842,84.1017,28.382563764726903
843,84.2017,28.33952928954302
844,84.3017,28.06725161208194
845,84.4017,28.16490710629854
846,84.5017,28.180370099420376
847,84.6017,28.381531676165597
848,84.7017,28.281891747635335
849,84.8017,27.756961789012824
850,84.9017,28.05921844699673
851,85.0017,28.015537599747603
852,85.1017,28.187546796881637
853,85.2017,28.16332284181586
854,85.3017,27.976110119799905
855,85.4017,28.047769476236077
856,85.5017,28.096020935780814
857,85.6017,28.124072179867696
858,85.7017,28.133789917059495
859,85.8017,28.05801859161119
860,85.9017,28.00661164773384
861,86.0017,28.16964765184902
862,86.1017,28.000362669648624
863,86.2017,28.08455694433956
864,86.3017,28.279098128839628
865,86.4017,28.021935695765034
866,86.5017,28.044738474789806
867,86.6017,28.23324151888348
868,86.7017,28.164881460642935
869,86.8017,28.220653657412253
870,86.9017,28.121861660918714
871,87.0017,28.22740592701972
872,87.1017,28.070161813356435
873,87.2017,28.094336369989765
874,87.3017,28.180046708096487
875,87.4017,28.116434146516916
876,87.5018,28.016614751250096
877,87.6018,28.194408494785115
878,87.7018,28.077359753062442
879,87.8018,28.18380967035076
880,87.9018,28.164926056750947
881,88.0018,28.162319273447626
882,88.1018,28.222837706735984
883,88.2018,28.154860066918264
884,88.3018,28.26413744863112
885,88.4018,28.183790080869255
886,88.5018,28.175145698687256
887,88.6018,27.917825704531182
888,88.7018,28.149622100141716
889,88.8018,28.26697199831652
890,88.9018,28.330083128365196
891,89.0018,28.28105569964721
892,89.1018,28.253910880110872
893,89.2018,28.07088563672956
894,89.3018,28.393991845476354
895,89.4018,28.147246878175224
896,89.5018,28.402431720989174
897,89.6018,28.36864505180597
898,89.7018,28.561969268301514
899,89.8018,28.50596300204195
900,89.9018,28.28143719030498
901,90.0018,28.312327126785988
902,90.1018,28.11231298044627
903,90.2018,28.35825417351071
904,90.3018,28.154292068220393
905,90.4018,28.168779027634773
906,90.5018,28.282532765798642
907,90.6018,28.258790442460768
908,90.7018,28.229509066673042
909,90.8018,28.141944468466384
910,90.9018,28.250107855879307
911,91.0018,28.31504384798219
912,91.1018,28.220868756051246
913,91.2018,28.221837978664656
914,91.3018,28.21376820205306
915,91.4018,28.357901242347083
916,91.5018,28.056700027884975
917,91.6018,28.17679526622397
918,91.7018,28.097429575291716
919,91.8018,28.38639819213601
920,91.9018,28.269718486271174
921,92.0018,28.298970524516562
922,92.1018,28.073985572490688
923,92.2018,28.09499733490385
924,92.3018,28.33729010966685
925,92.4018,28.33180100068065
926,92.5019,28.41250560766023
927,92.6019,28.3553437518113
928,92.7019,28.4430480588615
929,92.8019,28.386331236282576
930,92.9019,28.486401390606744
931,93.0019,28.43364575299436
932,93.1019,28.51452771613676
933,93.2019,28.111377201447237
934,93.3019,28.08508249236458
935,93.4019,28.303689471558037
936,93.5019,28.04199704786284
937,93.6019,28.240534714988865
938,93.7019,28.100134275371637
939,93.8019,28.00566614800995
940,93.9019,28.12605918286495
941,94.0019,28.125183329724504
942,94.1019,28.185952170779785
943,94.2019,28.455373551710114
944,94.3019,28.31721099628748
945,94.4019,28.04211667644767
946,94.5019,28.366050675507534
947,94.6019,28.179867774125988
948,94.7019,28.45011745155816
949,94.8019,28.38157667243947
950,94.9019,28.29974618527948
951,95.0019,27.95639464121428
952,95.1019,28.030022794236643
953,95.2019,28.108968596563216
954,95.3019,28.177782605731426
955,95.4019,28.18110097836123
956,95.5019,28.133409911867574
957,95.6019,28.074239197199738
958,95.7019,28.0200494963855
959,95.8019,28.117261932828484
960,95.9019,28.169266175784074
961,96.0019,28.183936610132715
962,96.1019,28.040985007939582
963,96.2019,28.12325560756746
964,96.3019,28.26699785519431
965,96.4019,28.302984635871837
966,96.5019,28.28214932461125
967,96.6019,28.165915437248852
968,96.7019,28.278887112279687
969,96.8019,28.1258171142652
970,96.9019,28.32692027186345
971,97.0019,28.06584932088435
972,97.1019,28.10464222118931
973,97.2019,27.905279616888716
974,97.3019,28.324007501293817
975,97.4019,28.06232879966365
976,97.5019,28.094816699331957
977,97.602,28.39832714581572
978,97.702,28.092431012406863
979,97.802,28.4496622731671
980,97.902,28.419249400266096
981,98.002,28.223034470427926
982,98.102,28.331838517937616
983,98.202,28.170919573844024
984,98.302,28.207415179304625
985,98.402,28.235000787312377
986,98.502,28.027347986413453
987,98.602,28.212652815547575
988,98.702,28.282098840618318
989,98.802,28.330187928619097
990,98.902,28.54093328288886
991,99.002,28.519113913053936
992,99.102,28.455522091067255
993,99.202,28.29275353876299
994,99.302,28.18410109711809
995,99.402,28.234498416812958
996,99.502,28.036158447097733
997,99.602,28.15798176723568
998,99.702,28.146319076184593
999,99.802,27.85781685861717
1000,99.902,27.755952745613914
1001,100.002,27.406607761893564
1002,100.102,27.50167917931302
1003,100.202,27.499267557080415
1004,100.302,27.123675221841832
1005,100.402,26.745303270975718
1006,100.502,27.019830988568764
1007,100.602,26.8888166092166
1008,100.702,26.73734766019834
1009,100.802,26.889920489324517
1010,100.902,26.831831884216456
1011,101.002,26.66989338216092
1012,101.102,26.78522808310971
1013,101.202,26.384483303801538
1014,101.302,26.573890334656856
1015,101.402,26.537730659498052
1016,101.502,26.60725413183471
1017,101.602,26.552504282841735
1018,101.702,26.36362067578691
1019,101.802,26.480181026709275
1020,101.902,26.17445218396623
1021,102.002,26.098623575079547
1022,102.102,26.307363753364143
1023,102.202,26.35940497957491
1024,102.302,26.27473775652652
1025,102.402,26.465881637582505
1026,102.502,26.05504129211782
1027,102.6021,26.39542585835026
1028,102.7021,26.44691843215354
1029,102.8021,26.547076605287327
1030,102.9021,26.559232748882277
1031,103.0021,26.263793586853105
1032,103.1021,26.324463763571853
1033,103.2021,26.675075065599355
1034,103.3021,26.807311199753915
1035,103.4021,26.187014629899107
1036,103.5021,26.15109603974024
1037,103.6021,26.59668082120877
1038,103.7021,26.58099959194186
1039,103.8021,26.78579200962024
1040,103.9021,26.90339677050079
1041,104.0021,26.72218145406829
1042,104.1021,27.154921155996195
1043,104.2021,27.184871831935926
1044,104.3021,26.926304939672363
1045,104.4021,26.785885544786687
1046,104.5021,26.625431179658026
1047,104.6021,26.890213308958884
1048,104.7021,26.79133964749301
1049,104.8021,26.970569075318515
1050,104.9021,26.93372547223787
1051,105.0021,27.119069426013546
1052,105.1021,27.00764105372134
1053,105.2021,26.741096554605633
1054,105.3021,27.300782538136193
1055,105.4021,26.894549866037817
1056,105.5021,26.98861462426382
1057,105.6021,26.777826849173632
1058,105.7021,27.190396153744054
1059,105.8021,27.23629335920228
1060,105.9021,27.109905510606563
1061,106.0021,26.827962202073593
1062,106.1021,26.53516181561769
1063,106.2021,26.6165996712018
1064,106.3021,26.871272545404597
1065,106.4021,26.267687183998266
1066,106.5021,26.111593109896983
1067,106.6021,26.70618944361206
1068,106.7021,26.848587353230226
1069,106.8021,26.865961914067416
1070,106.9021,26.877909691297425
1071,107.0021,26.82000871296942
1072,107.1021,26.75903547430171
1073,107.2021,26.835966792670618
1074,107.3021,26.90241327843838
1075,107.4021,26.628150899936806
1076,107.5022,26.102468816975065
1077,107.6022,26.00558983917164
1078,107.7022,26.705332867852913
1079,107.8022,26.78553147229222
1080,107.9022,26.661025031313795
1081,108.0022,26.47773992245352
1082,108.1022,26.447429827538134
1083,108.2022,26.73448721025338
1084,108.3022,27.226666182750233
1085,108.4022,26.789432032607056
1086,108.5022,27.138213258167504
1087,108.6022,27.187182124068105
1088,108.7022,26.953420409004064
1089,108.8022,27.0127236499813
1090,108.9022,26.660005435708868
1091,109.0022,26.97961284900065
1092,109.1022,26.810495501014362
1093,109.2022,26.428786256344118
1094,109.3022,26.745221693373715
1095,109.4022,26.54757423559521
1096,109.5022,26.476043860707573
1097,109.6022,26.38226050718822
1098,109.7022,26.945066985321606
1099,109.8022,26.203434998970643
1100,109.9022,25.913960275524254
1101,110.0022,25.986256804230266
1102,110.1022,26.589924437082317
1103,110.2022,26.629705387655825
1104,110.3022,26.909102170538894
1105,110.4022,27.5743812639109
1106,110.5022,27.05630525499047
1107,110.6022,26.235440090475013
1108,110.7022,26.4615315103365
1109,110.8022,26.558542092289617
1110,110.9022,26.651989744672328
1111,111.0022,26.52098225437214
1112,111.1022,26.12472287722025
1113,111.2022,26.352115971626855
1114,111.3022,26.407755127552303
1115,111.4022,26.706406691035895
1116,111.5022,26.46120408823288
1117,111.6022,26.599587559170274
1118,111.7022,26.244233792414644
1119,111.8022,26.25118828223378
1120,111.9022,26.95165694099834
1121,112.0022,27.05048165117445
1122,112.1022,27.254742329460584
1123,112.2022,27.42681696531594
1124,112.3022,27.587596995284947
1125,112.4022,26.858711610193645
1126,112.5023,27.119142079948197
1127,112.6023,27.133802736565663
1128,112.7023,27.532904256073007
1129,112.8023,27.392580300670957
1130,112.9023,27.36689912250883
1131,113.0023,27.476016797353243
1132,113.1023,27.4559521697656
1133,113.2023,27.959988710357106
1134,113.3023,27.41196450733189
1135,113.4023,27.34914755369199
1136,113.5023,26.995300935827142
1137,113.6023,27.042640084134934
1138,113.7023,27.175405240523975
1139,113.8023,27.257615149586666
1140,113.9023,27.355392025958185
1141,114.0023,27.364055580875053
1142,114.1023,27.641238470094297
1143,114.2023,27.539503504625653
1144,114.3023,27.684289422624115
1145,114.4023,27.381261151334744
1146,114.5023,27.32190991300986
1147,114.6023,27.572350585070676
1148,114.7023,28.12597566033803
1149,114.8023,27.672710404187093
1150,114.9023,27.417210318580583
1151,115.0023,27.630910215096293
1152,115.1023,27.299205375336292
1153,115.2023,26.479087512293482
1154,115.3023,26.586306168671246
1155,115.4023,26.449428148063756
1156,115.5023,26.7069328518178
1157,115.6023,26.851256734718035
1158,115.7023,26.61920938594721
1159,115.8023,26.76237861860264
1160,115.9023,26.541480303855966
1161,116.0023,26.631918444611575
1162,116.1023,26.568333013225512
1163,116.2023,26.607926103259132
1164,116.3023,26.545128637534553
1165,116.4023,26.572316025043783
1166,116.5023,26.796426529270956
1167,116.6023,26.868876171437076
1168,116.7023,27.14601352524932
1169,116.8023,27.085260622036326
1170,116.9023,26.931679659565184
1171,117.0023,27.130140152251137
1172,117.1023,27.369823141805202
1173,117.2023,27.078222942067523
1174,117.3023,26.860970321410548
1175,117.4023,27.171681257930523
1176,117.5024,27.439385846998437
1177,117.6024,27.34749517251417
1178,117.7024,27.561984088480013
1179,117.8024,27.357858925143365
1180,117.9024,27.37819598372215
1181,118.0024,27.279165397945
1182,118.1024,27.341248347267022
1183,118.2024,27.454408020469955
1184,118.3024,27.294117376702115
1185,118.4024,27.51669564126443
1186,118.5024,27.535871464537312
1187,118.6024,27.66815039987844
1188,118.7024,27.700762220904906
1189,118.8024,27.87678485782073
1190,118.9024,27.49673103721018
1191,119.0024,27.44879225904767
1192,119.1024,27.581148274473843
1193,119.2024,27.544650131692467
1194,119.3024,27.73388881153243
1195,119.4024,27.72990975625154
1196,119.5024,27.630457255280106
1197,119.6024,27.442208251780677
1198,119.7024,27.57741758863841
1199,119.8024,27.665663784760234
1200,119.9024,27.52874736155381
1201,120.0024,27.46948480814497
1202,120.1024,27.40121730572771
1203,120.2024,27.28129134750043
1204,120.3024,27.313559212069645
1205,120.4024,27.731174069385794
1206,120.5024,27.89300082188821
1207,120.6024,27.621967724693047
1208,120.7024,27.71359686676688
1209,120.8024,27.595239633202095
1210,120.9024,27.034869985044796
1211,121.0024,27.150645557204786
1212,121.1024,26.92013473918238
1213,121.2024,26.820671165727884
1214,121.3024,26.644731153198407
1215,121.4024,26.524331018530958
1216,121.5024,26.697685819363024
1217,121.6024,26.74982936755118
1218,121.7024,26.484368232701883
1219,121.8024,26.856134158499398
1220,121.9024,26.860212223582145
1221,122.0024,26.824705799890467
1222,122.1024,26.744886785415897
1223,122.2024,26.917286515874615
1224,122.3024,26.604934962633582
1225,122.4024,27.223004291990033
1226,122.5024,27.02328064852854
1227,122.6025,27.296095001421527
1228,122.7025,27.428684815877443
1229,122.8025,27.44522155240863
1230,122.9025,26.81381644121153
1231,123.0025,26.85854898629324
1232,123.1025,27.192712954463772
1233,123.2025,27.362508635801323
1234,123.3025,27.387041503945042
1235,123.4025,27.581539607399595
1236,123.5025,27.758074060759977
1237,123.6025,27.347217622984534
1238,123.7025,27.364119955906773
1239,123.8025,27.334847189367885
1240,123.9025,27.172949720777094
1241,124.0025,26.906026059811836
1242,124.1025,26.676977131606037
1243,124.2025,26.874504045968887
1244,124.3025,26.751735757343372
1245,124.4025,26.909178548956366
1246,124.5025,26.896012533319073
1247,124.6025,26.99233406510906
1248,124.7025,27.02836999729199
1249,124.8025,26.90557242329773
1250,124.9025,26.62904458786079
1251,125.0025,26.66265676137184
1252,125.1025,26.437238045764442
1253,125.2025,26.63647811818763
1254,125.3025,26.969089707252877
1255,125.4025,27.047794362453345
1256,125.5025,27.513197988242133
1257,125.6025,27.162850047570256
1258,125.7025,27.22870559803182
1259,125.8025,27.353293092504025
1260,125.9025,27.476052212821145
1261,126.0025,27.323753739033737
1262,126.1025,27.352658145018708
1263,126.2025,27.175152909993813
1264,126.3025,26.978174965760417
1265,126.4025,27.00434935625586
1266,126.5025,26.896021591330754
1267,126.6025,26.99867357815003
1268,126.7025,27.30038010987306
1269,126.8025,27.30966861571866
1270,126.9025,27.295493444089594
1271,127.0025,27.450504095420175
1272,127.1025,27.376692842700585
1273,127.2025,27.26414435268847
1274,127.3025,27.239100145564024
1275,127.4025,27.22222926566362
1276,127.5025,27.222077902070392
1277,127.6026,27.365291459782114
1278,127.7026,27.543004109138202
1279,127.8026,27.90787553070977
1280,127.9026,27.450787384648816
1281,128.0026,27.79346589298412
1282,128.1026,27.76772285449294
1283,128.2026,27.713507587146676
1284,128.3026,27.722022799814916
1285,128.4026,27.699226429147075
1286,128.5026,27.840210350470766
1287,128.6026,27.813126136403987
1288,128.7026,27.73618466883973
1289,128.8026,27.572638302369423
1290,128.9026,27.781101838801288
1291,129.0026,27.785390112977662
1292,129.1026,27.783277181463436
1293,129.2026,27.89680726709784
1294,129.3026,27.632719890469954
1295,129.4026,27.593436309914303
1296,129.5026,27.68181900710773
1297,129.6026,28.05992470250288
1298,129.7026,27.65372390727973
1299,129.8026,27.568917746450243
1300,129.9026,27.38892146276877
1301,130.0026,27.269481912941263
1302,130.1026,27.499529351620712
1303,130.2026,27.683002011584275
1304,130.3026,27.44173897575713
1305,130.4026,27.51802023016958
1306,130.5026,27.606042748589033
1307,130.6026,27.724678898552785
1308,130.7026,27.60385652225835
1309,130.8026,27.621566811427183
1310,130.9026,27.841049818637227
1311,131.0026,27.652784510375547
1312,131.1026,27.608906078598746
1313,131.2026,27.606806117821993
1314,131.3026,27.365896922838115
1315,131.4026,27.478475905285972
1316,131.5026,27.57468484284426
1317,131.6026,27.754690629263084
1318,131.7026,27.6937038639698
1319,131.8026,27.893256221633404
1320,131.9026,27.845621319779408
1321,132.0026,27.659764536869833
1322,132.1026,27.60823054295711
1323,132.2026,27.628544591853878
1324,132.3026,27.561629369456817
1325,132.4026,27.57471703222123
1326,132.5026,27.528216358772077
1327,132.6027,27.341774646190625
1328,132.7027,27.37863685485185
1329,132.8027,27.47027086398411
1330,132.9027,27.509147119594168
1331,133.0027,27.661958188867377
1332,133.1027,27.732867011960145
1333,133.2027,27.3750557457008
1334,133.3027,27.56173944527419
1335,133.4027,27.462868672193256
1336,133.5027,27.534798217238762
1337,133.6027,27.30099634425567
1338,133.7027,27.550006823608893
1339,133.8027,27.46371543464699
1340,133.9027,27.371639923295472
1341,134.0027,27.608935294437803
1342,134.1027,27.694862901284917
1343,134.2027,27.5455286845211
1344,134.3027,27.79549565924483
1345,134.4027,27.923338039330247
1346,134.5027,27.642388089871616
1347,134.6027,27.366350671502477
1348,134.7027,27.33180990537081
1349,134.8027,27.608611393462265
1350,134.9027,27.70001109341211
1351,135.0027,27.252555902568734
1352,135.1027,27.76666691387783
1353,135.2027,27.707388135814238
1354,135.3027,27.60236703833113
1355,135.4027,27.579969012537635
1356,135.5027,27.3619703095208
1357,135.6027,27.24460693358986
1358,135.7027,27.54356397838271
1359,135.8027,27.53508616659804
1360,135.9027,27.503123139500108
1361,136.0027,27.574163247369903
1362,136.1027,27.891525285369454
1363,136.2027,27.60141467985598
1364,136.3027,27.282275401855077
1365,136.4027,27.18743432642746
1366,136.5027,27.381098070375614
1367,136.6027,27.450572233272652
1368,136.7027,27.434439146828264
1369,136.8027,27.33440286214786
1370,136.9027,27.64981943095753
1371,137.0027,27.40649988085287
1372,137.1027,27.603240040768423
1373,137.2027,27.35842916288918
1374,137.3027,26.983646264277773
1375,137.4027,27.426162237606405
1376,137.5027,27.532423797605794
1377,137.6028,27.53329314594058
1378,137.7028,27.21683718345322
1379,137.8028,27.348867515321558
1380,137.9028,27.425823075259448
1381,138.0028,27.079579053549867
1382,138.1028,27.534365779404702
1383,138.2028,27.720846649491207
1384,138.3028,27.43505098982355
1385,138.4028,27.479647871281184
1386,138.5028,27.455598824772917
1387,138.6028,27.711436337472822
1388,138.7028,27.45676798515427
1389,138.8028,27.76798681392476
1390,138.9028,27.845137870697595
1391,139.0028,27.588234066056522
1392,139.1028,27.711463492056907
1393,139.2028,27.577168574800577
1394,139.3028,27.524501290335774
1395,139.4028,27.852467830585752
1396,139.5028,27.846325405963263
1397,139.6028,28.022762670599718
1398,139.7028,27.9452513111367
1399,139.8028,27.645245658046402
1400,139.9028,27.54484872832725
1401,140.0028,27.533709411234934
1402,140.1028,27.725252849119666
1403,140.2028,27.76958780631272
1404,140.3028,27.545873669597146
1405,140.4028,27.80393251002309
1406,140.5028,27.5958256253462
1407,140.6028,27.65174306205793
1408,140.7028,27.72998181996417
1409,140.8028,27.68296393705956
1410,140.9028,27.472829100211538
1411,141.0028,27.75123489427631
1412,141.1028,27.660905435874366
1413,141.2028,27.61083682867367
1414,141.3028,27.540878416448216
1415,141.4028,27.370046404572072
1416,141.5028,27.428769663681084
1417,141.6028,27.440339153722018
1418,141.7028,27.48790993556644
1419,141.8028,27.068585198605266
1420,141.9028,27.15389852336249
1421,142.0028,27.38624247041698
1422,142.1028,27.410657428246644
1423,142.2028,27.2790703230173
1424,142.3028,27.56891152185546
1425,142.4028,27.407988452207018
1426,142.5028,27.429419554304058
1427,142.6029,27.527242951480304
1428,142.7029,27.528900552547174
1429,142.8029,27.697943340186818
1430,142.9029,27.557829999177912
1431,143.0029,27.496097119527303
1432,143.1029,27.349090228845913
1433,143.2029,27.089372702137517
1434,143.3029,27.477253331133564
1435,143.4029,27.357935387460483
1436,143.5029,27.247802220468056
1437,143.6029,27.33035336047557
1438,143.7029,27.41446657718208
1439,143.8029,27.212360345203678
1440,143.9029,27.547333736265898
1441,144.0029,27.563462037034277
1442,144.1029,27.427041675482887
1443,144.2029,27.49707253659074
1444,144.3029,27.282146333607756
1445,144.4029,27.452702406823143
1446,144.5029,27.40754229752078
1447,144.6029,27.465747640128953
1448,144.7029,27.324764236862247
1449,144.8029,27.258959462901693
1450,144.9029,27.209139046181253
1451,145.0029,26.737021989154197
1452,145.1029,26.776705870358494
1453,145.2029,27.134444007343863
1454,145.3029,26.843838278753893
1455,145.4029,26.90844082255056
1456,145.5029,27.122340600494173
1457,145.6029,26.853195221332943
1458,145.7029,26.65175124867439
1459,145.8029,26.749835925977482
1460,145.9029,26.6559331204909
1461,146.0029,26.587636708171114
1462,146.1029,26.412917236415225
1463,146.2029,26.638523944193125
1464,146.3029,26.96462262371284
1465,146.4029,26.726680295023485
1466,146.5029,26.835939219265644
1467,146.6029,26.816825552721152
1468,146.7029,26.941842370352237
1469,146.8029,27.223590404966593
1470,146.9029,26.955672341496435
1471,147.0029,26.850503565753584
1472,147.1029,26.634630901310274
1473,147.2029,27.108543928057806
1474,147.3029,27.197601700645627
1475,147.4029,27.395075408071666
1476,147.5029,27.26245933180041
1477,147.603,27.618158348642957
1478,147.703,27.535094105720596
1479,147.803,27.59280306478462
1480,147.903,27.657749402658048
1481,148.003,27.51538033011696
1482,148.103,27.364582633390253
1483,148.203,27.552208529883494
1484,148.303,27.569818321338676
1485,148.403,27.268281271489126
1486,148.503,27.365431051111496
1487,148.603,27.26184956008971
1488,148.703,27.024096997676594
1489,148.803,27.03292461168301
1490,148.903,26.71984531923262
1491,149.003,26.84289602970269
1492,149.103,27.181439347716935
1493,149.203,27.15981482330662
1494,149.303,27.31646537723922
1495,149.403,27.131537103989455
1496,149.503,27.15552166088281
1497,149.603,27.340043197488313
1498,149.703,27.204337293057367
1499,149.803,27.394140411496068
1500,149.903,27.41017963595848
1501,150.003,27.47364079061451
1502,150.103,27.30757065459354
1503,150.203,26.997444670048587
1504,150.303,27.34353824174022
1505,150.403,27.141554443394686
1506,150.503,27.23053862650012
1507,150.603,27.44039250493082
1508,150.703,27.390737977882818
1509,150.803,27.34102710379727
1510,150.903,27.616175224668666
1511,151.003,27.370390285070364
1512,151.103,27.52953467408329
1513,151.203,27.431737411907985
1514,151.303,27.567651312853936
1515,151.403,27.227941073422507
1516,151.503,27.34432425341611
1517,151.603,27.359171196188615
1518,151.703,27.38680859622504
1519,151.803,27.185741714187593
1520,151.903,27.218872980537085
1521,152.003,27.194201079609815
1522,152.103,27.099016495598782
1523,152.203,27.354268995687132
1524,152.303,27.465413847433812
1525,152.403,27.297553106099606
1526,152.5031,27.458554399448783
1527,152.6031,27.119138053939693
1528,152.7031,27.43914455903997
1529,152.8031,27.50388950512582
1530,152.9031,27.49134250917456
1531,153.0031,27.442342538322936
1532,153.1031,27.176225246867947
1533,153.2031,27.04947235818304
1534,153.3031,27.295552023596983
1535,153.4031,27.458082283022247
1536,153.5031,27.3092389135513
1537,153.6031,27.05844499690909
1538,153.7031,27.37093699467699
1539,153.8031,27.21042932228899
1540,153.9031,27.695982108980356
1541,154.0031,27.46490986228557
1542,154.1031,27.50103545262783
1543,154.2031,27.349048971562105
1544,154.3031,27.3711916698745
1545,154.4031,27.43365431644568
1546,154.5031,27.3353683107623
1547,154.6031,27.311562683979936
1548,154.7031,27.513462718470095
1549,154.8031,27.281023769085447
1550,154.9031,27.348584577520814
1551,155.0031,27.278002027553477
1552,155.1031,27.063457406101197
1553,155.2031,27.05200593167599
1554,155.3031,27.24071655686184
1555,155.4031,27.139625197891885
1556,155.5031,27.20438566206472
1557,155.6031,27.209798228225807
1558,155.7031,26.878617964194063
1559,155.8031,26.88457402216637
1560,155.9031,26.998229001655382
1561,156.0031,27.09939158539122
1562,156.1031,26.807484972690045
1563,156.2031,26.974088881318632
1564,156.3031,26.95595349232532
1565,156.4031,26.627700213451718
1566,156.5031,27.02288549762658
1567,156.6031,27.19972654013077
1568,156.7031,26.93133066031987
1569,156.8031,26.98271441846909
1570,156.9031,26.714201744620073
1571,157.0031,26.62351527101818
1572,157.1031,26.643324532155017
1573,157.2031,26.982016776542526
1574,157.3031,27.00846220337302
1575,157.4031,27.19158363342137
1576,157.5032,26.88521923562433
1577,157.6032,27.307454334182665
1578,157.7032,27.075332114006212
1579,157.8032,26.898645264483527
1580,157.9032,26.839095500193267
1581,158.0032,26.938737133590543
1582,158.1032,26.609987104743052
1583,158.2032,26.9063207256671
1584,158.3032,26.53125574038766
1585,158.4032,26.800789125701634
1586,158.5032,26.7444069306318
1587,158.6032,26.63182239488354
1588,158.7032,26.946302381862843
1589,158.8032,27.13231947513698
1590,158.9032,26.97507905630312
1591,159.0032,26.770393662424194
1592,159.1032,26.645411279482744
1593,159.2032,26.994273960689483
1594,159.3032,26.98279348409792
1595,159.4032,27.020963876866155
1596,159.5032,27.000443377864364
1597,159.6032,26.966562939643538
1598,159.7032,26.51190526087777
1599,159.8032,26.811691948024652
1600,159.9032,26.614690578865375
1601,160.0032,27.091690166565737
1602,160.1032,26.97431020627129
1603,160.2032,27.099042211049067
1604,160.3032,27.01315875271579
1605,160.4032,26.981205164141112
1606,160.5032,27.063473272893226
1607,160.6032,27.00464049878471
1608,160.7032,26.79788319724867
1609,160.8032,26.849515831848517
1610,160.9032,26.983050841132904
1611,161.0032,27.20312246635587
1612,161.1032,26.883951951547083
1613,161.2032,26.772401713303672
1614,161.3032,27.183964645479186
1615,161.4032,27.04451860097506
1616,161.5032,26.90794093723185
1617,161.6032,27.10027955919044
1618,161.7032,27.031160780214087
1619,161.8032,26.943076914004354
1620,161.9032,27.008233652320204
1621,162.0032,27.225041115405208
1622,162.1032,27.14412327671747
1623,162.2032,27.30412947334719
1624,162.3032,27.17981291857978
1625,162.4032,27.168241581229985
1626,162.5033,27.259903309637778
1627,162.6033,27.34824145385066
1628,162.7033,27.33769355538483
1629,162.8033,27.727693119382522
1630,162.9033,27.60750416120777
1631,163.0033,27.440423787391378
1632,163.1033,27.42709682571001
1633,163.2033,27.31827488606916
1634,163.3033,27.44866324199029
1635,163.4033,27.343282589291444
1636,163.5033,27.325383247023897
1637,163.6033,27.37234817422002
1638,163.7033,27.348757369001007
1639,163.8033,27.422987688977933
1640,163.9033,27.054958013763926
1641,164.0033,27.088117420258563
1642,164.1033,27.11290579668887
1643,164.2033,27.26246694465269
1644,164.3033,26.950813905244857
1645,164.4033,27.09947464631212
1646,164.5033,27.336085487807768
1647,164.6033,27.11194393305565
1648,164.7033,27.14947589910726
1649,164.8033,27.158115678409782
1650,164.9033,27.097700899081815
1651,165.0033,27.244859240826873
1652,165.1033,26.93272277549643
1653,165.2033,27.02100667003101
1654,165.3033,27.181683027147823
1655,165.4033,26.91093332016158
1656,165.5033,26.966920456149452
1657,165.6033,26.82050023312042
1658,165.7033,26.68996562424136
1659,165.8033,26.945219643647484
1660,165.9033,26.961976081717225
1661,166.0033,27.208742427850577
1662,166.1033,27.06532736372164
1663,166.2033,27.308140673209262
1664,166.3033,26.971853940084856
1665,166.4033,26.9796665428719
1666,166.5033,27.094168986897582
1667,166.6033,27.170218995432215
1668,166.7033,27.329230663151204
1669,166.8033,27.47910854798989
1670,166.9033,27.48886034960584
1671,167.0033,27.388459909386388
1672,167.1033,27.29288393860375
1673,167.2033,27.421823479247127
1674,167.3033,27.106692712374024
1675,167.4033,27.090554752617145
1676,167.5034,27.087827048878168
1677,167.6034,26.926598066373664
1678,167.7034,27.05317862273869
1679,167.8034,26.997604685006426
1680,167.9034,26.83608366175167
1681,168.0034,26.82159114426806
1682,168.1034,26.760610942039936
1683,168.2034,26.98563039082158
1684,168.3034,26.89666350878836
1685,168.4034,26.99627681577537
1686,168.5034,26.956711081230456
1687,168.6034,26.78661721007537
1688,168.7034,27.237559928719424
1689,168.8034,27.038263499675494
1690,168.9034,27.16801454225776
1691,169.0034,27.11799772292389
1692,169.1034,27.053162830271845
1693,169.2034,27.279308990416745
1694,169.3034,27.066416539502857
1695,169.4034,27.335217005563116
1696,169.5034,27.045802457998434
1697,169.6034,27.409660945234805
1698,169.7034,27.24672894769926
1699,169.8034,27.201326543289507
1700,169.9034,27.073637676661942
1701,170.0034,27.160071931024145
1702,170.1034,27.414613573652503
1703,170.2034,27.11851666897836
1704,170.3034,27.181904587540384
1705,170.4034,27.32199157425558
1706,170.5034,27.492079994091746
1707,170.6034,27.56420430074461
1708,170.7034,27.514649109428092
1709,170.8034,27.680446346379938
1710,170.9034,27.321576994915613
1711,171.0034,27.446340692339252
1712,171.1034,27.477410106234377
1713,171.2034,27.457229968757115
1714,171.3034,27.439136747093723
1715,171.4034,27.7981447995778
1716,171.5034,27.44706949669639
1717,171.6034,27.198252810163286
1718,171.7034,27.327164253107256
1719,171.8034,27.581097374484706
1720,171.9034,27.682653395603346
1721,172.0034,27.546907590175458
1722,172.1034,26.88602429982211
1723,172.2034,26.66332937806826
1724,172.3034,26.954379361504113
1725,172.4034,27.05432019261602
1726,172.5035,27.22842719262334
1727,172.6035,26.8889132247404
1728,172.7035,27.06054933633695
1729,172.8035,26.96673317850307
1730,172.9035,27.3433540498079
1731,173.0035,27.336152452233538
1732,173.1035,27.394752198658356
1733,173.2035,27.269035590640108
1734,173.3035,27.321267470128276
1735,173.4035,27.30364064434099
1736,173.5035,27.359926535175045
1737,173.6035,27.40131714454923
1738,173.7035,27.341255787155152
1739,173.8035,27.40677309930794
1740,173.9035,27.379436732771328
1741,174.0035,27.34699447010148
1742,174.1035,27.22041422054259
1743,174.2035,27.52677008469669
1744,174.3035,27.323179931738803
1745,174.4035,27.00997487182989
1746,174.5035,26.847208673137533
1747,174.6035,26.705562117169425
1748,174.7035,26.94796537444419
1749,174.8035,26.916692815909737
1750,174.9035,27.09206357062336
1751,175.0035,27.079738794942877
1752,175.1035,27.36818205185095
1753,175.2035,27.347608175663474
1754,175.3035,27.433204566112362
1755,175.4035,27.49212435962402
1756,175.5035,27.427979040536695
1757,175.6035,27.828139932081953
1758,175.7035,27.866381983214218
1759,175.8035,27.590450200332477
1760,175.9035,27.506862826846294
1761,176.0035,27.392310439989394
1762,176.1035,27.443079147617514
1763,176.2035,27.277771471942152
1764,176.3035,27.31524990829682
1765,176.4035,27.27718319949813
1766,176.5035,27.472281157961582
1767,176.6035,27.325570436012576
1768,176.7035,27.45769198829907
1769,176.8035,27.557776871813985
1770,176.9035,27.625247962051873
1771,177.0035,27.374492191363373
1772,177.1035,27.52686255908412
1773,177.2035,27.32644790660666
1774,177.3035,27.441163742017817
1775,177.4035,27.307272546127162
1776,177.5036,27.707020103368528
1777,177.6036,27.639553536762335
1778,177.7036,27.445806673085375
1779,177.8036,27.421076710189173
1780,177.9036,27.24207965475101
1781,178.0036,27.254894554123787
1782,178.1036,27.051357247779233
1783,178.2036,26.947791369755347
1784,178.3036,27.24461193051828
1785,178.4036,27.350190527247655
1786,178.5036,27.28856443874818
1787,178.6036,27.285819748714218
1788,178.7036,27.21717274380676
1789,178.8036,27.149740301268466
1790,178.9036,27.470041690599107
1791,179.0036,27.400247625509873
1792,179.1036,27.34869404248929
1793,179.2036,27.153121861813982
1794,179.3036,27.32747743524385
1795,179.4036,27.242254839285284
1796,179.5036,26.95605740662955
1797,179.6036,26.86849101866548
1798,179.7036,26.91337553923905
1799,179.8036,26.879685317120195
1800,179.9036,27.007044021920418
1801,180.0036,26.850747230163037
1802,180.1036,27.260648181259274
1803,180.2036,27.11958004096925
1804,180.3036,26.944956471791755
1805,180.4036,26.70466621527866
1806,180.5036,27.076798594728555
1807,180.6036,26.6934260295129
1808,180.7036,26.972930720002985
1809,180.8036,26.755922553247093
1810,180.9036,26.56666773450513
1811,181.0036,26.760575305363247
1812,181.1036,26.642212530569772
1813,181.2036,26.768628617604534
1814,181.3036,27.209083332916258
1815,181.4036,26.703661847736342
1816,181.5036,26.7009764159113
1817,181.6036,26.745582973082033
1818,181.7036,26.570688940559315
1819,181.8036,26.692495664107696
1820,181.9036,26.85196120359371
1821,182.0036,26.81756671704061
1822,182.1036,26.734604515413174
1823,182.2036,26.666733711811784
1824,182.3036,26.999786239851062
1825,182.4036,27.044157387671262
1826,182.5036,26.935250385703167
1827,182.6037,26.908659140243145
1828,182.7037,26.83720885955944
1829,182.8037,27.074651739939856
1830,182.9037,27.154814959634486
1831,183.0037,27.331747636484792
1832,183.1037,27.374922044286908
1833,183.2037,27.429404773348963
1834,183.3037,27.293164563654436
1835,183.4037,27.476189557122606
1836,183.5037,27.217999199413555
1837,183.6037,27.22650468058305
1838,183.7037,27.12206942091128
1839,183.8037,26.934372964061488
1840,183.9037,27.126999932266923
1841,184.0037,26.925481332691458
1842,184.1037,27.203685834900835
1843,184.2037,26.90299166794471
1844,184.3037,27.221517199047717
1845,184.4037,27.391238466060553
1846,184.5037,27.297190569826366
1847,184.6037,27.116689153839022
1848,184.7037,27.46025049894767
1849,184.8037,27.621392417186726
1850,184.9037,27.74803887310146
1851,185.0037,27.423365520765145
1852,185.1037,27.40906363933639
1853,185.2037,27.495205315260613
1854,185.3037,27.632187708187523
1855,185.4037,27.375384397082488
1856,185.5037,27.247713030025984
1857,185.6037,27.312099756439437
1858,185.7037,27.54411543107282
1859,185.8037,27.373985536852626
1860,185.9037,27.204952765936493
1861,186.0037,27.0150282409059
1862,186.1037,27.37771769409298
1863,186.2037,27.172834118823612
1864,186.3037,27.10342500397826
1865,186.4037,27.08565265998926
1866,186.5037,27.225762048328683
1867,186.6037,26.990921583450664
1868,186.7037,26.871544059210418
1869,186.8037,27.12003335679872
1870,186.9037,27.395729854774
1871,187.0037,27.36555729621233
1872,187.1037,27.40184796043882
1873,187.2037,27.270427275845524
1874,187.3037,27.06674608781956
1875,187.4037,27.36012515834689
1876,187.5037,27.457682750357
1877,187.6038,28.04039081934497
1878,187.7038,27.606688367370722
1879,187.8038,27.60117468010957
1880,187.9038,27.476193453836395
1881,188.0038,27.4177155577001
1882,188.1038,27.17383925843393
1883,188.2038,26.9597430743376
1884,188.3038,26.94632261396883
1885,188.4038,26.991188079043404
1886,188.5038,26.899309819971077
1887,188.6038,26.85773683627309
1888,188.7038,26.660822298617564
1889,188.8038,26.62987496937972
1890,188.9038,26.789329242872643
1891,189.0038,27.009999328256406
1892,189.1038,27.067384300423416
1893,189.2038,26.841343526246657
1894,189.3038,26.776155340907682
1895,189.4038,27.01405539581208
1896,189.5038,26.667205778348844
1897,189.6038,26.628377185389127
1898,189.7038,26.549308149635255
1899,189.8038,26.898872524416955
1900,189.9038,26.670076426049796
1901,190.0038,26.670925888098818
1902,190.1038,26.697125776979842
1903,190.2038,26.68731265213789
1904,190.3038,26.42134546575661
1905,190.4038,26.651699862368993
1906,190.5038,26.675886429168624
1907,190.6038,26.76088348163444
1908,190.7038,26.794571490832052
1909,190.8038,27.081581309889536
1910,190.9038,27.267802271473478
1911,191.0038,27.313432887671215
1912,191.1038,27.141384481132924
1913,191.2038,27.07253799135942
1914,191.3038,26.96558818406382
1915,191.4038,27.017708727218103
1916,191.5038,26.61576652569508
1917,191.6038,26.77523679971022
1918,191.7038,26.57502058025599
1919,191.8038,26.271345818478608
1920,191.9038,26.177754272685792
1921,192.0038,26.461650447748692
1922,192.1038,26.51553531760245
1923,192.2038,26.725268602043688
1924,192.3038,26.610691899945294
1925,192.4038,26.79740119934861
1926,192.5038,26.64448574593801
1927,192.6039,26.70206579872799
1928,192.7039,26.49850082094467
1929,192.8039,26.88792952063541
1930,192.9039,26.839017354397182
1931,193.0039,26.747582559674022
1932,193.1039,26.828017150383612
1933,193.2039,26.558603586232344
1934,193.3039,26.690483143054145
1935,193.4039,26.47919294393434
1936,193.5039,26.722206587607516
1937,193.6039,26.400258968633104
1938,193.7039,26.49606634372293
1939,193.8039,26.80519705869436
1940,193.9039,26.678511237093883
1941,194.0039,26.59277862184516
1942,194.1039,26.958297516138433
1943,194.2039,26.877226630317555
1944,194.3039,26.73910395180392
1945,194.4039,26.45554791628199
1946,194.5039,26.46375241270705
1947,194.6039,27.062447631458035
1948,194.7039,26.617654866445854
1949,194.8039,27.185867077995898
1950,194.9039,27.092554978314958
1951,195.0039,26.502574448635883
1952,195.1039,26.89850514525893
1953,195.2039,27.08746460821591
1954,195.3039,26.65408213638846
1955,195.4039,26.927572299641476
1956,195.5039,26.85875583179016
1957,195.6039,26.778361215720153
1958,195.7039,26.811880945421567
1959,195.8039,26.753393171883285
1960,195.9039,26.781679131478846
1961,196.0039,27.01489347285844
1962,196.1039,27.083491890863986
1963,196.2039,27.47357139658867
1964,196.3039,27.304558478261153
1965,196.4039,27.187997050105306
1966,196.5039,27.136746420909546
1967,196.6039,27.096675969506624
1968,196.7039,27.22755245792541
1969,196.8039,27.06726896241829
1970,196.9039,26.968345834123873
1971,197.0039,27.082205877933603
1972,197.1039,27.432417880728828
1973,197.2039,26.957690780229647
1974,197.3039,27.378254418014187
1975,197.4039,27.041565694417148
1976,197.504,27.199578124919665
1977,197.604,26.912877350645033
1978,197.704,27.339836962184595
1979,197.804,26.8993149044121
1980,197.904,26.816506317324965
1981,198.004,26.89992683772182
1982,198.104,27.045857165376855
1983,198.204,27.011508827223846
1984,198.304,27.172417271220393
1985,198.404,27.27364550477915
1986,198.504,27.11953806174065
1987,198.604,27.04601484762152
1988,198.704,26.731747934852255
1989,198.804,27.071142167390505
1990,198.904,27.016369994466594
1991,199.004,26.913516808118235
1992,199.104,27.2328845824491
1993,199.204,26.78959666024652
1994,199.304,26.891594625813788
1995,199.404,26.70326844790817
1996,199.504,26.735566208161597
1997,199.604,27.01460796182633
1998,199.704,27.078675007539086
1999,199.804,27.060277688796177
2000,199.904,26.923114430936522
2001,200.0,26.99806692243499
