Frame,Time (ns),RMSD 1 (2662 atoms)
1,0.0,9.641897255406644e-06
2,0.1,1.862665837665262
3,0.2,1.953110367988452
4,0.3,2.362889556465322
5,0.4,2.3988234558188006
6,0.5,2.54457694064071
7,0.6,2.868664770075328
8,0.7,3.3422032983725405
9,0.8,3.1055058311074513
10,0.9,3.02621035603775
11,1.0,2.8672910752046437
12,1.1,2.8232478715999108
13,1.2,2.7550690029845573
14,1.3,2.6316260371019324
15,1.4,2.806194001431766
16,1.5,3.185384746006851
17,1.6,3.3461977196542696
18,1.7,2.9935352399134203
19,1.8,3.2504785857073863
20,1.9,3.2233332177368874
21,2.0,2.7261221549957986
22,2.1,3.1666233464488203
23,2.2,3.304375730450611
24,2.3,3.2738660111171325
25,2.4,3.089001849948029
26,2.5001,3.053623343883021
27,2.6001,2.982464718730447
28,2.7001,3.0281282687808164
29,2.8001,3.0626565719437564
30,2.9001,3.0626715270069633
31,3.0001,3.3112464413779543
32,3.1001,3.201389201949881
33,3.2001,2.802066715525027
34,3.3001,2.6387733256713806
35,3.4001,2.7841646456856224
36,3.5001,3.379125422960535
37,3.6001,3.597663769934475
38,3.7001,3.450307837795591
39,3.8001,3.003201070552592
40,3.9001,3.000115774263062
41,4.0001,3.108839681613107
42,4.1001,3.076236648200519
43,4.2001,3.1177835583309426
44,4.3001,3.5418649655121577
45,4.4001,3.124727186009685
46,4.5001,3.0382620838058076
47,4.6001,3.385172342100411
48,4.7001,3.36457857394523
49,4.8001,3.2709342379944526
50,4.9001,3.074889987766778
51,5.0001,2.936527808754931
52,5.1001,3.1681283991381273
53,5.2001,3.240986196862531
54,5.3001,3.88167780871752
55,5.4001,3.752640378010251
56,5.5001,3.9944861019137172
57,5.6001,3.788170208967588
58,5.7001,3.6429111095092734
59,5.8001,3.129977665088901
60,5.9001,3.5556817714252653
61,6.0001,3.026195522687725
62,6.1001,2.751913342884445
63,6.2001,2.892145203472107
64,6.3001,2.7491020912517135
65,6.4001,3.655649487332199
66,6.5001,4.128386101482467
67,6.6001,4.153705064201911
68,6.7001,4.373143258570695
69,6.8001,3.9143873292991365
70,6.9001,3.7584403606229984
71,7.0001,4.022217835421413
72,7.1001,3.1029401004391697
73,7.2001,3.5500224132258404
74,7.3001,4.11319365614563
75,7.4001,3.3547934404402713
76,7.5002,3.1349331666010545
77,7.6002,3.616878945483307
78,7.7002,3.592270215022722
79,7.8002,3.7790157827794535
80,7.9002,3.9160945620360166
81,8.0002,3.553523785003145
82,8.1002,3.6126603270559268
83,8.2002,3.4179546060431405
84,8.3002,3.3578185176792212
85,8.4002,3.398032644904482
86,8.5002,3.036898635634969
87,8.6002,3.0926182220799037
88,8.7002,3.3318429144565895
89,8.8002,3.1894941615435553
90,8.9002,3.295575360771138
91,9.0002,3.426394444027762
92,9.1002,3.414995573154018
93,9.2002,3.726408777196515
94,9.3002,3.6874299562515263
95,9.4002,3.7079884582680913
96,9.5002,3.7988142147170154
97,9.6002,3.6073408952033823
98,9.7002,3.8333344371968936
99,9.8002,4.060610751728845
100,9.9002,4.776476133481459
101,10.0002,4.28463188978362
102,10.1002,4.547060266418451
103,10.2002,4.57858762376377
104,10.3002,4.453101014063662
105,10.4002,4.551212974242816
106,10.5002,4.1753268462162705
107,10.6002,4.102505636932448
108,10.7002,3.491758048096862
109,10.8002,3.6582073688808756
110,10.9002,3.377341246091632
111,11.0002,4.004517519965905
112,11.1002,3.5746857942427934
113,11.2002,3.89262940858813
114,11.3002,3.7879101572934037
115,11.4002,3.4441136844005165
116,11.5002,3.9950047442901315
117,11.6002,3.645735642723174
118,11.7002,3.7474263808801407
119,11.8002,3.097058578081722
120,11.9002,3.8303792692161482
121,12.0002,3.39505280596957
122,12.1002,3.37715692379722
123,12.2002,3.8086491851930107
124,12.3002,3.422347505937867
125,12.4002,3.4213877011344795
126,12.5002,4.1894750541440215
127,12.6003,3.9330407287494644
128,12.7003,3.4500210232220945
129,12.8003,3.8438258321193812
130,12.9003,3.985798077070757
131,13.0003,3.6517078908117213
132,13.1003,4.036682738624093
133,13.2003,4.049213681061543
134,13.3003,3.958442384253101
135,13.4003,4.055022214063985
136,13.5003,4.374653708247912
137,13.6003,3.9999740302682874
138,13.7003,4.5087662885488715
139,13.8003,4.430741750072555
140,13.9003,4.223679518903396
141,14.0003,4.07543142628353
142,14.1003,4.4318306364676845
143,14.2003,4.56328954073583
144,14.3003,4.081158787313966
145,14.4003,4.486022486902352
146,14.5003,4.115800828011936
147,14.6003,3.9646063635963227
148,14.7003,3.574783183003316
149,14.8003,3.4291755545548437
150,14.9003,3.6399506587401937
151,15.0003,4.5210393002785025
152,15.1003,5.387983044008736
153,15.2003,5.048396350800439
154,15.3003,5.008585260093593
155,15.4003,4.778361521445777
156,15.5003,4.089021964845131
157,15.6003,4.688843326534681
158,15.7003,4.519280899223563
159,15.8003,4.800747702968509
160,15.9003,4.293372051155639
161,16.0003,4.095701913787445
162,16.1003,3.9308629099257564
163,16.2003,4.0892355332950885
164,16.3003,4.043717978334158
165,16.4003,3.807013708942669
166,16.5003,3.9126182493605444
167,16.6003,3.8576583112437
168,16.7003,4.080178055157572
169,16.8003,4.17182893974086
170,16.9003,4.379437733408768
171,17.0003,4.334960495366013
172,17.1003,4.95267844197446
173,17.2003,5.3153877168467485
174,17.3003,4.681705544145239
175,17.4003,4.507704813303967
176,17.5004,4.376860407369694
177,17.6004,4.591749373916333
178,17.7004,4.566433686572523
179,17.8004,4.419180493233999
180,17.9004,4.434510757839129
181,18.0004,4.824777547718565
182,18.1004,4.41853225868169
183,18.2004,4.4743535867657345
184,18.3004,4.347070761775474
185,18.4004,4.415957283979367
186,18.5004,4.615187823451287
187,18.6004,4.671309397996348
188,18.7004,4.256159418144613
189,18.8004,4.643731773418301
190,18.9004,4.520288906215375
191,19.0004,4.398399418476237
192,19.1004,4.29636563895732
193,19.2004,4.223033463397363
194,19.3004,4.248393730114347
195,19.4004,4.254713600089722
196,19.5004,4.602818327126259
197,19.6004,4.610918967956038
198,19.7004,4.32596594626277
199,19.8004,4.213512247777138
200,19.9004,4.220100108792653
201,20.0004,4.36309275706432
202,20.1004,4.664793466069155
203,20.2004,4.181466674245699
204,20.3004,4.574963168942742
205,20.4004,4.23481051121986
206,20.5004,4.327222136121649
207,20.6004,4.643253601220184
208,20.7004,4.77955498144604
209,20.8004,4.599571157413327
210,20.9004,4.803023190861141
211,21.0004,4.62395094440073
212,21.1004,4.290828301406657
213,21.2004,4.518098201962981
214,21.3004,4.532102011481778
215,21.4004,4.719873540899205
216,21.5004,4.333607073979445
217,21.6004,4.549943348428636
218,21.7004,4.979150407005313
219,21.8004,5.143717047826168
220,21.9004,5.1900651553557635
221,22.0004,5.294994186017986
222,22.1004,5.12340920134856
223,22.2004,5.755683801047325
224,22.3004,5.426959950345581
225,22.4004,5.516894754580601
226,22.5005,5.436799581708744
227,22.6005,4.92832879349729
228,22.7005,4.663595185310204
229,22.8005,4.775244626553427
230,22.9005,4.584329922298293
231,23.0005,4.247866640319185
232,23.1005,4.444485873375825
233,23.2005,4.613204806252078
234,23.3005,4.789908734630966
235,23.4005,4.717893768072919
236,23.5005,4.802677021817087
237,23.6005,4.897653188593723
238,23.7005,4.645956472097374
239,23.8005,4.856922813392699
240,23.9005,4.773616988992014
241,24.0005,4.884317111499192
242,24.1005,4.79114561745693
243,24.2005,5.2216218484852845
244,24.3005,4.978019514454137
245,24.4005,4.960707220348203
246,24.5005,4.674400733384577
247,24.6005,4.443061339530783
248,24.7005,4.8406804504196215
249,24.8005,4.780132537418408
250,24.9005,4.968961932933471
251,25.0005,4.846812845945335
252,25.1005,4.775007547715542
253,25.2005,4.672894878388543
254,25.3005,4.460846153647516
255,25.4005,4.583114948012906
256,25.5005,4.551012931524479
257,25.6005,4.619697638705333
258,25.7005,4.734190976891262
259,25.8005,4.35505376119493
260,25.9005,4.6038121981201705
261,26.0005,4.605984368315521
262,26.1005,4.674294882379626
263,26.2005,4.574011551224724
264,26.3005,4.932188907859557
265,26.4005,4.834794182222016
266,26.5005,4.832592680494201
267,26.6005,4.983189078770411
268,26.7005,5.173153358603562
269,26.8005,4.867478966356249
270,26.9005,4.8704088499466645
271,27.0005,5.089139621172274
272,27.1005,4.645624021842946
273,27.2005,5.047244724236195
274,27.3005,4.725742418341757
275,27.4005,4.849615008433347
276,27.5006,4.916370068590077
277,27.6006,4.751136785735488
278,27.7006,4.608571767590675
279,27.8006,4.429795718830907
280,27.9006,4.910072412661786
281,28.0006,5.348364108495236
282,28.1006,4.986619760237012
283,28.2006,5.4042286516204205
284,28.3006,5.326005997828349
285,28.4006,4.613594142233462
286,28.5006,4.607135350853884
287,28.6006,4.516074006196628
288,28.7006,4.596374499270964
289,28.8006,4.85196418930157
290,28.9006,4.4687163339875795
291,29.0006,4.859956508522016
292,29.1006,4.705156698235733
293,29.2006,4.895793168134379
294,29.3006,4.715474780649641
295,29.4006,5.107550581458006
296,29.5006,4.625062493022177
297,29.6006,4.9477353273692755
298,29.7006,5.039323154294051
299,29.8006,4.658291456625114
300,29.9006,5.19571310512588
301,30.0006,5.171141508067612
302,30.1006,5.21434417668748
303,30.2006,5.145274250534605
304,30.3006,5.067024059658206
305,30.4006,5.488147787637782
306,30.5006,5.221339781223931
307,30.6006,5.3545373744498725
308,30.7006,4.999312195585951
309,30.8006,5.182558876711783
310,30.9006,5.5951590283329145
311,31.0006,5.3161488295355825
312,31.1006,5.252599544632648
313,31.2006,5.004063485204831
314,31.3006,5.173671386380884
315,31.4006,5.0478041881794855
316,31.5006,5.333961874284195
317,31.6006,5.141018283672482
318,31.7006,4.809390159479013
319,31.8006,5.483919381811693
320,31.9006,5.263300291042641
321,32.0006,5.349646140429458
322,32.1006,5.373672130806545
323,32.2006,5.016118702288331
324,32.3006,5.27148308322185
325,32.4006,5.1348790776954365
326,32.5007,5.4799814667050635
327,32.6007,5.463130092270222
328,32.7007,5.214192029940491
329,32.8007,5.6195160533641575
330,32.9007,5.5508433981280465
331,33.0007,5.3525884928627265
332,33.1007,5.498283470367687
333,33.2007,5.54392492195106
334,33.3007,5.034399300316243
335,33.4007,5.455684877530635
336,33.5007,5.83229185248252
337,33.6007,5.554760285969693
338,33.7007,5.74816583119679
339,33.8007,5.197087045672499
340,33.9007,5.497242319934987
341,34.0007,5.869725580225785
342,34.1007,6.12318257740295
343,34.2007,6.048496545234469
344,34.3007,5.5381792635053175
345,34.4007,6.1023804721347
346,34.5007,6.610519963381043
347,34.6007,6.78596936404427
348,34.7007,5.933667848949733
349,34.8007,6.057361059006749
350,34.9007,6.098168779963431
351,35.0007,5.576220211047695
352,35.1007,5.870368680728179
353,35.2007,5.827806187196328
354,35.3007,5.790028511936013
355,35.4007,5.731078609778587
356,35.5007,5.875245276715026
357,35.6007,5.892313319924649
358,35.7007,6.50067573664228
359,35.8007,6.7686295431759245
360,35.9007,6.5283886923489725
361,36.0007,6.278142119216642
362,36.1007,6.391243671422753
363,36.2007,6.174384326838503
364,36.3007,6.348428214898653
365,36.4007,6.41276369782701
366,36.5007,6.277005418262278
367,36.6007,6.485972867957363
368,36.7007,6.47698440042345
369,36.8007,6.414659566620619
370,36.9007,6.354826630402831
371,37.0007,6.5450849447003945
372,37.1007,6.621495639405089
373,37.2007,6.825880167691576
374,37.3007,6.818550234906495
375,37.4007,6.37747199747661
376,37.5007,6.444578088424405
377,37.6008,6.404332623131402
378,37.7008,6.653601845131282
379,37.8008,6.688797087925146
380,37.9008,6.42282969716334
381,38.0008,6.377885662933354
382,38.1008,6.4479664233785785
383,38.2008,6.160849347369784
384,38.3008,6.028146486215646
385,38.4008,6.24817567297616
386,38.5008,6.460227008827834
387,38.6008,6.157926862555986
388,38.7008,6.343325053175616
389,38.8008,6.334296388133685
390,38.9008,6.695531978113295
391,39.0008,6.5645643692900695
392,39.1008,6.922138741507344
393,39.2008,6.410863188779971
394,39.3008,5.908657226754172
395,39.4008,5.984426134828317
396,39.5008,5.751942192926515
397,39.6008,6.382571290989885
398,39.7008,6.126970225420674
399,39.8008,6.105756398490594
400,39.9008,6.365307543605577
401,40.0008,6.297015308645171
402,40.1008,5.766787602161451
403,40.2008,5.7238470096539205
404,40.3008,5.672687085442563
405,40.4008,6.0355742001158195
406,40.5008,6.186822855227084
407,40.6008,6.075680408688285
408,40.7008,5.802908120396101
409,40.8008,5.7545136809253545
410,40.9008,6.118821057387431
411,41.0008,6.288932137167523
412,41.1008,5.4954908251724195
413,41.2008,5.780045860974967
414,41.3008,5.758563222989442
415,41.4008,5.909615058960722
416,41.5008,5.750348816858468
417,41.6008,5.847099982028291
418,41.7008,6.090726080753282
419,41.8008,5.272980341709975
420,41.9008,5.3698239259471
421,42.0008,6.166032351591086
422,42.1008,5.8848739777664125
423,42.2008,5.632380429557637
424,42.3008,6.219491220187545
425,42.4008,6.158505325426017
426,42.5008,5.700700942222996
427,42.6009,5.893417057892549
428,42.7009,5.903757055318861
429,42.8009,5.922161006586522
430,42.9009,6.170684805353329
431,43.0009,5.876274701875993
432,43.1009,6.060719092519403
433,43.2009,6.0551929630123125
434,43.3009,5.927036655794654
435,43.4009,6.229891552745307
436,43.5009,6.806790466452227
437,43.6009,6.73127495420072
438,43.7009,6.768102614666035
439,43.8009,6.7591543680140465
440,43.9009,6.830980548310391
441,44.0009,6.811990738276346
442,44.1009,6.87645881141563
443,44.2009,7.194622002890562
444,44.3009,6.83618017577147
445,44.4009,7.063284066107851
446,44.5009,6.327332465643136
447,44.6009,6.77678978996937
448,44.7009,6.43243144437537
449,44.8009,5.790541734494902
450,44.9009,6.076215127530636
451,45.0009,6.348487795551531
452,45.1009,6.950820127500253
453,45.2009,6.715226528368399
454,45.3009,7.547257381875457
455,45.4009,7.649996623580718
456,45.5009,7.693615943753081
457,45.6009,7.485633880901548
458,45.7009,7.4177173148594715
459,45.8009,7.874903732165402
460,45.9009,7.096874087049054
461,46.0009,7.520215861813762
462,46.1009,7.498520644074719
463,46.2009,7.291530262518711
464,46.3009,6.819624360817098
465,46.4009,6.848070689748055
466,46.5009,6.60616480164956
467,46.6009,6.418519451176298
468,46.7009,6.442618168703881
469,46.8009,7.357937043209057
470,46.9009,6.938253320261031
471,47.0009,6.251969149707287
472,47.1009,6.255982334246589
473,47.2009,6.446767475137717
474,47.3009,6.333526650598416
475,47.4009,6.246775120743127
476,47.501,5.841038756353049
477,47.601,6.309912873300525
478,47.701,6.749497481056031
479,47.801,6.380500287782221
480,47.901,6.56850323680131
481,48.001,6.134919351055709
482,48.101,6.888881756886459
483,48.201,6.470183609904046
484,48.301,6.469172792832336
485,48.401,7.2238250366509735
486,48.501,6.69414689959806
487,48.601,6.768190563968905
488,48.701,7.199002659876247
489,48.801,6.889909331581459
490,48.901,6.946751321767557
491,49.001,6.180298233826484
492,49.101,6.011267342565541
493,49.201,6.263627583011721
494,49.301,6.396952587781773
495,49.401,6.582598480525236
496,49.501,6.068154196786349
497,49.601,6.442875401008697
498,49.701,6.317684972767795
499,49.801,6.919046441668993
500,49.901,7.057491892335216
501,50.001,6.985636728800459
502,50.101,6.400944834122357
503,50.201,6.250569431849844
504,50.301,6.345226364625503
505,50.401,6.8112286653610115
506,50.501,6.259427815444715
507,50.601,6.596948667944746
508,50.701,6.426760853410514
509,50.801,6.343020815918859
510,50.901,6.072545590527459
511,51.001,6.027955329100672
512,51.101,5.959882846346168
513,51.201,6.328482040635096
514,51.301,6.562622257384296
515,51.401,6.2748183773094635
516,51.501,5.906510868165357
517,51.601,6.296391067930726
518,51.701,6.520110436729205
519,51.801,6.738592609787536
520,51.901,6.371691437028788
521,52.001,6.669177762504787
522,52.101,6.345007960657665
523,52.201,6.760232015369018
524,52.301,5.779576446521465
525,52.401,6.512827731093191
526,52.5011,6.442227392532557
527,52.6011,6.688495438447377
528,52.7011,5.887446941281704
529,52.8011,6.077481968587958
530,52.9011,6.0588008010633985
531,53.0011,6.511036098962069
532,53.1011,6.0740830229284235
533,53.2011,6.139020910117605
534,53.3011,6.345952902181684
535,53.4011,6.1359600805987915
536,53.5011,6.417745613738501
537,53.6011,6.559739213155672
538,53.7011,6.437780101754789
539,53.8011,5.9311062337994995
540,53.9011,5.75801826551677
541,54.0011,6.254353138551112
542,54.1011,5.956566147920723
543,54.2011,5.431005809285072
544,54.3011,6.093459090257595
545,54.4011,6.336465889006191
546,54.5011,5.553856604146436
547,54.6011,5.817160346939147
548,54.7011,6.087101517662692
549,54.8011,5.879962495640035
550,54.9011,5.950729175066817
551,55.0011,5.655386883247203
552,55.1011,5.807265932273328
553,55.2011,5.871481257465646
554,55.3011,5.87061504011626
555,55.4011,6.014948063050994
556,55.5011,6.287314375521703
557,55.6011,6.350010467907013
558,55.7011,6.5898757561813595
559,55.8011,6.413065169781857
560,55.9011,6.174378876056816
561,56.0011,6.540201855469371
562,56.1011,6.501357986866724
563,56.2011,5.9169490221411145
564,56.3011,5.935351815728627
565,56.4011,6.01913843693874
566,56.5011,6.411776346272094
567,56.6011,5.976721279637801
568,56.7011,6.643725800656729
569,56.8011,6.141225584538658
570,56.9011,6.362272767384255
571,57.0011,6.47680185013631
572,57.1011,5.9968929659295505
573,57.2011,6.164838979499948
574,57.3011,6.209434085045192
575,57.4011,5.7174313835194255
576,57.5012,5.717330385840493
577,57.6012,5.6729592288158095
578,57.7012,5.747665132148352
579,57.8012,5.63730217598416
580,57.9012,5.139150673872146
581,58.0012,5.697303526336091
582,58.1012,5.3098438593721
583,58.2012,5.258940844465802
584,58.3012,5.722187975067551
585,58.4012,5.984286973450764
586,58.5012,5.680761492572531
587,58.6012,6.145135692678158
588,58.7012,5.971562291031443
589,58.8012,6.2606594167667575
590,58.9012,6.4271860379374655
591,59.0012,5.558323520572749
592,59.1012,5.9117476968799005
593,59.2012,5.800830199306564
594,59.3012,5.760090246607927
595,59.4012,5.7551739496395244
596,59.5012,5.619594093352214
597,59.6012,5.6678027170448155
598,59.7012,6.0964002187187205
599,59.8012,5.526336982753518
600,59.9012,5.501221199602866
601,60.0012,6.115283032381208
602,60.1012,5.888950683322791
603,60.2012,6.061736633138872
604,60.3012,5.861645994027571
605,60.4012,5.626712204274514
606,60.5012,5.507896616771559
607,60.6012,5.973019263490652
608,60.7012,5.805331903917931
609,60.8012,6.113728455033024
610,60.9012,5.845329592265351
611,61.0012,5.956692464801489
612,61.1012,5.892964736956896
613,61.2012,5.816685893490467
614,61.3012,5.740703543705039
615,61.4012,5.877233653463448
616,61.5012,6.0919003918387435
617,61.6012,6.026861086783332
618,61.7012,5.374681727339195
619,61.8012,6.420096355819528
620,61.9012,5.765271104229833
621,62.0012,5.464838509571035
622,62.1012,5.481826221294652
623,62.2012,5.538953936467913
624,62.3012,5.576110855403751
625,62.4012,5.223962878422036
626,62.5012,5.68467105996427
627,62.6013,6.0460562624108505
628,62.7013,6.014589168289695
629,62.8013,6.073360271760803
630,62.9013,6.191727882057582
631,63.0013,5.830499064310724
632,63.1013,5.4459108697621925
633,63.2013,5.958180207567933
634,63.3013,5.763781770069937
635,63.4013,6.324522979915303
636,63.5013,5.190111765794714
637,63.6013,6.3584901722831555
638,63.7013,5.960432978579879
639,63.8013,6.218286135145144
640,63.9013,6.593982561941453
641,64.0013,7.22522994465473
642,64.1013,7.28952747996388
643,64.2013,7.69140007296714
644,64.3013,7.201791438271113
645,64.4013,6.474623766705827
646,64.5013,5.693272279068976
647,64.6013,5.788471163358736
648,64.7013,5.836940904497049
649,64.8013,6.07530496417996
650,64.9013,6.516136803524329
651,65.0013,6.478711481543242
652,65.1013,6.577237892867735
653,65.2013,6.501699148130544
654,65.3013,6.733259959557459
655,65.4013,6.520857550659438
656,65.5013,6.773809304782223
657,65.6013,6.407612038852912
658,65.7013,6.500740156523278
659,65.8013,6.074223589300064
660,65.9013,6.51703416119865
661,66.0013,5.834199874790781
662,66.1013,5.94096539661332
663,66.2013,6.674966513929242
664,66.3013,6.452271494104469
665,66.4013,5.9486587954403936
666,66.5013,6.057219360237968
667,66.6013,6.270416857198889
668,66.7013,5.990952408009709
669,66.8013,6.036852154433027
670,66.9013,5.962208790679597
671,67.0013,6.484619523779055
672,67.1013,6.37678550581158
673,67.2013,6.163396895681934
674,67.3013,6.047612065325701
675,67.4013,5.83152164276625
676,67.5014,6.076767638113544
677,67.6014,6.644431488241565
678,67.7014,6.135440949944934
679,67.8014,6.548143949327096
680,67.9014,7.161155465403134
681,68.0014,6.7413080942893115
682,68.1014,6.5072983088922385
683,68.2014,6.380270687091221
684,68.3014,6.256792689054623
685,68.4014,5.839775551097154
686,68.5014,6.058854966679495
687,68.6014,6.261236371867362
688,68.7014,6.371238031624935
689,68.8014,6.665837490951936
690,68.9014,6.145696780351256
691,69.0014,6.571717980601538
692,69.1014,6.238923089533047
693,69.2014,6.1999628028115055
694,69.3014,5.857145337579861
695,69.4014,6.00121572214044
696,69.5014,6.4107349163191465
697,69.6014,6.14747880469501
698,69.7014,5.96947884235126
699,69.8014,6.055994406435734
700,69.9014,5.54260179376742
701,70.0014,6.140784781211769
702,70.1014,5.938549914217736
703,70.2014,5.867406379122503
704,70.3014,6.282729232209023
705,70.4014,6.288983905903637
706,70.5014,6.228667224602702
707,70.6014,6.064928119319447
708,70.7014,5.997250177044808
709,70.8014,5.999276569061447
710,70.9014,6.325120482956768
711,71.0014,5.977470103126087
712,71.1014,5.746794430447403
713,71.2014,5.845706896173575
714,71.3014,5.906815064702663
715,71.4014,6.148681815467907
716,71.5014,6.081695638700074
717,71.6014,5.724677056508543
718,71.7014,5.691440413563783
719,71.8014,5.833423568751863
720,71.9014,5.352042068215306
721,72.0014,5.722452964838626
722,72.1014,5.635343232749499
723,72.2014,5.82225013497149
724,72.3014,5.572407661563098
725,72.4014,5.602953472631871
726,72.5014,5.637479564004017
727,72.6015,5.735638394829278
728,72.7015,5.709263414929225
729,72.8015,5.328841273788377
730,72.9015,5.81215393729069
731,73.0015,5.239187590502916
732,73.1015,5.5132920845619005
733,73.2015,5.507380488563477
734,73.3015,5.857922011604303
735,73.4015,5.342411100551066
736,73.5015,5.342508213861238
737,73.6015,5.509901481492945
738,73.7015,5.5556276499778585
739,73.8015,5.788502581010876
740,73.9015,5.7241412170597314
741,74.0015,5.425100615979933
742,74.1015,6.04117266077896
743,74.2015,5.690121543357999
744,74.3015,6.061914105533944
745,74.4015,5.861680829402531
746,74.5015,5.82305914443009
747,74.6015,5.7113211042200245
748,74.7015,6.238172931539726
749,74.8015,6.026830743141266
750,74.9015,5.926070215544285
751,75.0015,6.2409121063058475
752,75.1015,5.972686960224286
753,75.2015,5.948153767043323
754,75.3015,6.194466325211017
755,75.4015,6.4126075668475595
756,75.5015,5.918209152024844
757,75.6015,6.291243315979601
758,75.7015,6.515819293021329
759,75.8015,5.978846699207688
760,75.9015,6.0974907916025805
761,76.0015,6.405193611708027
762,76.1015,5.560127795115287
763,76.2015,6.101030265183463
764,76.3015,6.108961351007858
765,76.4015,6.2176599127440975
766,76.5015,6.224963969997637
767,76.6015,6.038421489235117
768,76.7015,5.6000058830155925
769,76.8015,5.862142552202383
770,76.9015,6.1512236243864145
771,77.0015,6.548083109516563
772,77.1015,5.945155284213926
773,77.2015,6.2372275360717415
774,77.3015,6.1224604660677855
775,77.4015,6.5921610899779415
776,77.5016,6.474303567826818
777,77.6016,6.805857351955043
778,77.7016,6.278957509776331
779,77.8016,6.537611076928618
780,77.9016,6.298457882948457
781,78.0016,6.348451998910582
782,78.1016,5.953061574671525
783,78.2016,6.415990819255708
784,78.3016,6.80412232094358
785,78.4016,6.59872772977494
786,78.5016,6.697112008365103
787,78.6016,6.112115241619645
788,78.7016,6.335055959805156
789,78.8016,5.961261294701128
790,78.9016,5.947128847002678
791,79.0016,5.68248551015555
792,79.1016,5.937350218714939
793,79.2016,6.089860628577534
794,79.3016,5.793946174425625
795,79.4016,5.912010541699495
796,79.5016,5.793634636177365
797,79.6016,6.030785703830194
798,79.7016,5.846366165093837
799,79.8016,5.645886468272152
800,79.9016,5.954041325136119
801,80.0016,6.198292398953371
802,80.1016,6.348257277686378
803,80.2016,6.2772785474751736
804,80.3016,6.2044077177710815
805,80.4016,5.778692476703856
806,80.5016,5.745621501780849
807,80.6016,5.975504536391555
808,80.7016,5.9938179557919256
809,80.8016,6.524955098257932
810,80.9016,6.2905974832958895
811,81.0016,6.130081703942009
812,81.1016,6.112631295458874
813,81.2016,6.1545159581707765
814,81.3016,6.4741863415854155
815,81.4016,5.976227988075586
816,81.5016,6.247633628768313
817,81.6016,5.854134076647051
818,81.7016,5.852402403771323
819,81.8016,5.7435630095655945
820,81.9016,6.109451948682737
821,82.0016,5.747947819737623
822,82.1016,6.109938123609214
823,82.2016,5.845620753319506
824,82.3016,5.830733231799017
825,82.4016,5.949280048960587
826,82.5017,5.781180604897222
827,82.6017,6.226447569622073
828,82.7017,6.153130808007415
829,82.8017,6.0666264394486245
830,82.9017,5.546912220919349
831,83.0017,5.2867132999796285
832,83.1017,5.688638254784112
833,83.2017,5.809063420434801
834,83.3017,6.318724908465025
835,83.4017,5.9710740625441145
836,83.5017,5.785259357025018
837,83.6017,6.0536501141081285
838,83.7017,6.265977405616776
839,83.8017,5.955705937948863
840,83.9017,6.2713072370783856
841,84.0017,6.096925010512945
842,84.1017,5.584999144381962
843,84.2017,5.987271904534859
844,84.3017,5.8452068333146725
845,84.4017,6.203416468635488
846,84.5017,6.006832698352606
847,84.6017,6.088115549580254
848,84.7017,6.027442676844264
849,84.8017,5.920807652938373
850,84.9017,5.744642549357625
851,85.0017,5.80265964560632
852,85.1017,5.605980737167667
853,85.2017,5.762909067287284
854,85.3017,5.955817608227626
855,85.4017,5.700880065559214
856,85.5017,5.8681347582875745
857,85.6017,5.876966873380004
858,85.7017,5.423339680251004
859,85.8017,5.892459159577429
860,85.9017,6.0975804671803155
861,86.0017,5.8201278696441845
862,86.1017,5.670065778480567
863,86.2017,5.368770144456821
864,86.3017,5.597736152250635
865,86.4017,5.413169658481182
866,86.5017,5.6499252129828506
867,86.6017,5.850135334799436
868,86.7017,5.779619203896692
869,86.8017,5.713423390920887
870,86.9017,5.632363291021348
871,87.0017,5.809832686223342
872,87.1017,6.016302905341623
873,87.2017,5.814292996630732
874,87.3017,5.783258758250226
875,87.4017,5.539108051827628
876,87.5018,5.699289405876364
877,87.6018,5.585560243951554
878,87.7018,5.7212126190650885
879,87.8018,5.300764364965386
880,87.9018,5.490291635729794
881,88.0018,5.895908206520459
882,88.1018,5.539030850434007
883,88.2018,5.390054691521655
884,88.3018,5.476199349333958
885,88.4018,5.1711584982162195
886,88.5018,5.8826968639318915
887,88.6018,5.83498811217083
888,88.7018,5.243223371193655
889,88.8018,5.5910868258987385
890,88.9018,5.79772286758923
891,89.0018,5.513278437503388
892,89.1018,5.969324252212282
893,89.2018,5.939208086202463
894,89.3018,6.064364008123116
895,89.4018,5.998215538093895
896,89.5018,6.189061841441261
897,89.6018,6.07632131115545
898,89.7018,6.119715184958252
899,89.8018,5.61811421969067
900,89.9018,6.295479810786085
901,90.0018,6.08207567110553
902,90.1018,5.7479632281983335
903,90.2018,6.226354527047363
904,90.3018,5.742934571524789
905,90.4018,6.122085151921856
906,90.5018,5.782156620965638
907,90.6018,6.061221131270076
908,90.7018,5.844005049806683
909,90.8018,6.143501131904012
910,90.9018,6.191078129487033
911,91.0018,5.749452841447903
912,91.1018,5.829285308342202
913,91.2018,5.856000688316932
914,91.3018,5.894840705634756
915,91.4018,6.4004416183262824
916,91.5018,6.189002923916555
917,91.6018,6.228340559893651
918,91.7018,6.541808230791379
919,91.8018,6.530005963374431
920,91.9018,6.462735527684687
921,92.0018,6.11378665226111
922,92.1018,5.9327832457333916
923,92.2018,5.465123591243481
924,92.3018,5.812656017992948
925,92.4018,6.062771767976851
926,92.5019,6.274471059092464
927,92.6019,6.410316199033703
928,92.7019,6.363197628841121
929,92.8019,5.614801290410338
930,92.9019,5.704880191106245
931,93.0019,5.698745777846582
932,93.1019,6.05447585680996
933,93.2019,6.308664505694746
934,93.3019,6.3977452710388265
935,93.4019,6.477775981376792
936,93.5019,5.886236077889408
937,93.6019,6.180011404012835
938,93.7019,5.969240943986609
939,93.8019,5.890139372374604
940,93.9019,6.2024908924267805
941,94.0019,6.028863820994257
942,94.1019,5.947077055452244
943,94.2019,5.873690927699737
944,94.3019,5.723567054172763
945,94.4019,5.756057759921992
946,94.5019,6.277223571819844
947,94.6019,6.107435617375007
948,94.7019,5.964714304322837
949,94.8019,6.268041018159442
950,94.9019,5.856048447434365
951,95.0019,6.062176327902174
952,95.1019,5.813479627005508
953,95.2019,5.777014509408889
954,95.3019,5.607355037824094
955,95.4019,5.962408966200728
956,95.5019,5.771234073842767
957,95.6019,5.982399458505224
958,95.7019,5.753295856404029
959,95.8019,6.152904122233158
960,95.9019,6.153022573609921
961,96.0019,6.709205155927628
962,96.1019,6.598717381973843
963,96.2019,6.139644243249901
964,96.3019,6.696574906153216
965,96.4019,6.216370558380945
966,96.5019,6.080392784489317
967,96.6019,6.291370070113241
968,96.7019,6.361902798988403
969,96.8019,6.857151814471829
970,96.9019,6.92405580242825
971,97.0019,6.673405620022681
972,97.1019,6.117011982331192
973,97.2019,5.9148458938103765
974,97.3019,6.282120537424193
975,97.4019,6.614006083270847
976,97.5019,6.513923428192522
977,97.602,6.471246533372779
978,97.702,6.051733547829944
979,97.802,6.06296021977535
980,97.902,6.355666896005445
981,98.002,6.122779332779044
982,98.102,5.8949008776361485
983,98.202,5.979353325487327
984,98.302,5.95955223561465
985,98.402,5.820140290339701
986,98.502,6.169519511362853
987,98.602,5.852383783832579
988,98.702,5.848848252675774
989,98.802,5.625405587839995
990,98.902,6.101062547319732
991,99.002,6.176163789942806
992,99.102,6.037049522096613
993,99.202,5.63343715812755
994,99.302,5.873079774785479
995,99.402,5.684567320370956
996,99.502,5.789076534696595
997,99.602,5.855742881388745
998,99.702,6.336889711390251
999,99.802,6.12950213988231
1000,99.902,5.735503882377521
1001,100.002,5.9790193368677755
1002,100.102,6.424001967620261
1003,100.202,5.950944710253108
1004,100.302,6.488651257659843
1005,100.402,6.601918532005961
1006,100.502,6.3558131362180434
1007,100.602,6.407229841708482
1008,100.702,6.6118243984036855
1009,100.802,6.3077470614140685
1010,100.902,7.2345266583339045
1011,101.002,6.825255329904658
1012,101.102,6.903917126359835
1013,101.202,7.911141837024721
1014,101.302,6.990250829638551
1015,101.402,7.236061948600302
1016,101.502,7.200065314264534
1017,101.602,7.587799457238588
1018,101.702,7.310391631327743
1019,101.802,7.886721716982086
1020,101.902,8.011890276868783
1021,102.002,8.42644956058726
1022,102.102,8.644034529638422
1023,102.202,8.01107925972704
1024,102.302,7.960275820289724
1025,102.402,8.234404345166253
1026,102.502,8.602215961260328
1027,102.6021,8.079121482419644
1028,102.7021,8.419942452894775
1029,102.8021,8.049396482692831
1030,102.9021,8.446008444536428
1031,103.0021,7.7671496288853445
1032,103.1021,7.799226418315579
1033,103.2021,7.630462219832138
1034,103.3021,7.172767722863792
1035,103.4021,8.05777777507823
1036,103.5021,7.487155157458363
1037,103.6021,7.8513959308657935
1038,103.7021,8.038278299499913
1039,103.8021,8.212456884682847
1040,103.9021,8.473673418070142
1041,104.0021,8.531736614129162
1042,104.1021,8.434153405553273
1043,104.2021,8.12679889016914
1044,104.3021,8.075190467044665
1045,104.4021,8.035005697160875
1046,104.5021,8.615946281544364
1047,104.6021,8.61913060596867
1048,104.7021,8.066206428986332
1049,104.8021,7.73056981423019
1050,104.9021,8.188939862650356
1051,105.0021,8.181207384366529
1052,105.1021,7.6883751816204295
1053,105.2021,8.469845796834887
1054,105.3021,8.157096495356777
1055,105.4021,8.083100488755663
1056,105.5021,8.722465325036183
1057,105.6021,7.404386517995464
1058,105.7021,8.059133297842335
1059,105.8021,6.724124372725147
1060,105.9021,6.668107806294259
1061,106.0021,6.89654732305704
1062,106.1021,6.111590839854282
1063,106.2021,6.514695029041592
1064,106.3021,6.058974482442955
1065,106.4021,6.829280607146088
1066,106.5021,6.341525052060934
1067,106.6021,6.178718934248846
1068,106.7021,6.349483869685388
1069,106.8021,5.901779357972207
1070,106.9021,5.898018935978469
1071,107.0021,6.158712579656643
1072,107.1021,6.300282311948592
1073,107.2021,6.116286186294652
1074,107.3021,6.51203998385327
1075,107.4021,6.622667438799011
1076,107.5022,6.125260533752416
1077,107.6022,6.506731570841502
1078,107.7022,7.049000146584411
1079,107.8022,6.64614763383444
1080,107.9022,6.3128839067861255
1081,108.0022,6.629628050685093
1082,108.1022,6.4109440378357805
1083,108.2022,6.142566578594684
1084,108.3022,6.004280413255587
1085,108.4022,6.179766858018623
1086,108.5022,5.491611918312178
1087,108.6022,5.698708262168447
1088,108.7022,5.226957532446494
1089,108.8022,5.528572404025786
1090,108.9022,5.656609079154073
1091,109.0022,6.204507603665865
1092,109.1022,5.878541614666428
1093,109.2022,5.906205088539068
1094,109.3022,6.244451954887638
1095,109.4022,6.399832391845689
1096,109.5022,7.137933059996692
1097,109.6022,6.684838276888762
1098,109.7022,6.87665642297081
1099,109.8022,7.079772396344598
1100,109.9022,7.327361201062146
1101,110.0022,6.654635653455715
1102,110.1022,5.834495494702848
1103,110.2022,6.150952827836895
1104,110.3022,6.013146281005974
1105,110.4022,6.050342767551597
1106,110.5022,6.112477889290638
1107,110.6022,6.667984070687459
1108,110.7022,6.103076327891459
1109,110.8022,6.111598260732949
1110,110.9022,5.9049776087241295
1111,111.0022,5.878803895198144
1112,111.1022,6.659204052607156
1113,111.2022,6.731198896588544
1114,111.3022,6.409873159572435
1115,111.4022,5.883355233217753
1116,111.5022,6.101837850020824
1117,111.6022,5.984219159446683
1118,111.7022,6.5653734692650705
1119,111.8022,7.083976736937966
1120,111.9022,6.263184683496672
1121,112.0022,5.804838169124094
1122,112.1022,6.398345700172808
1123,112.2022,5.746861984058482
1124,112.3022,5.361749557804446
1125,112.4022,5.9692379653508265
1126,112.5023,5.299786223651887
1127,112.6023,5.392390004769096
1128,112.7023,5.16698000488716
1129,112.8023,5.249006906374872
1130,112.9023,5.033136849061638
1131,113.0023,5.250179259047049
1132,113.1023,5.17300410710259
1133,113.2023,5.03306610399158
1134,113.3023,5.200775525876718
1135,113.4023,5.2242599217679855
1136,113.5023,5.254042764013072
1137,113.6023,5.213961571405077
1138,113.7023,5.055657117299508
1139,113.8023,5.298538741742775
1140,113.9023,4.812790938955874
1141,114.0023,5.085507439332193
1142,114.1023,4.910841270602889
1143,114.2023,4.795878478741329
1144,114.3023,4.7242013526016065
1145,114.4023,4.5884844288031355
1146,114.5023,5.0115835324796585
1147,114.6023,5.050053655490403
1148,114.7023,5.230794479290151
1149,114.8023,4.455898937579184
1150,114.9023,4.877752264645984
1151,115.0023,4.700033109609321
1152,115.1023,4.622672279513922
1153,115.2023,5.244763461537132
1154,115.3023,5.375604908572481
1155,115.4023,5.607807143068055
1156,115.5023,5.109800010285556
1157,115.6023,5.009387263320246
1158,115.7023,5.375583444933918
1159,115.8023,5.170681542775647
1160,115.9023,5.204527806618304
1161,116.0023,5.224361893041908
1162,116.1023,5.459488190874791
1163,116.2023,5.649570113047794
1164,116.3023,5.53313978498006
1165,116.4023,5.336350782121218
1166,116.5023,5.574947219252754
1167,116.6023,5.875135710246824
1168,116.7023,5.50828738826603
1169,116.8023,5.599777725434126
1170,116.9023,5.1992120498191445
1171,117.0023,5.73194196540255
1172,117.1023,5.351780721437951
1173,117.2023,5.56302252361041
1174,117.3023,5.696999981205978
1175,117.4023,5.3909884972707625
1176,117.5024,5.249641867286578
1177,117.6024,5.629463881158673
1178,117.7024,5.655400384401679
1179,117.8024,5.737486964090299
1180,117.9024,5.797052656134908
1181,118.0024,5.441341888958065
1182,118.1024,5.482717387516681
1183,118.2024,5.673540493653237
1184,118.3024,5.4700158476426015
1185,118.4024,5.486356036254304
1186,118.5024,5.382334216655833
1187,118.6024,6.005029621180464
1188,118.7024,5.670646935025007
1189,118.8024,5.675936058110345
1190,118.9024,5.480604971224686
1191,119.0024,5.286430886812319
1192,119.1024,5.650867124238747
1193,119.2024,5.854744475566279
1194,119.3024,5.584457273419326
1195,119.4024,5.383652556157184
1196,119.5024,5.394295125640897
1197,119.6024,5.207923271998242
1198,119.7024,5.271675568471552
1199,119.8024,5.391345991022497
1200,119.9024,5.511869532092239
1201,120.0024,5.484823261625307
1202,120.1024,5.266164670445445
1203,120.2024,5.387293664014862
1204,120.3024,5.230349188375928
1205,120.4024,5.741737452186655
1206,120.5024,6.0577193986212645
1207,120.6024,5.590007733909305
1208,120.7024,5.636994961814164
1209,120.8024,5.730678675566332
1210,120.9024,5.144233077201086
1211,121.0024,5.262557106678315
1212,121.1024,5.272367063371414
1213,121.2024,4.9236166336474785
1214,121.3024,5.277532282178987
1215,121.4024,5.433342038525782
1216,121.5024,5.3876521443263
1217,121.6024,5.429969913002599
1218,121.7024,5.290350008501338
1219,121.8024,5.226715505241053
1220,121.9024,5.117227404821671
1221,122.0024,4.894698802786113
1222,122.1024,4.8263305347605945
1223,122.2024,4.724108397181787
1224,122.3024,5.143418505202908
1225,122.4024,5.267405242319514
1226,122.5024,4.978013229598703
1227,122.6025,4.845551650215909
1228,122.7025,5.083330138341877
1229,122.8025,5.0438892668680575
1230,122.9025,5.480720772698831
1231,123.0025,5.134845772912345
1232,123.1025,5.076315486727772
1233,123.2025,5.146254110474873
1234,123.3025,5.287523179462176
1235,123.4025,5.647856207367849
1236,123.5025,5.623719899386008
1237,123.6025,5.48222643660133
1238,123.7025,4.963954464808479
1239,123.8025,5.2679350182994
1240,123.9025,5.36570582795924
1241,124.0025,5.2483341595915425
1242,124.1025,5.2281637172519595
1243,124.2025,5.189871205282881
1244,124.3025,5.336178026594983
1245,124.4025,5.4665480042883114
1246,124.5025,5.730441016576787
1247,124.6025,5.59723208712776
1248,124.7025,5.387248472109076
1249,124.8025,5.554248755316836
1250,124.9025,5.420241032071297
1251,125.0025,5.836331550605188
1252,125.1025,6.035506058054573
1253,125.2025,5.781791225364866
1254,125.3025,5.9213065613100655
1255,125.4025,5.60331539997896
1256,125.5025,5.789381876188538
1257,125.6025,5.612509157291561
1258,125.7025,6.068045598191538
1259,125.8025,6.2436336818252265
1260,125.9025,6.203598930965126
1261,126.0025,6.401364301831355
1262,126.1025,6.340777847092767
1263,126.2025,6.065544460515597
1264,126.3025,6.130631143756346
1265,126.4025,6.018567805980475
1266,126.5025,5.892786239234591
1267,126.6025,5.590657113615852
1268,126.7025,5.546771956488094
1269,126.8025,5.538432985788752
1270,126.9025,5.848921548940983
1271,127.0025,5.88240847208244
1272,127.1025,5.460508541209225
1273,127.2025,5.218697447681319
1274,127.3025,5.353779389506377
1275,127.4025,5.29944473174776
1276,127.5025,5.25642287859494
1277,127.6026,5.771224502164727
1278,127.7026,5.471408284023896
1279,127.8026,6.22109194565004
1280,127.9026,5.864549524084578
1281,128.0026,6.759998449970089
1282,128.1026,5.971694038032312
1283,128.2026,6.273428691972742
1284,128.3026,6.113617571716139
1285,128.4026,6.467798033671565
1286,128.5026,6.560863039197337
1287,128.6026,6.559250768430259
1288,128.7026,6.734161382005563
1289,128.8026,6.975328523015316
1290,128.9026,6.344853312220433
1291,129.0026,6.691647848503211
1292,129.1026,6.522490409478986
1293,129.2026,6.33665358290672
1294,129.3026,6.080985248085654
1295,129.4026,6.3368305010402555
1296,129.5026,6.247204985506725
1297,129.6026,6.271260731947582
1298,129.7026,6.230136483249893
1299,129.8026,6.084921688600907
1300,129.9026,6.0088725649696215
1301,130.0026,6.085839443601215
1302,130.1026,6.114130973732707
1303,130.2026,5.718207278846541
1304,130.3026,5.846697169358572
1305,130.4026,5.813335348262559
1306,130.5026,6.01397637885205
1307,130.6026,6.133876123143177
1308,130.7026,6.097004932501635
1309,130.8026,6.165480575142652
1310,130.9026,6.105294258631796
1311,131.0026,6.118962783218206
1312,131.1026,6.24883172140323
1313,131.2026,6.259120490765347
1314,131.3026,6.162736213722399
1315,131.4026,6.369756879050643
1316,131.5026,6.177140925655161
1317,131.6026,6.119350235162149
1318,131.7026,6.04644733612145
1319,131.8026,5.9172229508700225
1320,131.9026,6.159826832599898
1321,132.0026,6.3601570633623234
1322,132.1026,6.360361377763216
1323,132.2026,6.576477067560828
1324,132.3026,6.307504557606817
1325,132.4026,6.295578380321513
1326,132.5026,6.381846168066634
1327,132.6027,6.852182192842496
1328,132.7027,6.5906571587841976
1329,132.8027,6.689279337186689
1330,132.9027,6.405977053920755
1331,133.0027,6.266415319312441
1332,133.1027,6.350250148178139
1333,133.2027,6.619656268600662
1334,133.3027,6.489761199600892
1335,133.4027,6.7612644587763375
1336,133.5027,6.681113262712339
1337,133.6027,7.108640017094178
1338,133.7027,6.773520683643031
1339,133.8027,6.734962953387013
1340,133.9027,6.442440386876664
1341,134.0027,6.159506592570474
1342,134.1027,6.125849516397977
1343,134.2027,6.065780343257999
1344,134.3027,6.213793035086946
1345,134.4027,6.407999349732297
1346,134.5027,6.764330233359305
1347,134.6027,6.764048556736385
1348,134.7027,7.1537698321099645
1349,134.8027,6.902815939741191
1350,134.9027,6.629582063676574
1351,135.0027,6.763524514970205
1352,135.1027,6.779965418338987
1353,135.2027,6.8454318450672735
1354,135.3027,6.280360336026919
1355,135.4027,6.087360737917717
1356,135.5027,6.547388282347077
1357,135.6027,6.118970100610603
1358,135.7027,6.132675027998752
1359,135.8027,5.983755903400568
1360,135.9027,5.608768921891459
1361,136.0027,6.0882629686768
1362,136.1027,5.779525455270861
1363,136.2027,5.887438768845096
1364,136.3027,6.021453889432105
1365,136.4027,5.713876385093495
1366,136.5027,5.923355339099827
1367,136.6027,5.759660925737679
1368,136.7027,6.0712609298698315
1369,136.8027,5.721721546380351
1370,136.9027,5.9291177447945795
1371,137.0027,5.860427578831807
1372,137.1027,5.901445984941264
1373,137.2027,5.5060746603128985
1374,137.3027,5.389126399316536
1375,137.4027,5.479824636817021
1376,137.5027,5.468019457507859
1377,137.6028,5.7337473099263105
1378,137.7028,5.710544495782661
1379,137.8028,5.408848717119128
1380,137.9028,5.348848723347534
1381,138.0028,5.462221599657591
1382,138.1028,5.9172305604115145
1383,138.2028,5.945912276968372
1384,138.3028,5.982352860685731
1385,138.4028,6.181349390973566
1386,138.5028,6.401479059295477
1387,138.6028,6.029577820086647
1388,138.7028,6.314072749853701
1389,138.8028,6.283731184644938
1390,138.9028,6.206998673227953
1391,139.0028,6.160088137382418
1392,139.1028,6.519178504744686
1393,139.2028,6.281036049559946
1394,139.3028,6.114610372513135
1395,139.4028,6.150019014792965
1396,139.5028,6.653386087846138
1397,139.6028,6.6994631550026345
1398,139.7028,6.559561375223921
1399,139.8028,6.368590961340041
1400,139.9028,6.4954705759457125
1401,140.0028,6.55665379672981
1402,140.1028,6.837709459364006
1403,140.2028,6.818833541373361
1404,140.3028,6.6658620945938845
1405,140.4028,6.4724909161165725
1406,140.5028,6.1751479207637034
1407,140.6028,6.153276235759463
1408,140.7028,6.329962305543758
1409,140.8028,6.235516776772275
1410,140.9028,6.585494792306786
1411,141.0028,6.712148933025342
1412,141.1028,6.695252078762738
1413,141.2028,6.79495072232708
1414,141.3028,6.85184562883015
1415,141.4028,7.003663697824208
1416,141.5028,6.783628335953127
1417,141.6028,6.712168674998333
1418,141.7028,6.60506058917851
1419,141.8028,6.162313540418258
1420,141.9028,6.502089130893081
1421,142.0028,6.3356993291922326
1422,142.1028,6.546788508661452
1423,142.2028,6.443716910044256
1424,142.3028,6.547052016854706
1425,142.4028,6.508807089074926
1426,142.5028,6.839586638799486
1427,142.6029,6.793431402613491
1428,142.7029,6.474575106928739
1429,142.8029,6.736187363700531
1430,142.9029,6.763561779345228
1431,143.0029,6.680393111075863
1432,143.1029,6.410198926718804
1433,143.2029,6.656283259002278
1434,143.3029,6.378814135099108
1435,143.4029,6.211899259027637
1436,143.5029,6.340278680120093
1437,143.6029,6.587318876554251
1438,143.7029,6.8321293789375925
1439,143.8029,6.6577178957516265
1440,143.9029,6.982030031704545
1441,144.0029,7.063046792499716
1442,144.1029,7.335567796950564
1443,144.2029,7.047528502429486
1444,144.3029,6.884136420707317
1445,144.4029,6.230163033069482
1446,144.5029,6.033547035365887
1447,144.6029,6.44747945766777
1448,144.7029,5.8141720984248835
1449,144.8029,6.096095475334024
1450,144.9029,5.886257373427283
1451,145.0029,5.675869139276349
1452,145.1029,5.758047864223775
1453,145.2029,5.6653490942502
1454,145.3029,5.659550468354613
1455,145.4029,6.126897515566579
1456,145.5029,6.0112574013675895
1457,145.6029,5.968175242447742
1458,145.7029,5.661553408895085
1459,145.8029,5.699569617162604
1460,145.9029,5.568481277118717
1461,146.0029,5.681942189821345
1462,146.1029,5.511184140815309
1463,146.2029,5.510972662589702
1464,146.3029,5.356034514850674
1465,146.4029,5.656308971167834
1466,146.5029,5.923614291419425
1467,146.6029,5.96948040757433
1468,146.7029,5.769582658954918
1469,146.8029,6.04148513338645
1470,146.9029,5.859683407375348
1471,147.0029,5.600126727007953
1472,147.1029,5.516549013981602
1473,147.2029,5.556840204870928
1474,147.3029,6.064655670265592
1475,147.4029,6.1763458878418875
1476,147.5029,5.849745118952431
1477,147.603,6.2494574916843035
1478,147.703,6.3833125158112445
1479,147.803,6.427706928219558
1480,147.903,6.279648832997819
1481,148.003,6.090550829931886
1482,148.103,6.157876951714946
1483,148.203,6.098683304366221
1484,148.303,5.608415043218156
1485,148.403,5.715001091075995
1486,148.503,5.453964614047056
1487,148.603,5.595356706572725
1488,148.703,5.833825970725397
1489,148.803,5.53501311674554
1490,148.903,5.435895239025361
1491,149.003,5.4280325444737505
1492,149.103,5.764817795806562
1493,149.203,5.9861057087309675
1494,149.303,5.761725707621656
1495,149.403,5.908698425682754
1496,149.503,5.665838803064363
1497,149.603,5.640441317674111
1498,149.703,5.68532846813661
1499,149.803,5.7321732669312775
1500,149.903,5.6924643938537764
1501,150.003,5.993017263088948
1502,150.103,5.45379314726016
1503,150.203,5.914378136040193
1504,150.303,5.615725822311963
1505,150.403,5.534816012096953
1506,150.503,5.705958366687775
1507,150.603,6.235161883875597
1508,150.703,6.297521665152897
1509,150.803,6.650800425133882
1510,150.903,6.668036240844492
1511,151.003,6.184378625588993
1512,151.103,6.111074522878795
1513,151.203,6.020324517751324
1514,151.303,6.432112675518305
1515,151.403,6.088753108715796
1516,151.503,6.1535613333178425
1517,151.603,5.935515363334453
1518,151.703,6.1486891356000655
1519,151.803,5.623866471138374
1520,151.903,6.072330759721484
1521,152.003,5.951398455296751
1522,152.103,5.752601785142376
1523,152.203,5.761881034257209
1524,152.303,5.976385858825563
1525,152.403,6.08227633280887
1526,152.5031,6.206780054741826
1527,152.6031,5.834144607900796
1528,152.7031,6.213161405861251
1529,152.8031,6.743399733414256
1530,152.9031,6.192017196601792
1531,153.0031,6.003911330013827
1532,153.1031,6.188482320942538
1533,153.2031,5.6621982525562355
1534,153.3031,6.311665537647746
1535,153.4031,5.89563026278831
1536,153.5031,5.63976894324343
1537,153.6031,5.723052303669621
1538,153.7031,5.7162035680025385
1539,153.8031,5.703219593206703
1540,153.9031,6.11217035405722
1541,154.0031,6.055161367091873
1542,154.1031,5.613602188566535
1543,154.2031,5.8630018057324635
1544,154.3031,5.703213369064246
1545,154.4031,6.037291633556799
1546,154.5031,6.202344588443986
1547,154.6031,5.6881142800065225
1548,154.7031,5.881448182122416
1549,154.8031,5.9489240646620685
1550,154.9031,5.9331142050075325
1551,155.0031,5.924714210565471
1552,155.1031,6.261308278129209
1553,155.2031,6.445262951414385
1554,155.3031,6.139010936150664
1555,155.4031,6.299655872892613
1556,155.5031,5.974668135701068
1557,155.6031,5.447499667295741
1558,155.7031,5.6611728074204315
1559,155.8031,5.330378716856872
1560,155.9031,5.37499722792738
1561,156.0031,5.7215504121967635
1562,156.1031,5.488682662666078
1563,156.2031,5.879889844929912
1564,156.3031,6.126162430836739
1565,156.4031,6.079820798260609
1566,156.5031,6.219611461080984
1567,156.6031,6.467034216477492
1568,156.7031,6.6121246592993455
1569,156.8031,6.756290483697357
1570,156.9031,6.500424569334693
1571,157.0031,6.35669514818679
1572,157.1031,6.2240774669931005
1573,157.2031,6.1814603336512155
1574,157.3031,6.586020298176098
1575,157.4031,6.2796030763107575
1576,157.5032,6.102886816717439
1577,157.6032,6.42580505418368
1578,157.7032,6.231285307798968
1579,157.8032,5.830879075293701
1580,157.9032,6.123713316204304
1581,158.0032,5.645271981510725
1582,158.1032,5.61547144583196
1583,158.2032,5.900989688717012
1584,158.3032,6.115732433745745
1585,158.4032,5.7634160846500775
1586,158.5032,5.53197474469678
1587,158.6032,5.643115068742219
1588,158.7032,6.717834898352141
1589,158.8032,6.26570158705687
1590,158.9032,6.193203350601929
1591,159.0032,6.151092361219641
1592,159.1032,5.791198458444218
1593,159.2032,5.874160027121945
1594,159.3032,5.825078116605686
1595,159.4032,5.784952719219223
1596,159.5032,5.610930509448668
1597,159.6032,5.72882298309535
1598,159.7032,5.348956939551666
1599,159.8032,5.6364735416043406
1600,159.9032,5.4991075230550575
1601,160.0032,5.827006047326681
1602,160.1032,5.337501825111818
1603,160.2032,5.761758569616382
1604,160.3032,5.846365693365343
1605,160.4032,5.9167879346740335
1606,160.5032,6.185051276167751
1607,160.6032,6.078392680497546
1608,160.7032,6.305228164129387
1609,160.8032,6.117235761721042
1610,160.9032,6.045642131076267
1611,161.0032,5.967681046127125
1612,161.1032,5.682775069800543
1613,161.2032,5.493795491458291
1614,161.3032,5.721080513425417
1615,161.4032,5.566524216433287
1616,161.5032,5.671871224039871
1617,161.6032,5.672076934299586
1618,161.7032,5.395000436019869
1619,161.8032,5.68584141141181
1620,161.9032,5.493435039126175
1621,162.0032,5.914512348845546
1622,162.1032,6.140870180571684
1623,162.2032,6.4109180104968715
1624,162.3032,6.938604287895743
1625,162.4032,7.041310164040317
1626,162.5033,7.041840839518125
1627,162.6033,6.939003942930213
1628,162.7033,6.912151866839284
1629,162.8033,7.5869268499764555
1630,162.9033,7.348328933057552
1631,163.0033,7.499875702623516
1632,163.1033,7.315068820881064
1633,163.2033,7.423310162960959
1634,163.3033,7.373878633005625
1635,163.4033,7.369070914397949
1636,163.5033,6.950748861314633
1637,163.6033,6.4369878879464295
1638,163.7033,6.346644314467291
1639,163.8033,6.045068454283509
1640,163.9033,5.8592319995986974
1641,164.0033,5.832465105481771
1642,164.1033,6.16959574510996
1643,164.2033,6.372295324053208
1644,164.3033,6.1722878500526654
1645,164.4033,6.061490613362868
1646,164.5033,5.829951747493442
1647,164.6033,5.762613723200473
1648,164.7033,5.78420662927414
1649,164.8033,5.755452683682981
1650,164.9033,6.039909808791571
1651,165.0033,6.153806166979072
1652,165.1033,5.687352191315304
1653,165.2033,5.59204000941341
1654,165.3033,5.523940180503638
1655,165.4033,5.561612722391624
1656,165.5033,5.467866271519867
1657,165.6033,5.608485459620819
1658,165.7033,5.588087423754427
1659,165.8033,5.8069947635119625
1660,165.9033,5.465364732985698
1661,166.0033,5.828437122140351
1662,166.1033,6.048988513790346
1663,166.2033,6.326492291848936
1664,166.3033,6.163552433226434
1665,166.4033,5.8517437207869305
1666,166.5033,6.188844461279245
1667,166.6033,6.212794978392541
1668,166.7033,6.7091301538610075
1669,166.8033,6.704985191031543
1670,166.9033,6.624822429136399
1671,167.0033,6.373119406825335
1672,167.1033,7.1033890112168665
1673,167.2033,6.949529746708497
1674,167.3033,6.715749432895475
1675,167.4033,6.837485693645102
1676,167.5034,6.258282371043199
1677,167.6034,6.3981772765190925
1678,167.7034,6.001469946124895
1679,167.8034,5.842156545308421
1680,167.9034,5.890581213892118
1681,168.0034,5.7169131196774465
1682,168.1034,5.5894169393998245
1683,168.2034,5.816170024430578
1684,168.3034,5.975508487546864
1685,168.4034,6.18746355821574
1686,168.5034,6.018689957331908
1687,168.6034,5.9082646867229816
1688,168.7034,5.813677293149871
1689,168.8034,5.95471987359054
1690,168.9034,6.029631135678637
1691,169.0034,6.325091810624772
1692,169.1034,5.91654578099353
1693,169.2034,5.962889809633836
1694,169.3034,5.920989237306039
1695,169.4034,6.162295938647782
1696,169.5034,6.02738086934933
1697,169.6034,6.2580680453695665
1698,169.7034,6.608361526935533
1699,169.8034,6.306563784721573
1700,169.9034,6.376326600096523
1701,170.0034,6.592346768964156
1702,170.1034,6.4276983239965135
1703,170.2034,6.529949134278217
1704,170.3034,6.334062379018063
1705,170.4034,6.612774267351261
1706,170.5034,6.238680725974483
1707,170.6034,6.158146820392759
1708,170.7034,5.937851158510039
1709,170.8034,5.846266079540534
1710,170.9034,5.863645554779221
1711,171.0034,5.923403511134096
1712,171.1034,5.690523113898268
1713,171.2034,5.270878698371897
1714,171.3034,5.562222524478053
1715,171.4034,5.569313693226577
1716,171.5034,5.355020537159875
1717,171.6034,5.209425960951749
1718,171.7034,5.1878618983863
1719,171.8034,5.143595830495901
1720,171.9034,5.47299689266473
1721,172.0034,5.206494871915409
1722,172.1034,5.281943069321836
1723,172.2034,5.4631502911499785
1724,172.3034,5.2740923101434305
1725,172.4034,5.486976704668166
1726,172.5035,5.53967626396048
1727,172.6035,5.198451729513053
1728,172.7035,5.449341286093187
1729,172.8035,5.093095747009885
1730,172.9035,5.603455664480732
1731,173.0035,5.687111848062658
1732,173.1035,5.796573491264802
1733,173.2035,5.23318600481854
1734,173.3035,5.260543348080088
1735,173.4035,5.481378357328803
1736,173.5035,5.459569475248864
1737,173.6035,5.275563396884142
1738,173.7035,4.934170915330809
1739,173.8035,4.992954537522096
1740,173.9035,5.030406045052183
1741,174.0035,5.190287109865638
1742,174.1035,5.279326553684895
1743,174.2035,5.385058508522917
1744,174.3035,5.3953293448236055
1745,174.4035,5.558363673478174
1746,174.5035,5.2461039917806325
1747,174.6035,5.386690037646678
1748,174.7035,5.379947633743216
1749,174.8035,5.373793852440403
1750,174.9035,5.348995396868629
1751,175.0035,5.244772954949454
1752,175.1035,5.866751486857281
1753,175.2035,5.543210480997815
1754,175.3035,5.556914387399868
1755,175.4035,5.864198787296675
1756,175.5035,6.010036153944663
1757,175.6035,5.670100447411744
1758,175.7035,5.856008347034282
1759,175.8035,5.755476264691145
1760,175.9035,5.664356957020025
1761,176.0035,5.878748841276462
1762,176.1035,5.699542525527889
1763,176.2035,5.479791389159528
1764,176.3035,5.715764009586185
1765,176.4035,5.816538790387532
1766,176.5035,5.886093154034115
1767,176.6035,5.689756980904147
1768,176.7035,5.775139943144467
1769,176.8035,5.860990887309393
1770,176.9035,5.96417824073898
1771,177.0035,5.8155720688168
1772,177.1035,5.641480182703002
1773,177.2035,5.230541523019187
1774,177.3035,5.8141924747094
1775,177.4035,5.7927428960366
1776,177.5036,5.805847232395467
1777,177.6036,5.711924014905167
1778,177.7036,5.705585172677238
1779,177.8036,5.140140783699039
1780,177.9036,5.465699766109709
1781,178.0036,5.443257138433238
1782,178.1036,5.95462016234878
1783,178.2036,5.76661659660275
1784,178.3036,6.221420525273172
1785,178.4036,6.246577209877903
1786,178.5036,6.559298366295693
1787,178.6036,6.069592949126337
1788,178.7036,6.237746569543322
1789,178.8036,6.327101893758722
1790,178.9036,6.00896173787573
1791,179.0036,5.952092800290172
1792,179.1036,5.675683020526182
1793,179.2036,5.320189695344031
1794,179.3036,5.658036303981375
1795,179.4036,5.220240213490885
1796,179.5036,5.401225416436934
1797,179.6036,5.335553481070932
1798,179.7036,5.35939610013552
1799,179.8036,5.815960504223761
1800,179.9036,5.802901659553765
1801,180.0036,6.037973324913729
1802,180.1036,5.987417371967967
1803,180.2036,5.580734153063923
1804,180.3036,5.740806674708835
1805,180.4036,5.8066650264764865
1806,180.5036,5.574609459670707
1807,180.6036,5.762105915252729
1808,180.7036,5.60316042972713
1809,180.8036,5.641525801208525
1810,180.9036,5.856190104510984
1811,181.0036,6.227653382333697
1812,181.1036,6.280658837295638
1813,181.2036,5.941067010466321
1814,181.3036,6.074344163251156
1815,181.4036,5.859839536515822
1816,181.5036,5.598706724921483
1817,181.6036,5.622119637787874
1818,181.7036,5.196975120085292
1819,181.8036,5.358264610592574
1820,181.9036,5.441223678523397
1821,182.0036,5.392599717784725
1822,182.1036,5.615207848260986
1823,182.2036,5.420775057039532
1824,182.3036,5.419110469513572
1825,182.4036,5.567009770309016
1826,182.5036,5.441293239110294
1827,182.6037,5.633281271607387
1828,182.7037,5.816168240661922
1829,182.8037,5.573055098177088
1830,182.9037,5.561516967321752
1831,183.0037,5.725114960493471
1832,183.1037,5.749673813174296
1833,183.2037,5.527143129541016
1834,183.3037,5.24938830313856
1835,183.4037,5.4818406119981065
1836,183.5037,5.17093045038416
1837,183.6037,5.506172512816216
1838,183.7037,5.518206255046015
1839,183.8037,5.28920656037444
1840,183.9037,5.353990926663259
1841,184.0037,5.329482259248743
1842,184.1037,5.237089230325012
1843,184.2037,5.2336739188407755
1844,184.3037,5.626026534376273
1845,184.4037,5.967616452256752
1846,184.5037,5.696285930507879
1847,184.6037,5.896876249150884
1848,184.7037,6.2562778024064505
1849,184.8037,6.151328717061667
1850,184.9037,6.5978270306703894
1851,185.0037,6.250735833026689
1852,185.1037,6.698554107265802
1853,185.2037,6.445285850154378
1854,185.3037,6.780735389279644
1855,185.4037,6.841922833518645
1856,185.5037,6.628918010119096
1857,185.6037,6.5948581597390135
1858,185.7037,6.353041190622532
1859,185.8037,6.577304232947324
1860,185.9037,6.632168777874937
1861,186.0037,5.948770953159748
1862,186.1037,6.650963006549775
1863,186.2037,6.256455645884459
1864,186.3037,6.154442651959777
1865,186.4037,6.009521620213068
1866,186.5037,5.904513255761919
1867,186.6037,6.293567860996766
1868,186.7037,6.418448250734002
1869,186.8037,6.126732140217133
1870,186.9037,6.056553438245189
1871,187.0037,6.332894435723205
1872,187.1037,6.4197053055155395
1873,187.2037,6.183062137584609
1874,187.3037,6.185841736357227
1875,187.4037,6.06408028459369
1876,187.5037,6.700498665994909
1877,187.6038,6.28211345179627
1878,187.7038,6.047502475623475
1879,187.8038,5.662100732573274
1880,187.9038,6.300082919681456
1881,188.0038,5.521627969442903
1882,188.1038,5.506445832561775
1883,188.2038,5.352315866554719
1884,188.3038,5.053914407256511
1885,188.4038,5.378036783612668
1886,188.5038,5.227118047520477
1887,188.6038,5.4339860353963365
1888,188.7038,5.662135236493478
1889,188.8038,5.785500179112107
1890,188.9038,5.801437371534025
1891,189.0038,5.9408183956275
1892,189.1038,6.045842997719796
1893,189.2038,5.508790768534684
1894,189.3038,5.607765211414983
1895,189.4038,5.526355251512119
1896,189.5038,5.5264325823373
1897,189.6038,5.688663022929428
1898,189.7038,5.677880789919425
1899,189.8038,5.856739789669753
1900,189.9038,5.399442417836311
1901,190.0038,5.530113852633942
1902,190.1038,5.408799270262749
1903,190.2038,5.555783012392537
1904,190.3038,5.409673953901369
1905,190.4038,5.385131984860167
1906,190.5038,5.388339288816738
1907,190.6038,5.2350121594872325
1908,190.7038,5.461401356960078
1909,190.8038,5.303658839609403
1910,190.9038,5.776917691094007
1911,191.0038,5.686635054838958
1912,191.1038,5.454947850681624
1913,191.2038,5.560655705298929
1914,191.3038,5.460157952552743
1915,191.4038,5.348010173555041
1916,191.5038,5.665195129582062
1917,191.6038,5.596755820749453
1918,191.7038,5.775413290084577
1919,191.8038,5.577025180649494
1920,191.9038,5.431152554781756
1921,192.0038,5.770334272155083
1922,192.1038,5.821070678175708
1923,192.2038,6.221258360478986
1924,192.3038,6.096359606921091
1925,192.4038,5.800815543112767
1926,192.5038,5.78139686243603
1927,192.6039,5.943424474843437
1928,192.7039,5.6949335261217735
1929,192.8039,6.293051959156486
1930,192.9039,6.386383166131888
1931,193.0039,5.9872293579849245
1932,193.1039,6.112310792347365
1933,193.2039,5.963458427464394
1934,193.3039,6.069301518267485
1935,193.4039,5.393360844090828
1936,193.5039,5.214023697988368
1937,193.6039,5.217379543696124
1938,193.7039,5.339488756142105
1939,193.8039,5.8238199694631145
1940,193.9039,5.259042662453181
1941,194.0039,5.585197801514875
1942,194.1039,5.794925911460829
1943,194.2039,5.659649905535651
1944,194.3039,5.597399433367959
1945,194.4039,5.5215510735942095
1946,194.5039,5.444455674234927
1947,194.6039,5.778411157114179
1948,194.7039,5.40493535814044
1949,194.8039,5.695713498319331
1950,194.9039,5.377756461182055
1951,195.0039,5.136507759435945
1952,195.1039,5.368286321425077
1953,195.2039,5.257419432179738
1954,195.3039,5.428907128795124
1955,195.4039,5.296069283092256
1956,195.5039,5.8206713249111885
1957,195.6039,5.910793157477777
1958,195.7039,5.412154210914705
1959,195.8039,5.176673318272495
1960,195.9039,5.506567061048574
1961,196.0039,5.468437768196977
1962,196.1039,5.396404299229556
1963,196.2039,5.577139918161812
1964,196.3039,6.050970948272208
1965,196.4039,5.830745267811185
1966,196.5039,5.526899319837728
1967,196.6039,5.8186864341826
1968,196.7039,5.716072409819938
1969,196.8039,5.84989859860014
1970,196.9039,5.722888526639136
1971,197.0039,5.802135869618217
1972,197.1039,5.623099455868816
1973,197.2039,5.5866075001904925
1974,197.3039,5.915362142371239
1975,197.4039,5.762242674494433
1976,197.504,5.883792948106645
1977,197.604,5.965307339642591
1978,197.704,5.990668499751235
1979,197.804,5.56444532507789
1980,197.904,5.252408138118164
1981,198.004,5.284770252579955
1982,198.104,5.277721054169697
1983,198.204,5.383652907547032
1984,198.304,5.443690221367111
1985,198.404,5.803052838022061
1986,198.504,5.618133217989399
1987,198.604,5.447036668629293
1988,198.704,5.684523034238413
1989,198.804,5.462025241780536
1990,198.904,5.51478229179887
1991,199.004,5.380264179624835
1992,199.104,5.320528201945105
1993,199.204,4.96981708637939
1994,199.304,5.142689503321119
1995,199.404,4.984958669664253
1996,199.504,5.4226703734298125
1997,199.604,5.076844766829825
1998,199.704,5.484542337806379
1999,199.804,5.327897285426604
2000,199.904,5.312627947582042
2001,200.0,5.396001050223828
