Residue Index,Residue,RMSF (Per Residue)
0,D:SER_94,8.257170899044898
1,D:SER_95,6.660277159987337
2,D:SER_96,4.7954342095759985
3,D:VAL_97,3.239731519863465
4,D:PRO_98,1.7285994766843351
5,D:SER_99,1.4564772373175365
6,D:GLN_100,1.7170407623356534
7,D:LYS_101,2.0456059904216284
8,D:THR_102,0.9726479033986266
9,D:TYR_103,1.2397510974133055
10,D:GLN_104,1.0626296053130178
11,D:GLY_105,0.8769213620884522
12,D:SER_106,1.1950710157811537
13,D:TYR_107,1.004065479980838
14,D:GLY_108,0.7181432622825076
15,D:PHE_109,0.6603754086210217
16,D:ARG_110,1.2659749752358078
17,D:LEU_111,0.7703198310025596
18,D:GLY_112,0.6039572764792929
19,D:PHE_113,0.7988544020197256
20,D:LEU_114,1.3017003433154433
21,D:HIS_115,1.4754580172665956
22,D:SER_116,2.963007193502247
23,D:GLY_117,3.757487661880546
24,D:THR_118,6.2216603528839824
25,D:ALA_119,5.458383971894953
26,D:LYS_120,7.054964301434613
27,D:SER_121,3.7257724069508225
28,D:VAL_122,2.8382707622318217
29,D:THR_123,1.5860063299625735
30,D:CYS_124,1.0648335257737918
31,D:THR_125,0.6854600050065194
32,D:TYR_126,0.756776102066711
33,D:SER_127,0.7095206050984343
34,D:PRO_128,0.9415688538992933
35,D:ALA_129,0.9467938403126466
36,D:LEU_130,0.9041227307692827
37,D:ASN_131,1.1036233091442573
38,D:LYS_132,0.7574042355199332
39,D:MET_133,0.9446464035318879
40,D:PHE_134,0.5997674964154461
41,D:CYS_135,0.8171799585507094
42,D:GLN_136,1.2739707250981949
43,D:LEU_137,0.8757056300070128
44,D:ALA_138,0.7622229095298176
45,D:LYS_139,1.3915654676217946
46,D:THR_140,0.8247768050383937
47,D:CYS_141,0.6598167793081641
48,D:PRO_142,0.7449632945081937
49,D:VAL_143,0.7678361538214027
50,D:GLN_144,0.800573684577976
51,D:LEU_145,0.9865123965071898
52,D:TRP_146,0.8947018133305112
53,D:VAL_147,0.8006671099621158
54,D:ASP_148,1.123279562539498
55,D:SER_149,1.0480673809679732
56,D:THR_150,1.2909424324763785
57,D:PRO_151,1.0052265305854222
58,D:PRO_152,1.2372637093894434
59,D:PRO_153,1.6810163842886785
60,D:GLY_154,1.151581446626017
61,D:THR_155,0.8495698635094316
62,D:ARG_156,1.0514011777311412
63,D:VAL_157,0.7926268924130255
64,D:ARG_158,0.8005828763808774
65,D:ALA_159,0.5419107401204146
66,D:MET_160,1.1530482677276759
67,D:ALA_161,0.611912902538504
68,D:ILE_162,1.018149996859347
69,D:TYR_163,0.5864444649529881
70,D:LYS_164,1.1885959045494048
71,D:GLN_165,1.785729384342476
72,D:SER_166,1.2071859047629399
73,D:GLN_167,2.0719816344327264
74,D:HIS_168,1.1688408149670455
75,D:MET_169,1.2810017904806306
76,D:THR_170,1.3390098349780646
77,D:GLU_171,1.39137618736566
78,D:VAL_172,1.0566001865148171
79,D:VAL_173,0.6634970820670637
80,D:ARG_174,1.7985135854147964
81,D:ARG_175,0.6566047182785393
82,D:CYS_176,0.9892485490648408
83,D:PRO_177,0.9359791848869513
84,D:HIS_178,1.4331839277993503
85,D:HIS_179,1.191662198895898
86,D:GLU_180,1.0985955817187423
87,D:ARG_181,1.9362719413196179
88,D:CYS_182,1.7242944233757138
89,D:SER_183,2.656617786951999
90,D:ASP_184,3.043377024149439
91,D:SER_185,3.951576353330129
92,D:ASP_186,4.362738903059604
93,D:GLY_187,2.298332763876024
94,D:LEU_188,2.9403957102192453
95,D:ALA_189,1.3817111284128232
96,D:PRO_190,1.034672547108096
97,D:PRO_191,0.9298626289313858
98,D:GLN_192,1.541938030387508
99,D:HIS_193,0.6117282121568193
100,D:LEU_194,0.8536720818977428
101,D:ILE_195,0.6929091833333473
102,D:ARG_196,0.7952291016649123
103,D:VAL_197,1.0312466987312874
104,D:GLU_198,1.200894675593428
105,D:GLY_199,1.5469084838728944
106,D:ASN_200,1.4875501412322583
107,D:LEU_201,1.908882893094812
108,D:ARG_202,1.6828357046207596
109,D:VAL_203,0.9737712461313169
110,D:GLU_204,0.9980131944752596
111,D:TYR_205,0.7817151405965364
112,D:LEU_206,1.1922680292248313
113,D:ASP_207,1.275644273463076
114,D:ASP_208,1.4713980836152056
115,D:ARG_209,2.8061351635657132
116,D:ASN_210,2.442017985836067
117,D:THR_211,1.9481697820489634
118,D:PHE_212,1.9534131909564647
119,D:ARG_213,1.3602275805869604
120,D:HIS_214,1.0250262487644513
121,D:SER_215,0.6254562176888481
122,D:VAL_216,0.8853171424633585
123,D:VAL_217,0.9338502199863246
124,D:VAL_218,1.0017756057954303
125,D:PRO_219,1.0365901343361583
126,D:TYR_220,1.221882936760417
127,D:GLU_221,1.9965779143199693
128,D:PRO_222,2.0652034501791334
129,D:PRO_223,3.094885493466223
130,D:GLU_224,3.536362276495988
131,D:VAL_225,3.5953754653150405
132,D:GLY_226,3.920189441461911
133,D:SER_227,2.6024152470864768
134,D:ASP_228,2.282182182986089
135,D:CYS_229,1.1476446613431468
136,D:THR_230,1.0483699704477534
137,D:THR_231,0.7977810588074946
138,D:ILE_232,0.9451218795210258
139,D:HIS_233,0.8153869833691011
140,D:TYR_234,0.9339280211459483
141,D:ASN_235,0.7514278290819116
142,D:TYR_236,0.533479429607237
143,D:MET_237,0.7475685735305253
144,D:CYT_238,0.8063988145231259
145,D:ASN_239,0.8320033334281979
146,D:SER_240,0.8631070129380913
147,D:SER_241,1.0475268535451865
148,D:CYS_242,1.0103453649226493
149,D:MET_243,1.3892225687314903
150,D:GLY_244,0.9296559683954085
151,D:GLY_245,0.847060911222501
152,D:MET_246,0.7238659533026695
153,D:ASN_247,0.7679046272430673
154,D:ARG_248,1.867822218285771
155,D:ARG_249,0.7541388987655158
156,D:PRO_250,0.8947625356102277
157,D:ILE_251,0.9794519387252087
158,D:LEU_252,1.0712693668046447
159,D:THR_253,0.5494628106110848
160,D:ILE_254,0.7816215417271211
161,D:ILE_255,0.8297332562912145
162,D:THR_256,0.8486816044941434
163,D:LEU_257,1.0041081381656847
164,D:GLU_258,1.0827063155896126
165,D:ASP_259,1.3028944322392597
166,D:SER_260,1.528273005753627
167,D:SER_261,1.5045067093897988
168,D:GLY_262,1.3287031842933104
169,D:ASN_263,1.3942025713079362
170,D:LEU_264,1.2163579873441568
171,D:LEU_265,0.9529059179601073
172,D:GLY_266,0.5942657153493249
173,D:ARG_267,0.8058508489739356
174,D:ASN_268,0.8302862151212741
175,D:SER_269,0.6088898218016134
176,D:PHE_270,0.559324074621191
177,D:GLU_271,0.9243544736560311
178,D:VAL_272,0.7964250682725283
179,D:ARG_273,0.700808554283299
180,D:VAL_274,0.6324416907126027
181,D:CYS_275,0.6613052903723836
182,D:ALA_276,0.8102000163833827
183,D:CYS_277,1.0934931290794645
184,D:PRO_278,0.6892977389058859
185,D:GLY_279,0.8236543008412288
186,D:ARG_280,1.9074402940120037
187,D:ASP_281,0.9885032456790315
188,D:ARG_282,0.9266193712404242
189,D:ARG_283,1.844041964181792
190,D:THR_284,1.0608352464997584
191,D:GLU_285,1.0151324497414997
192,D:GLU_286,1.0777502956287395
193,D:GLU_287,1.746635179828934
194,D:ASN_288,1.6669034866195653
195,D:LEU_289,1.7791926013716606
196,D:ARG_290,2.4251716091348268
197,D:LYS_291,3.3742302542465095
198,D:LYS_292,5.263881318353555
