Frame,Time (ns),Solvent Accessible Surface Area 1 (2662 at...
1,0.0,9475.809208535025
2,0.1,9951.763709535027
3,0.2,10267.551781784725
4,0.3,10376.41137064188
5,0.4,10269.538230089753
6,0.5,10191.579255384717
7,0.6,10534.902351437215
8,0.7,10226.672817241633
9,0.8,10290.00436328905
10,0.9,10360.846389160273
11,1.0,10288.839054732378
12,1.1,10563.069101689527
13,1.2,10236.256965718707
14,1.3,10367.54097936546
15,1.4,10452.467636390298
16,1.5,10416.593711476227
17,1.6,10376.975794640459
18,1.7,10712.50002103421
19,1.8,10835.43932799374
20,1.9,10670.912107019914
21,2.0,10497.564300030574
22,2.1,10821.377895184682
23,2.2,10571.107949741428
24,2.3,10894.816250729027
25,2.4,10811.302057071982
26,2.5001,10723.984073955668
27,2.6001,10947.542579845263
28,2.7001,10748.203502023895
29,2.8001,10704.914918431494
30,2.9001,10548.8907061714
31,3.0001,10745.623097073812
32,3.1001,10554.725404081415
33,3.2001,10647.691041393193
34,3.3001,10812.93247893945
35,3.4001,11004.705116869232
36,3.5001,10966.06393109349
37,3.6001,10564.555241307815
38,3.7001,10783.247618562656
39,3.8001,10988.231888073065
40,3.9001,10808.47284198624
41,4.0001,10890.863306746018
42,4.1001,10866.620813134368
43,4.2001,10819.229094798957
44,4.3001,10764.961384523363
45,4.4001,10666.320870519226
46,4.5001,10792.358400039648
47,4.6001,10616.82262185436
48,4.7001,10564.318464000526
49,4.8001,10627.92383882843
50,4.9001,10676.023803770078
51,5.0001,10529.494624026258
52,5.1001,10973.406658741114
53,5.2001,10546.430082795676
54,5.3001,10745.48385157907
55,5.4001,10429.250888492752
56,5.5001,10707.714196333354
57,5.6001,10705.727508062835
58,5.7001,10789.124601108746
59,5.8001,10728.838999324149
60,5.9001,10920.865890465819
61,6.0001,10874.772339905046
62,6.1001,10724.288352994932
63,6.2001,10922.46292270435
64,6.3001,11046.103881603189
65,6.4001,10835.242292737386
66,6.5001,11070.831287979801
67,6.6001,10885.905375237411
68,6.7001,10911.180344303066
69,6.8001,10889.735506740148
70,6.9001,10618.630102089093
71,7.0001,10867.560263309271
72,7.1001,10808.70811042478
73,7.2001,10864.774195976472
74,7.3001,10921.64563266551
75,7.4001,10636.873223691711
76,7.5002,11157.475953415104
77,7.6002,10808.133694841885
78,7.7002,10802.83541696543
79,7.8002,10869.757992399762
80,7.9002,10582.33137889177
81,8.0002,10748.964116854984
82,8.1002,10735.691988000957
83,8.2002,10583.651420926357
84,8.3002,10485.099653824707
85,8.4002,11041.161309110947
86,8.5002,10749.950838942694
87,8.6002,10562.24367575311
88,8.7002,10506.812427014023
89,8.8002,10767.05199977377
90,8.9002,10613.04180217964
91,9.0002,10635.269363850059
92,9.1002,10708.86422479757
93,9.2002,10923.80496694894
94,9.3002,11105.108617248534
95,9.4002,11237.112204145362
96,9.5002,11028.786842977452
97,9.6002,11041.788690635172
98,9.7002,11094.008260393766
99,9.8002,10877.307570115034
100,9.9002,10749.044593666007
101,10.0002,10568.149969440989
102,10.1002,10632.07355479298
103,10.2002,10903.126506280623
104,10.3002,10763.268804381642
105,10.4002,10794.034689092501
106,10.5002,10820.306276487043
107,10.6002,10818.06164724709
108,10.7002,10698.338804392613
109,10.8002,10625.210116765233
110,10.9002,10658.733283077969
111,11.0002,10878.01002480126
112,11.1002,10857.469991811347
113,11.2002,10678.817656098016
114,11.3002,10669.98797136491
115,11.4002,11055.904258863162
116,11.5002,11094.690776626881
117,11.6002,10983.907601946139
118,11.7002,10982.717264393876
119,11.8002,10861.558029417269
120,11.9002,10792.314950532163
121,12.0002,10706.531662772564
122,12.1002,10720.777841642226
123,12.2002,10784.891548642703
124,12.3002,11098.594239619908
125,12.4002,10939.89430022203
126,12.5002,11321.715836960344
127,12.6003,11179.426735131019
128,12.7003,11317.207989564131
129,12.8003,11086.369094952564
130,12.9003,11143.02671834728
131,13.0003,11033.766765383007
132,13.1003,11107.066889521064
133,13.2003,11243.049494746196
134,13.3003,11236.043489706719
135,13.4003,10984.816387267523
136,13.5003,11148.185238874756
137,13.6003,11399.110458473424
138,13.7003,11395.812071544604
139,13.8003,11080.457084066162
140,13.9003,11116.292325014756
141,14.0003,10913.411179887984
142,14.1003,10818.192107262761
143,14.2003,10933.221276179123
144,14.3003,10943.541288795399
145,14.4003,11523.219747142366
146,14.5003,11236.932699699073
147,14.6003,10992.95401980229
148,14.7003,10979.525234444223
149,14.8003,11133.62862139222
150,14.9003,11357.236618279072
151,15.0003,11601.948154737296
152,15.1003,11185.338618158836
153,15.2003,11348.872380798224
154,15.3003,11603.025029864599
155,15.4003,11330.429786063294
156,15.5003,11112.033158235574
157,15.6003,11079.626869008802
158,15.7003,11035.761058803502
159,15.8003,11097.562851873608
160,15.9003,11017.051855575228
161,16.0003,11101.736079783337
162,16.1003,10938.850499246884
163,16.2003,10708.00931294341
164,16.3003,10773.570852972243
165,16.4003,10777.725602023409
166,16.5003,10914.721086652135
167,16.6003,10412.370857493126
168,16.7003,10773.974250538584
169,16.8003,10992.193700878128
170,16.9003,10625.895394688216
171,17.0003,10637.741942735598
172,17.1003,10660.531998783617
173,17.2003,10528.352890306738
174,17.3003,10630.764432117472
175,17.4003,10624.902284674488
176,17.5004,10587.651545473083
177,17.6004,10577.39176205342
178,17.7004,10609.018035430394
179,17.8004,10711.714704560225
180,17.9004,10370.402941885599
181,18.0004,10663.82447853086
182,18.1004,10252.17567429329
183,18.2004,10197.029776013855
184,18.3004,10114.198640735789
185,18.4004,10552.152736499662
186,18.5004,10448.794495879347
187,18.6004,10395.125373731164
188,18.7004,10178.652192866912
189,18.8004,10412.19636028925
190,18.9004,10439.763364478453
191,19.0004,10383.988304413426
192,19.1004,10511.715338469034
193,19.2004,10500.340249570152
194,19.3004,10513.111100947475
195,19.4004,10792.881479786942
196,19.5004,10945.103237199846
197,19.6004,10664.96801898104
198,19.7004,10825.202895199462
199,19.8004,10641.593284662677
200,19.9004,10698.7556055551
201,20.0004,10781.920365933545
202,20.1004,10784.66049644678
203,20.2004,10773.904244143732
204,20.3004,10992.712525378382
205,20.4004,10720.296491858835
206,20.5004,10965.270354434067
207,20.6004,10915.063349571135
208,20.7004,11125.665737496212
209,20.8004,10991.815218209826
210,20.9004,11035.903971331933
211,21.0004,10903.276068486086
212,21.1004,11067.515487273155
213,21.2004,11283.488079417044
214,21.3004,11322.107105208439
215,21.4004,10950.436497416813
216,21.5004,11086.350223809774
217,21.6004,11064.903343794447
218,21.7004,11016.132326092371
219,21.8004,11228.609938536523
220,21.9004,10986.551502360837
221,22.0004,10888.044178173155
222,22.1004,10655.331887092885
223,22.2004,10800.579648054341
224,22.3004,10794.046868727655
225,22.4004,10837.679328154969
226,22.5005,11096.920373659925
227,22.6005,10674.943347135277
228,22.7005,10797.364329366854
229,22.8005,11210.613224770581
230,22.9005,10907.977403147028
231,23.0005,10966.721231803524
232,23.1005,10792.938625024684
233,23.2005,10950.073744891059
234,23.3005,10941.400099901557
235,23.4005,10570.528206267303
236,23.5005,10891.341485512343
237,23.6005,10790.77365844182
238,23.7005,10801.753972129583
239,23.8005,10748.056221397375
240,23.9005,10648.876304690728
241,24.0005,10708.794919346352
242,24.1005,10383.75645604182
243,24.2005,10772.558780767637
244,24.3005,10761.39093100304
245,24.4005,10553.913964805079
246,24.5005,10866.807725726134
247,24.6005,10615.815063727765
248,24.7005,10941.603376852387
249,24.8005,10951.853590760771
250,24.9005,10597.869743811476
251,25.0005,10698.500899985174
252,25.1005,10564.398774409687
253,25.2005,10817.570497168423
254,25.3005,10667.787979472767
255,25.4005,10905.83192012115
256,25.5005,10793.548193614777
257,25.6005,10668.06861358636
258,25.7005,10607.545471896816
259,25.8005,10704.213816811396
260,25.9005,10547.345957494324
261,26.0005,10823.821069381764
262,26.1005,10631.397653358143
263,26.2005,10506.45423152475
264,26.3005,10543.635669911628
265,26.4005,10767.68593130772
266,26.5005,10637.998535550629
267,26.6005,10977.46810846668
268,26.7005,10871.589472189431
269,26.8005,10906.561762451081
270,26.9005,10866.791691187726
271,27.0005,10974.846923802652
272,27.1005,10969.744787800726
273,27.2005,10641.44874212714
274,27.3005,10953.280200552132
275,27.4005,10986.447340126
276,27.5006,10925.276646852446
277,27.6006,10909.185385677292
278,27.7006,10778.042357681987
279,27.8006,10677.552662542314
280,27.9006,10889.139364178656
281,28.0006,11092.771688107576
282,28.1006,10834.279363525577
283,28.2006,10848.335678641457
284,28.3006,11010.732512338012
285,28.4006,10660.525852850858
286,28.5006,10640.974406482585
287,28.6006,10737.685768871323
288,28.7006,10742.901753621696
289,28.8006,10736.800786780337
290,28.9006,10778.374308658354
291,29.0006,10709.687911989933
292,29.1006,10668.887577059724
293,29.2006,10590.493340649584
294,29.3006,10632.374227417818
295,29.4006,10679.412140730004
296,29.5006,10625.525990379534
297,29.6006,10394.312706156843
298,29.7006,10587.659656726668
299,29.8006,10797.413658608686
300,29.9006,10714.669682658463
301,30.0006,10790.052735110798
302,30.1006,10653.151028431355
303,30.2006,10661.490603141883
304,30.3006,10687.090717105648
305,30.4006,10846.512455875893
306,30.5006,10761.902862062343
307,30.6006,10542.776703368454
308,30.7006,10509.749561378672
309,30.8006,10389.965336313968
310,30.9006,10382.490305788173
311,31.0006,10599.063275701586
312,31.1006,10579.389549119682
313,31.2006,10753.913240943959
314,31.3006,10723.469769059795
315,31.4006,10684.629671231045
316,31.5006,10625.674360818455
317,31.6006,10718.697333419512
318,31.7006,10561.426372451398
319,31.8006,10260.65272966253
320,31.9006,10295.65105461147
321,32.0006,10341.838982855299
322,32.1006,10657.198287670308
323,32.2006,10584.505041390115
324,32.3006,10669.009800098334
325,32.4006,10618.062467642558
326,32.5007,10600.405405236721
327,32.6007,10647.493837358974
328,32.7007,10575.575494921653
329,32.8007,10580.679997311376
330,32.9007,10868.530663153513
331,33.0007,10589.715823937373
332,33.1007,10451.589876972126
333,33.2007,10474.677372298167
334,33.3007,10417.088163221744
335,33.4007,10682.571742580494
336,33.5007,10546.309124454043
337,33.6007,10796.02919087534
338,33.7007,10634.6407771361
339,33.8007,10690.663327007738
340,33.9007,10617.273368027709
341,34.0007,10743.940835067346
342,34.1007,10450.545059239676
343,34.2007,10539.696413457947
344,34.3007,10682.400143896253
345,34.4007,10563.65134256024
346,34.5007,10572.711527969092
347,34.6007,10864.519717245457
348,34.7007,10663.67672998485
349,34.8007,10778.83962720877
350,34.9007,10630.015353675064
351,35.0007,10844.151677958986
352,35.1007,10687.642450481155
353,35.2007,10578.441105946735
354,35.3007,10729.294215700378
355,35.4007,10728.820161867709
356,35.5007,10455.560861393631
357,35.6007,10514.79709150928
358,35.7007,10639.117526342343
359,35.8007,10453.046173706374
360,35.9007,10388.948601888886
361,36.0007,10617.942760229982
362,36.1007,10372.036443406232
363,36.2007,10827.473737651677
364,36.3007,10605.099045844407
365,36.4007,10493.759681984886
366,36.5007,10443.285077775263
367,36.6007,10627.494551163505
368,36.7007,10518.278481003616
369,36.8007,10660.071404024247
370,36.9007,10789.292594502958
371,37.0007,10665.24331831811
372,37.1007,10456.672436207096
373,37.2007,10668.61498804748
374,37.3007,10532.818421986418
375,37.4007,10409.584344375337
376,37.5007,10390.576096163973
377,37.6008,10558.830390440198
378,37.7008,10432.449314299378
379,37.8008,10573.31221069965
380,37.9008,10468.544808207671
381,38.0008,10648.424617362884
382,38.1008,10575.3505932823
383,38.2008,10310.964740544807
384,38.3008,10505.273334621628
385,38.4008,10612.312484015398
386,38.5008,10693.18732817893
387,38.6008,10910.902065648492
388,38.7008,10435.34248135248
389,38.8008,10701.27533770639
390,38.9008,10484.964523449371
391,39.0008,10565.19231850608
392,39.1008,10351.998258088955
393,39.2008,10503.164451131202
394,39.3008,10811.950982799484
395,39.4008,10723.942688391831
396,39.5008,10880.93479396849
397,39.6008,10678.476308661033
398,39.7008,10879.645405374076
399,39.8008,11082.937768043299
400,39.9008,10890.708607732158
401,40.0008,10811.376126422017
402,40.1008,10727.395847696489
403,40.2008,10826.505298132664
404,40.3008,11026.542756960014
405,40.4008,11112.25468664947
406,40.5008,10808.180251539185
407,40.6008,10792.248649698275
408,40.7008,10811.865742956383
409,40.8008,10801.173498729737
410,40.9008,10913.627187215905
411,41.0008,10854.680540908474
412,41.1008,10729.335684302996
413,41.2008,10844.565826149425
414,41.3008,10715.529208489877
415,41.4008,10759.979409042142
416,41.5008,11034.054614092342
417,41.6008,11021.597795204763
418,41.7008,11019.126693065758
419,41.8008,11183.567149613838
420,41.9008,10778.768097224853
421,42.0008,11190.089780586439
422,42.1008,11141.777266886835
423,42.2008,11130.898090418574
424,42.3008,11116.466317358036
425,42.4008,11297.574720673185
426,42.5008,10989.025402708168
427,42.6009,10659.31083808556
428,42.7009,10894.93464953143
429,42.8009,11179.520211908673
430,42.9009,11128.02191275955
431,43.0009,10647.31700092687
432,43.1009,10961.036660015323
433,43.2009,11038.817636887157
434,43.3009,10652.05398919507
435,43.4009,10746.679212931393
436,43.5009,10682.449388902753
437,43.6009,10484.007595055327
438,43.7009,10727.41092084008
439,43.8009,10668.43866052022
440,43.9009,10815.49456013233
441,44.0009,10813.156323965008
442,44.1009,10613.314389288369
443,44.2009,10602.455620247627
444,44.3009,10742.993070092198
445,44.4009,10725.916910166396
446,44.5009,10723.08038422773
447,44.6009,11064.023794339304
448,44.7009,10911.294861695822
449,44.8009,10762.19385455711
450,44.9009,10831.511339799881
451,45.0009,10697.091171162148
452,45.1009,10806.027331586736
453,45.2009,10560.56083709585
454,45.3009,10494.761741239583
455,45.4009,10704.391929780757
456,45.5009,10643.579001842945
457,45.6009,10482.747294553568
458,45.7009,10307.995812318832
459,45.8009,10532.137994964569
460,45.9009,10731.62286362339
461,46.0009,10712.753362569518
462,46.1009,10934.010259188532
463,46.2009,10401.330014454805
464,46.3009,10790.007623807
465,46.4009,10785.330568336136
466,46.5009,11019.377802642774
467,46.6009,10703.149172017735
468,46.7009,10837.98334828879
469,46.8009,10588.83087562348
470,46.9009,10248.199545183013
471,47.0009,10281.172696127911
472,47.1009,10175.068425194793
473,47.2009,10370.671076697823
474,47.3009,10519.004758195226
475,47.4009,10586.615720584394
476,47.501,10875.101052724303
477,47.601,10567.53197221547
478,47.701,10527.661180128205
479,47.801,10313.21739392124
480,47.901,10453.701341238315
481,48.001,10441.515861272605
482,48.101,10699.959147399057
483,48.201,10859.412697772827
484,48.301,10748.776868845413
485,48.401,10576.662925446703
486,48.501,10420.17040939313
487,48.601,10609.293939808911
488,48.701,10618.075251104894
489,48.801,10470.669614905364
490,48.901,10706.680025539728
491,49.001,10670.837379770206
492,49.101,10510.043108508771
493,49.201,10697.543253237724
494,49.301,10818.999576845466
495,49.401,10660.535418420717
496,49.501,10593.28008913469
497,49.601,10502.987918383335
498,49.701,10976.612537738956
499,49.801,10601.876682580965
500,49.901,10444.521029195175
501,50.001,10487.450043536459
502,50.101,10783.465978224285
503,50.201,10483.568539693451
504,50.301,10530.430838381712
505,50.401,10444.679289544667
506,50.501,10417.86587906244
507,50.601,10524.594317982119
508,50.701,10378.490389813833
509,50.801,10501.540633103426
510,50.901,10435.34518095054
511,51.001,10543.570073906472
512,51.101,10506.220218385122
513,51.201,10616.002851809873
514,51.301,10659.508541312409
515,51.401,10213.782061367328
516,51.501,10365.584970164695
517,51.601,10419.237901077602
518,51.701,10457.021641955034
519,51.801,10775.632183689748
520,51.901,10439.07068679694
521,52.001,10447.506419572972
522,52.101,10546.976893315352
523,52.201,10643.552240796755
524,52.301,10472.52181048986
525,52.401,10537.637975354537
526,52.5011,10655.293503225006
527,52.6011,10541.971817745742
528,52.7011,10561.106398811731
529,52.8011,10138.470577123166
530,52.9011,10519.179348919288
531,53.0011,10616.799449029653
532,53.1011,10561.592917489546
533,53.2011,10759.336708959925
534,53.3011,10655.408872657663
535,53.4011,10672.208545463405
536,53.5011,10731.216044789004
537,53.6011,10575.812564271679
538,53.7011,10677.73777694899
539,53.8011,10194.723280981734
540,53.9011,10215.130040228327
541,54.0011,10457.902553716607
542,54.1011,10733.890304645558
543,54.2011,10798.486487000891
544,54.3011,10840.00593751244
545,54.4011,10620.985594411988
546,54.5011,10768.353267936955
547,54.6011,10802.90599566512
548,54.7011,10923.175217394175
549,54.8011,10709.436572943972
550,54.9011,10522.955026524798
551,55.0011,10559.157461340334
552,55.1011,10465.260727197934
553,55.2011,10744.301053732765
554,55.3011,10594.947048760447
555,55.4011,10402.422868882233
556,55.5011,10759.837623558593
557,55.6011,10665.808289692464
558,55.7011,10728.355703226875
559,55.8011,10777.304479363325
560,55.9011,10545.489884152963
561,56.0011,10589.500659350888
562,56.1011,10694.887146169314
563,56.2011,10776.97015520894
564,56.3011,10740.602411253603
565,56.4011,10755.219567272068
566,56.5011,10513.842070464014
567,56.6011,10659.784967762489
568,56.7011,10663.520860923334
569,56.8011,10721.161381747028
570,56.9011,10399.548026573344
571,57.0011,10333.660902709467
572,57.1011,10460.796605107498
573,57.2011,10319.370771217244
574,57.3011,10569.92607336193
575,57.4011,10467.07309979399
576,57.5012,10764.88535628883
577,57.6012,10602.131181966262
578,57.7012,10720.230027169982
579,57.8012,10471.830198031837
580,57.9012,10544.703108738251
581,58.0012,10712.756949826171
582,58.1012,10590.754332546932
583,58.2012,10686.64027964659
584,58.3012,10915.765159777768
585,58.4012,10943.617496741941
586,58.5012,10837.058319540165
587,58.6012,10912.65651947442
588,58.7012,10804.871539665086
589,58.8012,10790.527555350991
590,58.9012,10604.704545708428
591,59.0012,10895.05647307269
592,59.1012,10946.954784057069
593,59.2012,10879.099318783095
594,59.3012,10635.065627101621
595,59.4012,10540.144346386713
596,59.5012,10691.61091604841
597,59.6012,10605.245363989427
598,59.7012,10587.251295953629
599,59.8012,10493.64786424786
600,59.9012,10779.628882387133
601,60.0012,10859.874619264121
602,60.1012,10739.75464893299
603,60.2012,10780.544861688833
604,60.3012,10729.610222674366
605,60.4012,10424.31883638763
606,60.5012,10808.236469155558
607,60.6012,10509.018548975399
608,60.7012,10551.58679735297
609,60.8012,10638.469359707851
610,60.9012,10454.97766011648
611,61.0012,10644.14172186853
612,61.1012,10510.036764680872
613,61.2012,10403.608598193037
614,61.3012,10707.969728173492
615,61.4012,10649.610414170427
616,61.5012,10874.830704560949
617,61.6012,10747.381595278206
618,61.7012,10679.741885602063
619,61.8012,10670.84454280658
620,61.9012,10152.928422493591
621,62.0012,10365.186812455555
622,62.1012,10660.10363406
623,62.2012,10826.215404616974
624,62.3012,10374.082403703153
625,62.4012,10410.24815732725
626,62.5012,10551.451527891615
627,62.6013,10728.454116328458
628,62.7013,10871.812379471874
629,62.8013,10922.657534386111
630,62.9013,10784.814270319766
631,63.0013,10606.47391520664
632,63.1013,10551.35086148184
633,63.2013,10448.324686454402
634,63.3013,10565.920220939408
635,63.4013,10617.42545223641
636,63.5013,10599.453867737717
637,63.6013,10594.705865867732
638,63.7013,10817.992319964667
639,63.8013,10746.98044902248
640,63.9013,10409.213548928796
641,64.0013,10386.607696629751
642,64.1013,10523.14891298696
643,64.2013,10671.793743710265
644,64.3013,10889.282541738268
645,64.4013,11080.623695098015
646,64.5013,10750.853019036258
647,64.6013,10937.242607307244
648,64.7013,10998.652606254745
649,64.8013,10717.649418721816
650,64.9013,10997.354980583645
651,65.0013,10752.182782492922
652,65.1013,10628.644246772954
653,65.2013,10609.279762779746
654,65.3013,10713.892150004753
655,65.4013,10835.187928677402
656,65.5013,10814.404778638607
657,65.6013,10618.64372968639
658,65.7013,10424.677694704693
659,65.8013,10581.897533838619
660,65.9013,10621.937928885996
661,66.0013,10599.716910051926
662,66.1013,10553.369070661049
663,66.2013,10635.007279761649
664,66.3013,10670.537348203485
665,66.4013,10683.041840837206
666,66.5013,10646.80180031337
667,66.6013,10460.600053042324
668,66.7013,10842.600849487635
669,66.8013,10609.764935814777
670,66.9013,10520.66050507446
671,67.0013,10645.84993335192
672,67.1013,10723.189791955838
673,67.2013,10746.050641521002
674,67.3013,10841.201338761037
675,67.4013,10671.235287109283
676,67.5014,10632.654790160057
677,67.6014,10711.974015983245
678,67.7014,10650.640948485427
679,67.8014,10594.63799514861
680,67.9014,10664.690981766342
681,68.0014,10691.366605298077
682,68.1014,10583.741615660208
683,68.2014,10565.645627599286
684,68.3014,10552.91812278242
685,68.4014,10556.425139442941
686,68.5014,10653.872660595254
687,68.6014,10332.9705696548
688,68.7014,10379.170288461904
689,68.8014,10877.904220061242
690,68.9014,10495.323459140749
691,69.0014,10560.91786971652
692,69.1014,10920.369666959037
693,69.2014,10658.930519694482
694,69.3014,10837.541770555299
695,69.4014,10495.341809374553
696,69.5014,10446.687082044253
697,69.6014,10649.765755790822
698,69.7014,10305.831816740903
699,69.8014,10626.680902594293
700,69.9014,10451.061457207186
701,70.0014,10437.68073742204
702,70.1014,10363.77275894529
703,70.2014,10318.522104511141
704,70.3014,10481.18630845426
705,70.4014,10259.074927089645
706,70.5014,10386.67991516067
707,70.6014,10144.204123559302
708,70.7014,10391.78521318198
709,70.8014,10537.27202391824
710,70.9014,10524.868342113343
711,71.0014,10335.126314903851
712,71.1014,9970.493044133154
713,71.2014,10356.377294373666
714,71.3014,10267.068472282626
715,71.4014,10260.698094149191
716,71.5014,10548.495601557948
717,71.6014,10422.54223575497
718,71.7014,10476.59715842972
719,71.8014,10567.346822548188
720,71.9014,10389.320028358236
721,72.0014,10660.098445900498
722,72.1014,10518.172042342941
723,72.2014,10168.996846054959
724,72.3014,10470.30239330431
725,72.4014,10575.04832324209
726,72.5014,10603.616051076167
727,72.6015,10453.33069839739
728,72.7015,10581.374693484446
729,72.8015,10368.175032001118
730,72.9015,10435.449847180793
731,73.0015,10241.623699675965
732,73.1015,10234.249423490115
733,73.2015,10343.106154511179
734,73.3015,10276.528553394362
735,73.4015,10288.200375859858
736,73.5015,10460.73897293419
737,73.6015,10309.67208495082
738,73.7015,10483.765433315759
739,73.8015,10484.703765608694
740,73.9015,10226.112912629947
741,74.0015,10454.246737605476
742,74.1015,10428.111560961555
743,74.2015,10403.62251833262
744,74.3015,10529.109543613493
745,74.4015,10423.880196323196
746,74.5015,10427.790036404933
747,74.6015,10372.993354569266
748,74.7015,10620.56335783459
749,74.8015,10328.175539654732
750,74.9015,10671.643976603726
751,75.0015,10543.88229858574
752,75.1015,10798.188116698306
753,75.2015,10695.162853189302
754,75.3015,10704.161957809905
755,75.4015,10637.022271282023
756,75.5015,10587.325688671444
757,75.6015,10288.455662523884
758,75.7015,10180.594300228848
759,75.8015,10208.131606496612
760,75.9015,10335.080320649886
761,76.0015,10472.715991413172
762,76.1015,10650.026138752066
763,76.2015,10684.305747386157
764,76.3015,10614.638228217811
765,76.4015,10277.82003489366
766,76.5015,10494.06709794795
767,76.6015,10339.384567871031
768,76.7015,10669.150940608573
769,76.8015,10819.373716501777
770,76.9015,10357.932192659855
771,77.0015,10609.758068128245
772,77.1015,10616.084646498426
773,77.2015,10448.136121034835
774,77.3015,10695.767306114665
775,77.4015,10371.308442911746
776,77.5016,10742.963891464933
777,77.6016,10711.000454422889
778,77.7016,10854.701482549512
779,77.8016,10708.08917186436
780,77.9016,10514.659374782157
781,78.0016,10455.26758527592
782,78.1016,10618.971201836563
783,78.2016,10304.744730541363
784,78.3016,10224.437380247782
785,78.4016,10351.583472068669
786,78.5016,10807.024341186554
787,78.6016,10507.41604073955
788,78.7016,10738.47960213604
789,78.8016,10623.899273497871
790,78.9016,10838.823962649862
791,79.0016,10845.184106040251
792,79.1016,10655.366746173671
793,79.2016,10632.894170428068
794,79.3016,10630.718208242562
795,79.4016,10657.389728867778
796,79.5016,10685.513697209766
797,79.6016,10626.187429924255
798,79.7016,10651.345171408973
799,79.8016,10396.873933384606
800,79.9016,10397.306244512765
801,80.0016,10589.408313903317
802,80.1016,10526.568993174946
803,80.2016,10464.025870321724
804,80.3016,10350.376138559584
805,80.4016,10327.457576828316
806,80.5016,10216.011840480578
807,80.6016,10059.716795296967
808,80.7016,9945.76096668013
809,80.8016,10301.4854464207
810,80.9016,9940.987759469828
811,81.0016,9963.771486000645
812,81.1016,10043.970604056307
813,81.2016,10314.887558898265
814,81.3016,10482.355965038972
815,81.4016,10237.844846739305
816,81.5016,10193.379274116933
817,81.6016,10261.794470977871
818,81.7016,10457.028916156909
819,81.8016,10368.453915929902
820,81.9016,10098.284588387178
821,82.0016,10274.277348195756
822,82.1016,10508.001445856431
823,82.2016,10271.900478238438
824,82.3016,10542.47668425822
825,82.4016,10350.782897406836
826,82.5017,10197.213016527223
827,82.6017,10204.780996301572
828,82.7017,10447.30717571885
829,82.8017,10264.772590436596
830,82.9017,10323.755001428755
831,83.0017,10183.9896701434
832,83.1017,10075.492110222134
833,83.2017,10215.919790797789
834,83.3017,10252.030592319916
835,83.4017,10222.734717484902
836,83.5017,10305.751615703555
837,83.6017,10380.729381662291
838,83.7017,10680.75761057737
839,83.8017,10491.812705881435
840,83.9017,10951.024232978956
841,84.0017,11021.26041212552
842,84.1017,10781.585290722796
843,84.2017,10609.27918877682
844,84.3017,10786.934077356882
845,84.4017,10743.037484947736
846,84.5017,10773.380565379379
847,84.6017,10984.823304166808
848,84.7017,10652.33342939322
849,84.8017,10523.79721357668
850,84.9017,10797.334377170882
851,85.0017,10359.324922575452
852,85.1017,10674.594224119386
853,85.2017,10831.376915607552
854,85.3017,10651.6486766937
855,85.4017,10482.987333806688
856,85.5017,10690.92512001491
857,85.6017,10623.582111827622
858,85.7017,10491.672917089727
859,85.8017,10728.76486266992
860,85.9017,10769.588101599908
861,86.0017,10613.212433415685
862,86.1017,10649.456826973088
863,86.2017,10674.779255127414
864,86.3017,10520.538062661526
865,86.4017,10718.617274932869
866,86.5017,10512.453414642912
867,86.6017,10399.967557752465
868,86.7017,10433.496442606775
869,86.8017,10403.594149532115
870,86.9017,10293.824139590157
871,87.0017,10477.070191225423
872,87.1017,10220.399450491343
873,87.2017,10440.185229886483
874,87.3017,10524.711599669046
875,87.4017,10437.988926217024
876,87.5018,10372.371664820686
877,87.6018,10383.34228629918
878,87.7018,10449.454769221791
879,87.8018,10315.267854213256
880,87.9018,10520.684022741512
881,88.0018,10477.203487359597
882,88.1018,10536.190129698749
883,88.2018,10563.313667391034
884,88.3018,10567.847654670431
885,88.4018,10319.828741450041
886,88.5018,10593.50442779647
887,88.6018,10669.85678063826
888,88.7018,10453.366606658381
889,88.8018,10311.048764154424
890,88.9018,10301.78632633173
891,89.0018,9935.350653740457
892,89.1018,10141.922202327063
893,89.2018,10395.072802846998
894,89.3018,10401.571496652863
895,89.4018,10434.816307855266
896,89.5018,10833.035301232705
897,89.6018,10160.907162505919
898,89.7018,10528.634925618688
899,89.8018,10529.476033716792
900,89.9018,10471.315791534373
901,90.0018,10832.617174071496
902,90.1018,10605.781222055104
903,90.2018,10520.263409247427
904,90.3018,10386.480135823598
905,90.4018,10354.369683774321
906,90.5018,10788.46708296273
907,90.6018,10645.120143932167
908,90.7018,10669.524178401578
909,90.8018,10840.811217987493
910,90.9018,10842.851975533486
911,91.0018,10957.46910438612
912,91.1018,10922.900109692986
913,91.2018,10771.060170225488
914,91.3018,10404.55843288344
915,91.4018,10618.871922912505
916,91.5018,10635.670927503956
917,91.6018,10513.880373931292
918,91.7018,10596.18419460256
919,91.8018,10475.295076201564
920,91.9018,10548.125625970062
921,92.0018,10464.955144973048
922,92.1018,10653.830223812029
923,92.2018,10806.716977884382
924,92.3018,10728.724761866612
925,92.4018,10823.96853654853
926,92.5019,10779.351301459403
927,92.6019,10616.672313254334
928,92.7019,10430.52685109731
929,92.8019,10753.588800797072
930,92.9019,10715.88201811063
931,93.0019,10601.48364427746
932,93.1019,10647.36177754885
933,93.2019,10784.19540825257
934,93.3019,10416.81277273443
935,93.4019,10566.495744060396
936,93.5019,10491.978164139025
937,93.6019,10423.073912784204
938,93.7019,10335.351181727397
939,93.8019,10536.622504393166
940,93.9019,11111.917856351523
941,94.0019,10660.579502633676
942,94.1019,10894.983349723654
943,94.2019,10824.878421141593
944,94.3019,10736.923881527384
945,94.4019,10856.295694937307
946,94.5019,10998.865347772664
947,94.6019,10528.578820976385
948,94.7019,10604.766606202176
949,94.8019,10634.236792050388
950,94.9019,10681.990569397498
951,95.0019,10537.974566037745
952,95.1019,10346.228793799819
953,95.2019,10440.8045268361
954,95.3019,10545.228837087767
955,95.4019,10548.81252226622
956,95.5019,10538.38471376599
957,95.6019,10602.11148639496
958,95.7019,10695.783225824343
959,95.8019,10715.397560269339
960,95.9019,10530.098610079642
961,96.0019,10854.751155222417
962,96.1019,10564.027473751734
963,96.2019,10887.194565525515
964,96.3019,10894.998702857583
965,96.4019,10712.583777276493
966,96.5019,10540.536445771573
967,96.6019,10734.475657914554
968,96.7019,10397.677605286197
969,96.8019,10769.60903661527
970,96.9019,10590.960760795513
971,97.0019,10612.76694830335
972,97.1019,10592.126494085778
973,97.2019,10703.562338968044
974,97.3019,10824.945193916761
975,97.4019,10641.140061053171
976,97.5019,10802.769934072738
977,97.602,10585.133586405917
978,97.702,10978.215464715302
979,97.802,10724.530869961478
980,97.902,11055.820293912673
981,98.002,11271.356034109576
982,98.102,11168.794319062028
983,98.202,11087.703553623965
984,98.302,11066.879820673767
985,98.402,10924.677572212147
986,98.502,10700.390069359655
987,98.602,10808.285091658607
988,98.702,10974.029259466968
989,98.802,11159.156536804523
990,98.902,11026.895671386143
991,99.002,11009.18404768147
992,99.102,10973.145015003971
993,99.202,10966.067918476096
994,99.302,10723.091202430007
995,99.402,10802.359080619972
996,99.502,10897.225404734185
997,99.602,10837.794562731196
998,99.702,10687.017454378314
999,99.802,10620.752475907397
1000,99.902,10591.61284894897
1001,100.002,10734.536865966531
1002,100.102,10695.47891428737
1003,100.202,10919.700625596288
1004,100.302,11002.800649068206
1005,100.402,11274.76416089493
1006,100.502,10813.335837941828
1007,100.602,10792.300621727456
1008,100.702,10850.389790601854
1009,100.802,10984.945207196337
1010,100.902,10905.381322442025
1011,101.002,11049.836567154027
1012,101.102,10902.031021206532
1013,101.202,11144.95652768525
1014,101.302,11031.29277492221
1015,101.402,10918.159723162991
1016,101.502,11063.270995741164
1017,101.602,11234.21994311478
1018,101.702,11189.697445466343
1019,101.802,10791.122437827162
1020,101.902,11001.418587957904
1021,102.002,11378.76460327924
1022,102.102,10963.474640010445
1023,102.202,10918.061490701213
1024,102.302,10876.001511358761
1025,102.402,10766.082431927392
1026,102.502,11300.272223728298
1027,102.6021,10640.102764611689
1028,102.7021,11066.613408436997
1029,102.8021,10882.232060541006
1030,102.9021,10906.200631067477
1031,103.0021,10676.00829417888
1032,103.1021,10849.438484809962
1033,103.2021,10997.179358930369
1034,103.3021,10868.107628806774
1035,103.4021,10782.630814101898
1036,103.5021,10589.773516553456
1037,103.6021,10999.257973825792
1038,103.7021,10837.99493475047
1039,103.8021,10768.97268310916
1040,103.9021,10922.38928605066
1041,104.0021,11061.151351437034
1042,104.1021,11082.953345467431
1043,104.2021,10937.138129075254
1044,104.3021,10863.2188539674
1045,104.4021,11094.51403009964
1046,104.5021,10922.893432470075
1047,104.6021,11140.327539980684
1048,104.7021,10720.879429773822
1049,104.8021,10770.293408598734
1050,104.9021,10872.247925380108
1051,105.0021,10686.11973272943
1052,105.1021,11084.257887222855
1053,105.2021,10930.856904879458
1054,105.3021,11225.575705938994
1055,105.4021,11090.488869522933
1056,105.5021,10931.275231696134
1057,105.6021,11338.38220639524
1058,105.7021,10920.110384795928
1059,105.8021,10840.345300377552
1060,105.9021,10918.576177575418
1061,106.0021,10982.70197301762
1062,106.1021,10974.398976175546
1063,106.2021,11393.436983057263
1064,106.3021,11164.110470143856
1065,106.4021,10994.99671580234
1066,106.5021,11095.005945432053
1067,106.6021,10785.08318724824
1068,106.7021,10854.87914569654
1069,106.8021,10696.494410876961
1070,106.9021,11028.937812217053
1071,107.0021,10904.127996591016
1072,107.1021,10728.811293084596
1073,107.2021,10591.910796197111
1074,107.3021,10680.221972057467
1075,107.4021,10683.429582885303
1076,107.5022,10627.9245311111
1077,107.6022,11079.914313931547
1078,107.7022,11071.9350765525
1079,107.8022,10866.904482780717
1080,107.9022,10927.851791072046
1081,108.0022,10756.712204082121
1082,108.1022,10901.851749127323
1083,108.2022,10636.347746734382
1084,108.3022,10515.496794444745
1085,108.4022,10628.92641888905
1086,108.5022,10540.37691903309
1087,108.6022,10728.130493044084
1088,108.7022,10531.77415050709
1089,108.8022,10973.98428480041
1090,108.9022,10846.22764354513
1091,109.0022,10776.909209056308
1092,109.1022,11197.939149682376
1093,109.2022,11104.803956241773
1094,109.3022,10886.640746850031
1095,109.4022,11361.173589748385
1096,109.5022,11188.924379998456
1097,109.6022,11216.705674583625
1098,109.7022,11145.689821819231
1099,109.8022,10926.052770139442
1100,109.9022,11047.483352076482
1101,110.0022,11165.777463009388
1102,110.1022,10900.061719225465
1103,110.2022,10842.11908539009
1104,110.3022,11082.899565757567
1105,110.4022,10931.561854873584
1106,110.5022,10824.465851485415
1107,110.6022,11095.078059912656
1108,110.7022,11163.715225240267
1109,110.8022,11072.791651998286
1110,110.9022,11247.461181659552
1111,111.0022,11140.863620743807
1112,111.1022,11425.384211877783
1113,111.2022,11317.169765455246
1114,111.3022,11278.985609450778
1115,111.4022,11413.469480910606
1116,111.5022,11722.869039020627
1117,111.6022,11518.10077717908
1118,111.7022,11313.892016811506
1119,111.8022,11152.431145312807
1120,111.9022,11456.304654450332
1121,112.0022,11310.880199071806
1122,112.1022,11019.04198978327
1123,112.2022,11258.287571289768
1124,112.3022,11407.8827424038
1125,112.4022,11338.206352359673
1126,112.5023,11351.9144283431
1127,112.6023,11187.465163760764
1128,112.7023,11391.253900878863
1129,112.8023,11065.44908643643
1130,112.9023,10782.007438267334
1131,113.0023,10890.426283136389
1132,113.1023,10742.033177333773
1133,113.2023,10822.684385525487
1134,113.3023,10644.737385219329
1135,113.4023,10856.724009210862
1136,113.5023,10645.483654971804
1137,113.6023,10888.329433569499
1138,113.7023,10992.115982266241
1139,113.8023,10982.043766223105
1140,113.9023,10835.251453237699
1141,114.0023,10772.711313395228
1142,114.1023,10630.045148320327
1143,114.2023,10942.61833449207
1144,114.3023,10811.981532348556
1145,114.4023,10806.506687448895
1146,114.5023,10810.792781288304
1147,114.6023,11092.929741757454
1148,114.7023,11263.321120453746
1149,114.8023,11120.212761400599
1150,114.9023,11124.30826880528
1151,115.0023,11251.201419945872
1152,115.1023,10823.058392865827
1153,115.2023,10946.435623842202
1154,115.3023,10906.84231956503
1155,115.4023,11095.979567951748
1156,115.5023,10696.571431949258
1157,115.6023,10972.103332690109
1158,115.7023,11022.951409533198
1159,115.8023,11334.628570440187
1160,115.9023,11085.829157647817
1161,116.0023,11075.28219119513
1162,116.1023,11102.123481920298
1163,116.2023,10889.352580907671
1164,116.3023,11188.083647916968
1165,116.4023,10974.502030769116
1166,116.5023,11209.566819915457
1167,116.6023,11302.639766325869
1168,116.7023,11172.664635615909
1169,116.8023,11076.737097725958
1170,116.9023,11172.459828972202
1171,117.0023,11309.458158544689
1172,117.1023,10977.555580084892
1173,117.2023,10700.394958546773
1174,117.3023,10551.174028548983
1175,117.4023,10680.936467902104
1176,117.5024,10685.339052569967
1177,117.6024,10732.194495540161
1178,117.7024,11006.246646015014
1179,117.8024,10991.244475360092
1180,117.9024,10909.96950425038
1181,118.0024,11025.380326946191
1182,118.1024,10588.108610256819
1183,118.2024,10960.685141024394
1184,118.3024,10768.76940596371
1185,118.4024,10905.575580280458
1186,118.5024,10828.010511584938
1187,118.6024,10689.79135260967
1188,118.7024,10640.103138004226
1189,118.8024,10636.1120902637
1190,118.9024,10787.071389157623
1191,119.0024,10688.432387380388
1192,119.1024,10554.82946030967
1193,119.2024,10629.816411836948
1194,119.3024,10793.945730226713
1195,119.4024,10510.252392771974
1196,119.5024,10617.537812775552
1197,119.6024,10926.496825644052
1198,119.7024,10901.365992697441
1199,119.8024,10839.20752776457
1200,119.9024,10730.208238156772
1201,120.0024,10766.56200587126
1202,120.1024,10914.68555527929
1203,120.2024,10690.286484753375
1204,120.3024,10739.00243160775
1205,120.4024,10976.8502166207
1206,120.5024,11106.576332811963
1207,120.6024,11252.138490781452
1208,120.7024,10919.5748831085
1209,120.8024,10564.398609276972
1210,120.9024,10792.553007376628
1211,121.0024,11034.065683766994
1212,121.1024,10893.205205953982
1213,121.2024,10531.913621232803
1214,121.3024,10776.464401200137
1215,121.4024,10658.920243705248
1216,121.5024,11069.778858032545
1217,121.6024,10914.368524571857
1218,121.7024,10665.737783671475
1219,121.8024,10773.597548462523
1220,121.9024,10938.83216111495
1221,122.0024,10851.122607030873
1222,122.1024,10744.21659478952
1223,122.2024,10793.621891528002
1224,122.3024,10754.377703252283
1225,122.4024,10660.179407803555
1226,122.5024,10678.344849698911
1227,122.6025,10517.092711579697
1228,122.7025,10684.684962372505
1229,122.8025,10755.30373003824
1230,122.9025,10873.113943167898
1231,123.0025,10665.398731110026
1232,123.1025,10713.79116634033
1233,123.2025,10593.876582903964
1234,123.3025,11061.489331281047
1235,123.4025,10658.489504111336
1236,123.5025,10705.34220151041
1237,123.6025,10750.56494501691
1238,123.7025,10755.772249479416
1239,123.8025,10681.507243327162
1240,123.9025,10798.186881489386
1241,124.0025,10452.773677915557
1242,124.1025,10662.053142929464
1243,124.2025,10535.252337431642
1244,124.3025,10612.140581155461
1245,124.4025,10605.761830621097
1246,124.5025,10618.99231349322
1247,124.6025,10884.626267193566
1248,124.7025,10759.596856182377
1249,124.8025,10566.729274166564
1250,124.9025,10853.406079831982
1251,125.0025,10885.561671985573
1252,125.1025,10728.983714043343
1253,125.2025,10998.249895564693
1254,125.3025,10902.694724273799
1255,125.4025,10772.550327889736
1256,125.5025,10905.31553180496
1257,125.6025,10789.639334198519
1258,125.7025,10790.178351225048
1259,125.8025,10867.099008791058
1260,125.9025,11123.956900204183
1261,126.0025,11257.698668073406
1262,126.1025,11211.6372164384
1263,126.2025,11032.035329199325
1264,126.3025,10998.719176623388
1265,126.4025,10905.077243359721
1266,126.5025,11078.699333200528
1267,126.6025,10885.41964436642
1268,126.7025,10933.372219392502
1269,126.8025,10938.786725092674
1270,126.9025,10815.465890882495
1271,127.0025,11051.149289363128
1272,127.1025,11160.590148754158
1273,127.2025,10877.342354376206
1274,127.3025,10695.97228881267
1275,127.4025,11160.403051516358
1276,127.5025,10685.985473385039
1277,127.6026,11088.51971576951
1278,127.7026,11118.129661042905
1279,127.8026,10991.371932105809
1280,127.9026,11179.895917839318
1281,128.0026,10672.239453806467
1282,128.1026,10973.251108622959
1283,128.2026,11003.5186367805
1284,128.3026,10600.689143418094
1285,128.4026,10955.130216112218
1286,128.5026,10626.583386606657
1287,128.6026,11050.475516615188
1288,128.7026,10756.14833349993
1289,128.8026,10931.266476799472
1290,128.9026,11014.917219040404
1291,129.0026,10989.742159185658
1292,129.1026,10955.001921897827
1293,129.2026,10629.984121113115
1294,129.3026,10460.317140457124
1295,129.4026,10492.75167921748
1296,129.5026,10510.775372847582
1297,129.6026,10692.729094914035
1298,129.7026,10840.04488059353
1299,129.8026,10907.23666668086
1300,129.9026,10981.80338356326
1301,130.0026,10795.370920910553
1302,130.1026,10901.502257763355
1303,130.2026,10751.07800204001
1304,130.3026,10573.688420890778
1305,130.4026,10801.50505954835
1306,130.5026,10988.149172858704
1307,130.6026,10812.5830560487
1308,130.7026,10783.871414071029
1309,130.8026,11025.833186285023
1310,130.9026,10534.39533078013
1311,131.0026,10532.573360049753
1312,131.1026,10797.226822454408
1313,131.2026,10573.260972254775
1314,131.3026,10867.66131588158
1315,131.4026,10637.225214295631
1316,131.5026,10268.116398911156
1317,131.6026,10748.321072140989
1318,131.7026,10339.03814846067
1319,131.8026,10525.805647845464
1320,131.9026,10413.0486692654
1321,132.0026,10381.224576500583
1322,132.1026,10276.946906541134
1323,132.2026,10138.218325380512
1324,132.3026,10347.540466877655
1325,132.4026,10488.088128494344
1326,132.5026,10549.705450840318
1327,132.6027,10646.899589482122
1328,132.7027,10758.665824880385
1329,132.8027,10597.763468575977
1330,132.9027,10581.9113179043
1331,133.0027,10724.945148158627
1332,133.1027,10649.908552895493
1333,133.2027,10601.950396586715
1334,133.3027,10605.473495490722
1335,133.4027,10568.568842957116
1336,133.5027,10443.790766680713
1337,133.6027,10607.209731547533
1338,133.7027,10779.149731283442
1339,133.8027,10681.903994195818
1340,133.9027,10882.80336285562
1341,134.0027,10654.485882806503
1342,134.1027,10725.586346549571
1343,134.2027,10654.270267677262
1344,134.3027,10961.172023038487
1345,134.4027,10987.630015319713
1346,134.5027,11099.310276887192
1347,134.6027,11004.721925586033
1348,134.7027,10627.488664609862
1349,134.8027,10594.940170087706
1350,134.9027,10766.696092791179
1351,135.0027,10662.476448958074
1352,135.1027,10735.576771417876
1353,135.2027,10876.30135158234
1354,135.3027,10740.238486468987
1355,135.4027,10889.053617288459
1356,135.5027,10978.186207452738
1357,135.6027,10685.765999552026
1358,135.7027,10619.443414676136
1359,135.8027,10597.447177591896
1360,135.9027,10365.903021492206
1361,136.0027,10520.673853891652
1362,136.1027,10577.611301078688
1363,136.2027,10447.625346652214
1364,136.3027,10688.636898024011
1365,136.4027,10729.657961992862
1366,136.5027,10851.543658196026
1367,136.6027,10786.944116934788
1368,136.7027,10909.429845238288
1369,136.8027,10669.383881708909
1370,136.9027,10743.290598898067
1371,137.0027,10903.804245830273
1372,137.1027,10820.597179993812
1373,137.2027,10889.367507941843
1374,137.3027,10717.459482716538
1375,137.4027,10618.301157242753
1376,137.5027,10783.495187732353
1377,137.6028,10606.706254617386
1378,137.7028,11032.90676637428
1379,137.8028,10754.499954389588
1380,137.9028,10868.863264864889
1381,138.0028,10761.508548669572
1382,138.1028,10858.820787308197
1383,138.2028,10483.971981976005
1384,138.3028,10823.602430129617
1385,138.4028,10889.258734811163
1386,138.5028,10859.92087283389
1387,138.6028,10895.382854007461
1388,138.7028,10794.906160662116
1389,138.8028,11073.205961525631
1390,138.9028,10850.455824953731
1391,139.0028,10753.661234100335
1392,139.1028,10988.650397368654
1393,139.2028,11221.8154772966
1394,139.3028,11325.198347053483
1395,139.4028,11347.36606339088
1396,139.5028,11304.30600075866
1397,139.6028,11302.107973759901
1398,139.7028,11385.37285966632
1399,139.8028,11335.679701794843
1400,139.9028,11433.780207164566
1401,140.0028,11418.321808864233
1402,140.1028,11310.388976126867
1403,140.2028,11413.344742108053
1404,140.3028,11308.280615638183
1405,140.4028,11290.63593851266
1406,140.5028,11003.073856264678
1407,140.6028,11424.427335584931
1408,140.7028,11192.145575100358
1409,140.8028,11141.743843613634
1410,140.9028,11455.885137018233
1411,141.0028,11326.435328494805
1412,141.1028,11544.34173546175
1413,141.2028,11504.565159375767
1414,141.3028,11355.27551837388
1415,141.4028,11618.155471496888
1416,141.5028,11310.969095725919
1417,141.6028,11351.072137426027
1418,141.7028,11259.551238685714
1419,141.8028,11021.664452685925
1420,141.9028,11197.846790918471
1421,142.0028,11353.637730881195
1422,142.1028,11186.666973560881
1423,142.2028,11179.337590179399
1424,142.3028,11150.837382671238
1425,142.4028,11121.06251050651
1426,142.5028,11087.384406239746
1427,142.6029,11052.657055481683
1428,142.7029,11260.257796417489
1429,142.8029,11082.790883593289
1430,142.9029,11574.296077324267
1431,143.0029,11516.214224888781
1432,143.1029,11327.240140602536
1433,143.2029,11289.96467112415
1434,143.3029,11224.462999726586
1435,143.4029,10924.636970318259
1436,143.5029,11228.91934907559
1437,143.6029,11288.24742511396
1438,143.7029,11192.675383554126
1439,143.8029,10969.751541227644
1440,143.9029,11031.125504537815
1441,144.0029,11087.240673248829
1442,144.1029,11134.337875526271
1443,144.2029,11162.400884046998
1444,144.3029,10911.43610837179
1445,144.4029,11055.743707258911
1446,144.5029,11052.072519927795
1447,144.6029,11436.102649618926
1448,144.7029,10900.078130286518
1449,144.8029,11074.536391519427
1450,144.9029,11037.700350351986
1451,145.0029,10879.982697841182
1452,145.1029,11079.318689901596
1453,145.2029,10886.635048296088
1454,145.3029,10834.672439464845
1455,145.4029,10987.081925375347
1456,145.5029,11029.199956593828
1457,145.6029,10381.65428490102
1458,145.7029,10476.3369182792
1459,145.8029,10592.315193450824
1460,145.9029,10777.638990249641
1461,146.0029,10628.628474133044
1462,146.1029,10641.129698667437
1463,146.2029,10662.271625728605
1464,146.3029,10631.09386165162
1465,146.4029,11121.389103481515
1466,146.5029,10686.694494815863
1467,146.6029,10610.389743425489
1468,146.7029,11033.756751383762
1469,146.8029,11155.934205271762
1470,146.9029,10943.642159068377
1471,147.0029,10939.657710611174
1472,147.1029,11094.394867132236
1473,147.2029,11021.312275856355
1474,147.3029,10707.825852247244
1475,147.4029,10989.029501474513
1476,147.5029,11038.716887544235
1477,147.603,11093.42209308318
1478,147.703,11061.586225175328
1479,147.803,11134.48167612609
1480,147.903,10996.04539030509
1481,148.003,11139.866781007499
1482,148.103,10847.393647003832
1483,148.203,10852.232334938919
1484,148.303,10819.639558239063
1485,148.403,11059.993371193717
1486,148.503,10760.244929311813
1487,148.603,10896.730579342893
1488,148.703,10827.647394892421
1489,148.803,10763.09791122036
1490,148.903,10844.197989314493
1491,149.003,10548.53934142203
1492,149.103,10822.617676753336
1493,149.203,10825.809296098321
1494,149.303,10744.809302780382
1495,149.403,10876.014803987651
1496,149.503,10832.206640921102
1497,149.603,10718.093396248947
1498,149.703,10582.11302624356
1499,149.803,10945.065687339777
1500,149.903,10933.687990588633
1501,150.003,10806.406319751872
1502,150.103,10839.725517245577
1503,150.203,10950.669250591458
1504,150.303,10892.06357356291
1505,150.403,10979.177108364223
1506,150.503,11019.203871988751
1507,150.603,10875.275775541366
1508,150.703,10901.03265020691
1509,150.803,10723.734250712378
1510,150.903,10678.206755080491
1511,151.003,10786.014485325692
1512,151.103,10727.9627315023
1513,151.203,10666.334797120933
1514,151.303,10890.999669866405
1515,151.403,10777.21614535271
1516,151.503,10646.831451852151
1517,151.603,10970.211557010878
1518,151.703,10893.126864954542
1519,151.803,10854.368790699365
1520,151.903,10837.373335517806
1521,152.003,10988.94087617903
1522,152.103,10865.034972049509
1523,152.203,10681.243717899615
1524,152.303,10667.384946196817
1525,152.403,10587.553362495297
1526,152.5031,10734.9243786103
1527,152.6031,11088.384802401812
1528,152.7031,11090.500654852336
1529,152.8031,10946.812367265304
1530,152.9031,10733.143142987527
1531,153.0031,10889.871688715673
1532,153.1031,11014.201934250845
1533,153.2031,10638.397269668254
1534,153.3031,10861.698386456419
1535,153.4031,10733.994348091052
1536,153.5031,10985.806825645011
1537,153.6031,10716.854686749411
1538,153.7031,10814.044697487325
1539,153.8031,10790.298317982384
1540,153.9031,10760.490279290841
1541,154.0031,10890.433362349173
1542,154.1031,10955.409057165927
1543,154.2031,10872.150924247839
1544,154.3031,11011.57452475116
1545,154.4031,10648.493259199395
1546,154.5031,10847.116932241697
1547,154.6031,10814.193769114298
1548,154.7031,10841.657281006395
1549,154.8031,10867.377582441959
1550,154.9031,11054.41454439387
1551,155.0031,10896.055408619019
1552,155.1031,10805.873555967768
1553,155.2031,10789.041005781686
1554,155.3031,10762.269293880237
1555,155.4031,10724.65712184186
1556,155.5031,10871.639129097606
1557,155.6031,10484.09559450606
1558,155.7031,10688.473601208221
1559,155.8031,10725.06534732975
1560,155.9031,10475.40328021231
1561,156.0031,10614.168392031655
1562,156.1031,10534.151570936814
1563,156.2031,10977.692378549584
1564,156.3031,10734.379987828177
1565,156.4031,10907.485354877888
1566,156.5031,10920.336556719765
1567,156.6031,11122.920538286298
1568,156.7031,11043.711149046067
1569,156.8031,10774.46717611401
1570,156.9031,10896.021600254784
1571,157.0031,10940.614740493462
1572,157.1031,10940.34279689607
1573,157.2031,11304.373973573629
1574,157.3031,11416.182419885468
1575,157.4031,11275.821099415916
1576,157.5032,11309.01645221206
1577,157.6032,11248.80703205868
1578,157.7032,11331.08764380591
1579,157.8032,11452.342691917713
1580,157.9032,11392.804342235248
1581,158.0032,11486.86833223589
1582,158.1032,11523.005663894215
1583,158.2032,11398.534764196258
1584,158.3032,11304.449772222557
1585,158.4032,11051.960444773373
1586,158.5032,11084.982683256347
1587,158.6032,11245.195094239914
1588,158.7032,11280.92601868258
1589,158.8032,11075.418206801103
1590,158.9032,11389.876603547964
1591,159.0032,11097.678045995997
1592,159.1032,11233.691257542949
1593,159.2032,11278.476012709258
1594,159.3032,11464.517993914633
1595,159.4032,11336.141315955058
1596,159.5032,11360.091341998572
1597,159.6032,11151.057445199589
1598,159.7032,11218.72367790379
1599,159.8032,11350.284434927169
1600,159.9032,11030.145127391326
1601,160.0032,11164.761011896717
1602,160.1032,11137.567514822527
1603,160.2032,11286.811655455656
1604,160.3032,11408.384788726453
1605,160.4032,11431.498880334766
1606,160.5032,11262.525089239696
1607,160.6032,11446.589286073744
1608,160.7032,11577.095430928075
1609,160.8032,11261.20469495418
1610,160.9032,11613.98694174014
1611,161.0032,11477.746061251093
1612,161.1032,11388.243579274158
1613,161.2032,11099.630785275434
1614,161.3032,11373.007591918888
1615,161.4032,11610.874100468456
1616,161.5032,11522.612122958937
1617,161.6032,11195.140859836984
1618,161.7032,11395.031842720728
1619,161.8032,11632.682093110761
1620,161.9032,11588.85640004871
1621,162.0032,11567.736943951217
1622,162.1032,11787.292853591565
1623,162.2032,11594.337827261299
1624,162.3032,11360.136395944033
1625,162.4032,11049.323565121094
1626,162.5033,11610.544418366893
1627,162.6033,11619.380128961748
1628,162.7033,11579.420460789084
1629,162.8033,11679.392820063691
1630,162.9033,11677.749881657706
1631,163.0033,11796.795178350745
1632,163.1033,11603.824234630869
1633,163.2033,11494.698097531118
1634,163.3033,11494.81746196381
1635,163.4033,11554.093941981095
1636,163.5033,11361.047561254047
1637,163.6033,11643.491143080499
1638,163.7033,11264.69919035432
1639,163.8033,11727.58326142487
1640,163.9033,11530.3077678804
1641,164.0033,11305.457340938348
1642,164.1033,11450.043302152259
1643,164.2033,11258.47327500182
1644,164.3033,11540.440107335982
1645,164.4033,11493.079822702175
1646,164.5033,11390.372045095524
1647,164.6033,11437.92923163707
1648,164.7033,10937.549960347602
1649,164.8033,11265.44809691757
1650,164.9033,11098.529755693655
1651,165.0033,11638.187233919802
1652,165.1033,10963.894055221273
1653,165.2033,11158.163649754215
1654,165.3033,11127.806385186728
1655,165.4033,11155.460472354393
1656,165.5033,11660.404774447325
1657,165.6033,11523.886839260129
1658,165.7033,11237.564205428907
1659,165.8033,11242.79367494698
1660,165.9033,11084.902164478875
1661,166.0033,11400.699673518526
1662,166.1033,11096.478594418642
1663,166.2033,11167.603105062066
1664,166.3033,11231.581963453818
1665,166.4033,11237.177377192993
1666,166.5033,10951.501571521367
1667,166.6033,11114.053096508125
1668,166.7033,11103.24313833777
1669,166.8033,11408.659628299016
1670,166.9033,11225.885377536111
1671,167.0033,11283.700080840388
1672,167.1033,11082.8807246658
1673,167.2033,11600.94898697943
1674,167.3033,11171.08963091916
1675,167.4033,11329.431610438642
1676,167.5034,11264.907579162358
1677,167.6034,11156.766766279286
1678,167.7034,11286.321253964727
1679,167.8034,11404.01828986422
1680,167.9034,11423.479501676447
1681,168.0034,11068.009661792707
1682,168.1034,11410.664145024484
1683,168.2034,11494.209553051312
1684,168.3034,11271.850477929562
1685,168.4034,11254.846843342277
1686,168.5034,11089.84450562676
1687,168.6034,10965.189867292014
1688,168.7034,10783.038963583795
1689,168.8034,11075.099955797468
1690,168.9034,11321.907159783166
1691,169.0034,11282.58064427823
1692,169.1034,11145.222666789208
1693,169.2034,11349.418774326457
1694,169.3034,11588.853312302319
1695,169.4034,11359.04325467116
1696,169.5034,11110.244574252327
1697,169.6034,11306.180489178621
1698,169.7034,11265.062817818867
1699,169.8034,11353.144136959749
1700,169.9034,11238.842499577346
1701,170.0034,11338.091187889791
1702,170.1034,11077.734912011583
1703,170.2034,11054.364199709727
1704,170.3034,10888.9597635633
1705,170.4034,11085.594728259024
1706,170.5034,11024.863327839796
1707,170.6034,10903.534174341983
1708,170.7034,10805.01110053706
1709,170.8034,10723.206316027887
1710,170.9034,10919.264348541614
1711,171.0034,10952.637661672703
1712,171.1034,10940.636609545283
1713,171.2034,10892.810401699544
1714,171.3034,10638.685411814948
1715,171.4034,10977.8603794789
1716,171.5034,10813.868154730259
1717,171.6034,11027.161653476252
1718,171.7034,11045.040122823531
1719,171.8034,10984.939172146142
1720,171.9034,10964.010027654946
1721,172.0034,11155.215686467545
1722,172.1034,11037.593289085053
1723,172.2034,11041.375801270482
1724,172.3034,10976.979918121422
1725,172.4034,10952.558692862809
1726,172.5035,11166.453183234498
1727,172.6035,11130.256768106417
1728,172.7035,11243.496031276365
1729,172.8035,11031.095289616725
1730,172.9035,10970.077810797251
1731,173.0035,10921.536482050886
1732,173.1035,10882.74695179878
1733,173.2035,11071.150821797335
1734,173.3035,11362.456830076
1735,173.4035,11140.259527790522
1736,173.5035,11116.412573867354
1737,173.6035,11004.56774950445
1738,173.7035,11179.014361631436
1739,173.8035,10833.768870062655
1740,173.9035,10842.648304595632
1741,174.0035,10908.536627438083
1742,174.1035,11030.656814528664
1743,174.2035,10823.835884660935
1744,174.3035,11108.177295692338
1745,174.4035,10611.696964365681
1746,174.5035,10641.105660935458
1747,174.6035,10858.862749437692
1748,174.7035,10825.995024812142
1749,174.8035,10610.11184216314
1750,174.9035,10839.494035375015
1751,175.0035,10604.9257089904
1752,175.1035,10789.83342614942
1753,175.2035,10801.5954354614
1754,175.3035,10425.747362180475
1755,175.4035,10582.889773081226
1756,175.5035,10703.096440146492
1757,175.6035,10694.467906478845
1758,175.7035,10888.82722663056
1759,175.8035,10714.591196355259
1760,175.9035,10796.248517343867
1761,176.0035,10440.279096700824
1762,176.1035,10653.981857188144
1763,176.2035,10651.673834008923
1764,176.3035,10834.408527900672
1765,176.4035,10803.322973599345
1766,176.5035,10767.117613578746
1767,176.6035,11047.406946966741
1768,176.7035,11311.598740222951
1769,176.8035,10921.070409362697
1770,176.9035,10770.868000310264
1771,177.0035,10842.847727313421
1772,177.1035,10974.36113456229
1773,177.2035,10693.624898043328
1774,177.3035,10467.640903156842
1775,177.4035,10758.826149979379
1776,177.5036,10944.724152768977
1777,177.6036,11075.91652346743
1778,177.7036,11158.598938752926
1779,177.8036,11273.736417677652
1780,177.9036,11062.666408036483
1781,178.0036,11043.239803524215
1782,178.1036,11166.837896230641
1783,178.2036,11076.550158872182
1784,178.3036,11277.797578158468
1785,178.4036,11236.786943105108
1786,178.5036,11444.844837517032
1787,178.6036,11294.592235761083
1788,178.7036,11193.176358339477
1789,178.8036,11093.967750684624
1790,178.9036,10968.93260863038
1791,179.0036,10935.179758556025
1792,179.1036,11057.138642691765
1793,179.2036,11231.704627651154
1794,179.3036,11366.745502567708
1795,179.4036,11659.107168386392
1796,179.5036,11498.333668141202
1797,179.6036,11426.873144698973
1798,179.7036,11437.559689799864
1799,179.8036,11624.64600801698
1800,179.9036,11320.575862837175
1801,180.0036,11282.100957725408
1802,180.1036,11402.095611317045
1803,180.2036,11296.033254591111
1804,180.3036,11213.358900435445
1805,180.4036,11085.710870611063
1806,180.5036,11119.530464203595
1807,180.6036,10952.286067667352
1808,180.7036,11243.619825091979
1809,180.8036,11655.451437521986
1810,180.9036,11659.28913914665
1811,181.0036,11656.715140651275
1812,181.1036,11905.814861455832
1813,181.2036,11634.834373351172
1814,181.3036,11224.907169455037
1815,181.4036,11368.946444729458
1816,181.5036,11189.418757894644
1817,181.6036,10956.541773781819
1818,181.7036,10979.558387199413
1819,181.8036,10748.141344259673
1820,181.9036,11134.886508985255
1821,182.0036,10982.932868578997
1822,182.1036,10788.758066363687
1823,182.2036,10812.838059664045
1824,182.3036,11125.752722799174
1825,182.4036,10871.556886441025
1826,182.5036,10766.451355233306
1827,182.6037,10817.064879547113
1828,182.7037,11136.344981390534
1829,182.8037,10871.78345303568
1830,182.9037,10902.230777268742
1831,183.0037,11052.442432469266
1832,183.1037,10900.333863791853
1833,183.2037,10799.622162882917
1834,183.3037,10768.77629392362
1835,183.4037,10906.946391971082
1836,183.5037,11090.959605121434
1837,183.6037,10942.695957976133
1838,183.7037,10812.137148853642
1839,183.8037,10710.489137814973
1840,183.9037,10992.436430186586
1841,184.0037,10699.83431012051
1842,184.1037,10941.662329015875
1843,184.2037,10730.155225536542
1844,184.3037,10710.726826517553
1845,184.4037,10764.838678775004
1846,184.5037,10432.823773390734
1847,184.6037,10734.801571471218
1848,184.7037,10636.684123360947
1849,184.8037,10791.047466150429
1850,184.9037,10950.924742893383
1851,185.0037,10505.860428751577
1852,185.1037,10862.292328073601
1853,185.2037,10763.05470372912
1854,185.3037,10912.363459697499
1855,185.4037,11012.690726828454
1856,185.5037,11007.14513751174
1857,185.6037,11038.499835788803
1858,185.7037,10877.947211271756
1859,185.8037,10759.007396863331
1860,185.9037,11002.666899744085
1861,186.0037,10955.013709741082
1862,186.1037,10733.024708582887
1863,186.2037,10940.998906512703
1864,186.3037,11079.895871111788
1865,186.4037,11164.242967322305
1866,186.5037,11097.941824833963
1867,186.6037,11070.886773996443
1868,186.7037,11050.102514221227
1869,186.8037,11219.225297911911
1870,186.9037,11049.106304935418
1871,187.0037,10801.293107521991
1872,187.1037,10848.980827434505
1873,187.2037,10958.839469007005
1874,187.3037,11171.098083964176
1875,187.4037,10717.962413930456
1876,187.5037,10855.913942883035
1877,187.6038,11099.071318694589
1878,187.7038,10835.864380203904
1879,187.8038,10986.309611075327
1880,187.9038,10928.484795080527
1881,188.0038,10843.127548750506
1882,188.1038,11323.13682823412
1883,188.2038,10848.084800548217
1884,188.3038,11092.222389403069
1885,188.4038,11014.377655720247
1886,188.5038,11105.717565897005
1887,188.6038,11218.439796569832
1888,188.7038,10872.84207344258
1889,188.8038,11057.287425589408
1890,188.9038,10921.9982517196
1891,189.0038,10976.110077988122
1892,189.1038,11083.325692986155
1893,189.2038,10971.482282995234
1894,189.3038,10688.880642945032
1895,189.4038,10822.725951576664
1896,189.5038,11146.604422008475
1897,189.6038,11053.726925075125
1898,189.7038,11034.295092261284
1899,189.8038,11012.47880464944
1900,189.9038,11352.165537309293
1901,190.0038,11068.580099447
1902,190.1038,11166.588714010459
1903,190.2038,11412.600615451043
1904,190.3038,11012.425283475908
1905,190.4038,11342.209917549993
1906,190.5038,11130.384367364868
1907,190.6038,11184.840583955425
1908,190.7038,11443.201524860191
1909,190.8038,11529.529983845227
1910,190.9038,11384.168627695106
1911,191.0038,11430.78754904847
1912,191.1038,11539.246981389806
1913,191.2038,11524.613170066375
1914,191.3038,11700.940019087608
1915,191.4038,11758.211612098916
1916,191.5038,11690.31594041133
1917,191.6038,11428.75095565369
1918,191.7038,11831.111779779365
1919,191.8038,11392.237758244131
1920,191.9038,11516.483801489137
1921,192.0038,11527.92446760583
1922,192.1038,11369.339946893924
1923,192.2038,11688.392754251689
1924,192.3038,11652.938879861194
1925,192.4038,11489.275788749934
1926,192.5038,11462.65851407662
1927,192.6039,11518.713943232215
1928,192.7039,11562.742025597267
1929,192.8039,11462.670456639267
1930,192.9039,11816.882748324326
1931,193.0039,11222.523861016125
1932,193.1039,11584.783214561363
1933,193.2039,11378.703393975904
1934,193.3039,11223.368626322579
1935,193.4039,11461.041851043527
1936,193.5039,11415.597464338949
1937,193.6039,11395.941526526132
1938,193.7039,11414.577221307627
1939,193.8039,11459.32765171254
1940,193.9039,11301.06518851335
1941,194.0039,11494.584997579777
1942,194.1039,11531.274568555082
1943,194.2039,11459.28858733972
1944,194.3039,11167.08640836612
1945,194.4039,11243.389782958673
1946,194.5039,11217.25187112835
1947,194.6039,11498.150708723164
1948,194.7039,11358.58116428866
1949,194.8039,11208.591283909016
1950,194.9039,11246.409133798657
1951,195.0039,11182.340193895308
1952,195.1039,11177.989236371504
1953,195.2039,11141.778566672496
1954,195.3039,11226.221840250064
1955,195.4039,10918.106266496403
1956,195.5039,11036.124682668777
1957,195.6039,11181.442270707601
1958,195.7039,10912.615032698788
1959,195.8039,11191.003164994407
1960,195.9039,11135.401938376732
1961,196.0039,11119.717146621699
1962,196.1039,11262.691906524438
1963,196.2039,11187.007174844342
1964,196.3039,10910.418781054828
1965,196.4039,10739.339299422547
1966,196.5039,11045.516182988074
1967,196.6039,10927.282592019857
1968,196.7039,10955.3156247004
1969,196.8039,11104.282530343677
1970,196.9039,11053.60857380389
1971,197.0039,11428.88252311999
1972,197.1039,11321.289863750737
1973,197.2039,11017.261991999629
1974,197.3039,11148.207015576354
1975,197.4039,11347.124882855082
1976,197.504,11412.79453941287
1977,197.604,11001.541966829705
1978,197.704,11229.875574323383
1979,197.804,11176.406828437608
1980,197.904,11246.900381686315
1981,198.004,11339.765189657504
1982,198.104,11216.215540408773
1983,198.204,11150.34602375721
1984,198.304,11048.19650774439
1985,198.404,11081.760580366878
1986,198.504,10666.096936953956
1987,198.604,10507.810681689187
1988,198.704,10878.034934363086
1989,198.804,11092.178965227235
1990,198.904,10910.5901261587
1991,199.004,11191.174846909822
1992,199.104,11096.11169335645
1993,199.204,11128.6474955516
1994,199.304,10879.573083378427
1995,199.404,10900.686981221312
1996,199.504,11046.890816911435
1997,199.604,10976.850694577122
1998,199.704,11006.394299586545
1999,199.804,11215.802101033361
2000,199.904,11185.24046845028
2001,200.0,11255.411475475015
