Frame,Time (ns),Solvent Accessible Surface Area 2 (3098 at...
1,0.0,9354.805948262696
2,0.1,9484.249549240963
3,0.2,9642.344028733718
4,0.3,9702.846838573181
5,0.4,9646.38641044659
6,0.5,9762.178911056511
7,0.6,9760.618013386294
8,0.7,9795.525296662256
9,0.8,10061.177568339226
10,0.9,10057.721494900281
11,1.0,9906.655961173185
12,1.1,9958.92435661245
13,1.2,9961.696852927997
14,1.3,10120.360922196292
15,1.4,9805.490518949042
16,1.5,9943.801072823693
17,1.6,9905.904931745818
18,1.7,10031.474062220828
19,1.8,9995.32785755887
20,1.9,10052.634270240727
21,2.0,10033.692420937226
22,2.1,9811.55734638701
23,2.2,9911.746603050378
24,2.3,9966.565382037961
25,2.4,10020.531329080826
26,2.5001,10095.326137379003
27,2.6001,9936.273432879241
28,2.7001,10163.074758381323
29,2.8001,9973.400444751713
30,2.9001,9790.388107532068
31,3.0001,9816.921126914687
32,3.1001,10073.144578438463
33,3.2001,9969.844550686805
34,3.3001,10026.170384960855
35,3.4001,9967.609430006043
36,3.5001,9963.699987150792
37,3.6001,9997.529696764155
38,3.7001,9830.03934652081
39,3.8001,10131.12955028685
40,3.9001,10027.836884054776
41,4.0001,10055.670966300637
42,4.1001,9998.101030693326
43,4.2001,9946.755707789538
44,4.3001,9963.255181953364
45,4.4001,10054.070302123817
46,4.5001,9868.611362069156
47,4.6001,9829.312053640413
48,4.7001,9809.228444377106
49,4.8001,9745.016101409801
50,4.9001,9847.844260139513
51,5.0001,9945.249373636774
52,5.1001,9557.959733307984
53,5.2001,9528.114853486066
54,5.3001,9589.711995205618
55,5.4001,9807.492826646265
56,5.5001,10080.967976828137
57,5.6001,10024.743518059066
58,5.7001,9985.998221924869
59,5.8001,10211.593937005358
60,5.9001,10279.777491978764
61,6.0001,10344.454806718744
62,6.1001,10481.40890093058
63,6.2001,10348.998145531988
64,6.3001,10290.397718874472
65,6.4001,10144.400839650529
66,6.5001,10419.917369958132
67,6.6001,10252.093452844128
68,6.7001,10018.339892260412
69,6.8001,10389.986049386596
70,6.9001,10461.716654409856
71,7.0001,10328.07790873355
72,7.1001,10172.185143237588
73,7.2001,10317.704720653051
74,7.3001,10232.656711597221
75,7.4001,10344.223290217888
76,7.5002,10118.550615948036
77,7.6002,10055.853211879383
78,7.7002,10351.603161733725
79,7.8002,10265.040119115847
80,7.9002,10273.36921700827
81,8.0002,10176.08011165009
82,8.1002,9983.147033696287
83,8.2002,10027.312685208488
84,8.3002,10011.860837282626
85,8.4002,9942.408525444293
86,8.5002,9704.4309905927
87,8.6002,9895.645655819853
88,8.7002,9976.340122384896
89,8.8002,10007.495645425228
90,8.9002,9919.816719555134
91,9.0002,10181.101146470637
92,9.1002,9994.630871264728
93,9.2002,9845.516043470507
94,9.3002,10172.581895614876
95,9.4002,10154.492451667165
96,9.5002,10388.6687059805
97,9.6002,10094.787941019364
98,9.7002,10171.057230860248
99,9.8002,10357.570253599892
100,9.9002,10405.337761496665
101,10.0002,10244.48515046687
102,10.1002,10683.896105348615
103,10.2002,10366.70796885429
104,10.3002,10688.287628141785
105,10.4002,10683.44876987261
106,10.5002,10510.386320607839
107,10.6002,10478.889724324032
108,10.7002,10160.516909148375
109,10.8002,10140.485780648225
110,10.9002,10417.754335798798
111,11.0002,10341.63474602611
112,11.1002,10557.92744835901
113,11.2002,10489.519391825226
114,11.3002,10433.329234460007
115,11.4002,10654.84521154155
116,11.5002,10414.078602357959
117,11.6002,10479.545824989682
118,11.7002,10653.100995492856
119,11.8002,10705.866609144436
120,11.9002,10594.516026021945
121,12.0002,10318.857563615742
122,12.1002,10515.277890702544
123,12.2002,10450.369529157477
124,12.3002,10563.762062782898
125,12.4002,10644.834135094141
126,12.5002,10726.852245970676
127,12.6003,10589.711028939239
128,12.7003,10716.562894885476
129,12.8003,10692.579724927864
130,12.9003,10385.239461350551
131,13.0003,10309.829656731563
132,13.1003,10326.02456934027
133,13.2003,10355.832262281667
134,13.3003,10383.608652255582
135,13.4003,10514.487176128103
136,13.5003,10490.732867828357
137,13.6003,10446.765761539506
138,13.7003,10391.467000111474
139,13.8003,10362.463047789397
140,13.9003,10263.193072824342
141,14.0003,10450.837149573588
142,14.1003,10432.987080086183
143,14.2003,10330.623281723723
144,14.3003,10416.816436770561
145,14.4003,10544.6564181598
146,14.5003,10520.125669239163
147,14.6003,10502.006090936096
148,14.7003,10555.848052879326
149,14.8003,10484.441720078608
150,14.9003,10434.978823505377
151,15.0003,10530.12677905562
152,15.1003,10572.825331335747
153,15.2003,10692.551934900515
154,15.3003,10600.5141435823
155,15.4003,10449.261235311951
156,15.5003,10363.966839916548
157,15.6003,10673.813257004269
158,15.7003,10481.643383802932
159,15.8003,10575.16515540457
160,15.9003,10368.536115320947
161,16.0003,10456.502550355857
162,16.1003,10341.613992594703
163,16.2003,10256.165574724328
164,16.3003,10087.268136016146
165,16.4003,10230.562861744762
166,16.5003,10460.535494848722
167,16.6003,10278.338983609701
168,16.7003,10368.583248577164
169,16.8003,10284.938688750331
170,16.9003,10788.451712388916
171,17.0003,10544.01635349456
172,17.1003,10685.982300518099
173,17.2003,10612.35929789978
174,17.3003,10476.586542219336
175,17.4003,10242.80964003228
176,17.5004,10245.65739956463
177,17.6004,10108.286798014362
178,17.7004,10207.515018251803
179,17.8004,10333.857373490453
180,17.9004,10348.011686574682
181,18.0004,10160.101552145667
182,18.1004,10223.397131745021
183,18.2004,10302.415221395975
184,18.3004,10452.343615676184
185,18.4004,10450.956114981545
186,18.5004,10141.857759574414
187,18.6004,10092.952804234661
188,18.7004,10306.749449974954
189,18.8004,10460.9581513481
190,18.9004,10379.613031871871
191,19.0004,10196.75121349058
192,19.1004,10196.537492756119
193,19.2004,10313.576626700606
194,19.3004,10245.391826115983
195,19.4004,10265.566204475948
196,19.5004,10113.179228725168
197,19.6004,10169.562056583214
198,19.7004,10181.089443648054
199,19.8004,10343.019442198827
200,19.9004,10216.398912462255
201,20.0004,10179.677350814747
202,20.1004,10180.196660932981
203,20.2004,10422.473465911038
204,20.3004,10173.716381059914
205,20.4004,10032.906529288275
206,20.5004,10066.88121226583
207,20.6004,9993.914440007582
208,20.7004,10212.484427465537
209,20.8004,10056.452819872235
210,20.9004,10065.206211267481
211,21.0004,10315.872510105415
212,21.1004,9982.549744524718
213,21.2004,10034.320420068716
214,21.3004,10072.601744371012
215,21.4004,10217.237496695998
216,21.5004,10029.611085435423
217,21.6004,10220.949360546907
218,21.7004,10236.287116697125
219,21.8004,10168.467857810723
220,21.9004,10228.796499578704
221,22.0004,10245.712332586152
222,22.1004,10235.995806796584
223,22.2004,10392.232946981627
224,22.3004,10285.104899439262
225,22.4004,10181.846493622854
226,22.5005,10583.489246272109
227,22.6005,10410.149601839497
228,22.7005,10416.746757345936
229,22.8005,10538.561942193986
230,22.9005,10498.377838963483
231,23.0005,10489.805359737093
232,23.1005,10303.129819200116
233,23.2005,10245.017732488515
234,23.3005,10170.520080154618
235,23.4005,10235.063972778185
236,23.5005,10407.56253789411
237,23.6005,10515.114159753603
238,23.7005,10554.992739336509
239,23.8005,10071.556085067743
240,23.9005,10364.418887184305
241,24.0005,10342.021482106737
242,24.1005,10436.290649906494
243,24.2005,10524.04399575822
244,24.3005,10414.084552000275
245,24.4005,10296.347200193548
246,24.5005,10417.418775928885
247,24.6005,10344.87256170417
248,24.7005,10289.941856100384
249,24.8005,10426.40447850436
250,24.9005,10529.826465163122
251,25.0005,10179.104090218394
252,25.1005,10279.734717382931
253,25.2005,10211.151839554319
254,25.3005,10276.855744538358
255,25.4005,10323.124180591827
256,25.5005,10410.304111637995
257,25.6005,10288.370598455058
258,25.7005,10513.71175549168
259,25.8005,10277.15002954316
260,25.9005,10373.564476048574
261,26.0005,10114.83929396747
262,26.1005,10044.151308545224
263,26.2005,10216.750501773346
264,26.3005,10302.85388691112
265,26.4005,10405.1713962617
266,26.5005,10415.092522060217
267,26.6005,10002.150558148756
268,26.7005,10439.27517071289
269,26.8005,10452.367942786565
270,26.9005,10212.953555721177
271,27.0005,10307.812694903405
272,27.1005,10479.699430161025
273,27.2005,10379.577348388097
274,27.3005,10507.94402290005
275,27.4005,10284.143272328893
276,27.5006,10349.477231597262
277,27.6006,10068.971194663003
278,27.7006,10029.982729492347
279,27.8006,10054.252114703637
280,27.9006,10282.63991925683
281,28.0006,10161.9886279691
282,28.1006,10189.348835689649
283,28.2006,10173.089433178659
284,28.3006,10425.378379983296
285,28.4006,10110.038916617315
286,28.5006,10098.825543405266
287,28.6006,10105.000529186738
288,28.7006,9977.292721507096
289,28.8006,9944.728289495504
290,28.9006,10105.080871620814
291,29.0006,10119.382265231789
292,29.1006,9956.942952225854
293,29.2006,9916.172627096243
294,29.3006,10001.91545149563
295,29.4006,10051.16473227921
296,29.5006,10212.471625439277
297,29.6006,9885.560209690088
298,29.7006,9953.036035024024
299,29.8006,9990.318135914289
300,29.9006,10138.252372960582
301,30.0006,10385.553585448371
302,30.1006,10021.514894323738
303,30.2006,9978.28066629793
304,30.3006,10010.788486701118
305,30.4006,10196.689039443629
306,30.5006,10122.721088992528
307,30.6006,10058.450072884993
308,30.7006,10393.63576218852
309,30.8006,10020.890473016336
310,30.9006,10164.76854193794
311,31.0006,10346.884190339666
312,31.1006,10231.365556861268
313,31.2006,10109.599723470563
314,31.3006,9861.441187361044
315,31.4006,10147.121596932486
316,31.5006,10138.834701940696
317,31.6006,9917.14382121515
318,31.7006,9792.44879992712
319,31.8006,9750.727796761876
320,31.9006,9969.116868279065
321,32.0006,9855.168395420853
322,32.1006,10075.510625211213
323,32.2006,9956.252917608566
324,32.3006,9860.950526340683
325,32.4006,9708.762745475906
326,32.5007,9937.793027673968
327,32.6007,9945.171287064182
328,32.7007,9919.717711318614
329,32.8007,9757.238691161667
330,32.9007,9853.343822160634
331,33.0007,9703.44819637957
332,33.1007,9978.857411659419
333,33.2007,10088.463864074387
334,33.3007,10022.706109940715
335,33.4007,9988.834320839598
336,33.5007,9814.359089558067
337,33.6007,9917.978278034709
338,33.7007,9807.987274819348
339,33.8007,9836.58829250123
340,33.9007,9894.047941679852
341,34.0007,9919.893910383078
342,34.1007,9879.114084571464
343,34.2007,9943.716477183156
344,34.3007,10094.710106751365
345,34.4007,9969.764059618732
346,34.5007,9838.98595121223
347,34.6007,9742.278362221901
348,34.7007,9907.673568159864
349,34.8007,9895.722592880338
350,34.9007,9977.888480803067
351,35.0007,9928.243668689081
352,35.1007,10068.279870867034
353,35.2007,10198.198667088198
354,35.3007,10055.089203049263
355,35.4007,9940.486318956628
356,35.5007,9869.627857633122
357,35.6007,9835.901296142083
358,35.7007,9744.914113372612
359,35.8007,9786.45580927586
360,35.9007,10015.564704371183
361,36.0007,9872.055315155882
362,36.1007,9833.636362627185
363,36.2007,9967.778054338492
364,36.3007,9926.052832860256
365,36.4007,9931.511084749813
366,36.5007,9985.44728084906
367,36.6007,9943.928791652223
368,36.7007,9771.625023642202
369,36.8007,9947.049096699466
370,36.9007,10130.902185162206
371,37.0007,9901.488036498358
372,37.1007,10093.93972425377
373,37.2007,9784.179395362164
374,37.3007,9898.818148508682
375,37.4007,9939.763660609615
376,37.5007,9612.657386676841
377,37.6008,9810.248954944453
378,37.7008,9544.213959298873
379,37.8008,9795.596865205658
380,37.9008,9969.101404334171
381,38.0008,9990.031600869659
382,38.1008,9985.862645868658
383,38.2008,10126.005125018635
384,38.3008,9885.268610425068
385,38.4008,9999.638060494222
386,38.5008,9966.245420503592
387,38.6008,9836.309290388985
388,38.7008,10073.880277106124
389,38.8008,9976.757650513031
390,38.9008,9864.563047433312
391,39.0008,9894.77305462056
392,39.1008,9940.364225818736
393,39.2008,9890.853630737773
394,39.3008,9848.711667420748
395,39.4008,10234.383548414262
396,39.5008,10174.495964063044
397,39.6008,10038.229047749435
398,39.7008,10405.489648148596
399,39.8008,10168.743707796913
400,39.9008,10171.468962848521
401,40.0008,10168.14210521896
402,40.1008,10001.18402783499
403,40.2008,9922.002681382453
404,40.3008,10157.583727535479
405,40.4008,10131.202351646476
406,40.5008,9950.464049212642
407,40.6008,10000.336618745938
408,40.7008,10057.486955703382
409,40.8008,10087.759907899463
410,40.9008,10020.613911350247
411,41.0008,10201.056966874816
412,41.1008,10077.693017698537
413,41.2008,10348.333086985132
414,41.3008,10400.517912436779
415,41.4008,10376.627153562244
416,41.5008,10211.061525303381
417,41.6008,10310.947422560861
418,41.7008,10241.860200968333
419,41.8008,10285.147573784361
420,41.9008,9985.671060004712
421,42.0008,10154.712084664618
422,42.1008,9989.537185293371
423,42.2008,10165.56489325983
424,42.3008,9951.357557762709
425,42.4008,10109.746139119728
426,42.5008,9978.075685603793
427,42.6009,10070.93589984153
428,42.7009,9931.605036501436
429,42.8009,9991.146015018112
430,42.9009,10198.88396201043
431,43.0009,9899.48628438648
432,43.1009,10013.656072504433
433,43.2009,10291.285048746047
434,43.3009,10352.018424773098
435,43.4009,9988.567318702184
436,43.5009,10201.07544271611
437,43.6009,10166.79059800351
438,43.7009,10197.85467510766
439,43.8009,10339.90149388625
440,43.9009,10388.75948808624
441,44.0009,10402.673731987155
442,44.1009,10384.668872536071
443,44.2009,10122.135872477851
444,44.3009,10292.143850861668
445,44.4009,10190.00398920193
446,44.5009,10317.248470586324
447,44.6009,10401.530523394511
448,44.7009,10293.924853411087
449,44.8009,10318.899409669415
450,44.9009,10348.022256840246
451,45.0009,9917.359422196194
452,45.1009,10380.414598899617
453,45.2009,10052.050566768634
454,45.3009,10102.81762745047
455,45.4009,10328.955647747827
456,45.5009,10406.036412256755
457,45.6009,10300.625702968588
458,45.7009,10305.873545693014
459,45.8009,10369.473767104693
460,45.9009,10464.717416794194
461,46.0009,10428.038321652532
462,46.1009,10189.683676052493
463,46.2009,10102.849275824708
464,46.3009,10092.641191208391
465,46.4009,10078.272930655656
466,46.5009,10104.420227006376
467,46.6009,10299.933875272083
468,46.7009,10110.440321918511
469,46.8009,10138.55778562031
470,46.9009,9980.816046560676
471,47.0009,10119.635781623458
472,47.1009,10034.245505808281
473,47.2009,10057.697745062806
474,47.3009,10160.811988136651
475,47.4009,10260.881454190267
476,47.501,10297.789048388877
477,47.601,10395.988398644544
478,47.701,10146.86072107981
479,47.801,10029.90200534377
480,47.901,10192.874871437643
481,48.001,9948.130460287985
482,48.101,10415.311022376345
483,48.201,10243.194277009921
484,48.301,10147.237932038992
485,48.401,10362.598129384482
486,48.501,10381.652658423225
487,48.601,10438.762022548619
488,48.701,10406.765541843519
489,48.801,10286.350945790608
490,48.901,10159.662988566311
491,49.001,10024.214151216327
492,49.101,10267.642640479218
493,49.201,10282.870330739937
494,49.301,10122.892867396595
495,49.401,10237.086921755777
496,49.501,10199.802349873851
497,49.601,9883.699516897586
498,49.701,10142.294336821971
499,49.801,10186.154676664968
500,49.901,10264.830570794375
501,50.001,10236.586597034418
502,50.101,10061.59062168016
503,50.201,10319.656388092297
504,50.301,10206.497910500742
505,50.401,10124.868689902836
506,50.501,10104.093644785049
507,50.601,10261.1737362365
508,50.701,10136.285522594919
509,50.801,10162.436280360176
510,50.901,10193.394056674559
511,51.001,10157.317683158051
512,51.101,10316.122819832904
513,51.201,10559.72852151116
514,51.301,10479.431936869238
515,51.401,10102.663325607786
516,51.501,10262.199367047431
517,51.601,10044.978856066948
518,51.701,9908.233736749284
519,51.801,10048.547439590635
520,51.901,9863.618032544255
521,52.001,10079.29977091901
522,52.101,10289.26532942943
523,52.201,10301.437587541186
524,52.301,9889.695010611144
525,52.401,10340.879515159875
526,52.5011,10253.696470367606
527,52.6011,10139.932949473015
528,52.7011,10173.194850590558
529,52.8011,10237.00842902515
530,52.9011,10203.787335854666
531,53.0011,10112.713053510672
532,53.1011,10004.632919535203
533,53.2011,9977.716112276074
534,53.3011,10312.579152635359
535,53.4011,10272.40208409742
536,53.5011,10372.889130799509
537,53.6011,10082.20568724793
538,53.7011,10017.102629293313
539,53.8011,9958.94037550654
540,53.9011,9804.579083433497
541,54.0011,9946.21941867007
542,54.1011,9980.459486576021
543,54.2011,10139.355331374494
544,54.3011,10545.069122436209
545,54.4011,10271.915860483032
546,54.5011,10368.188852542584
547,54.6011,10407.680037500808
548,54.7011,10444.9313906771
549,54.8011,10295.368715458591
550,54.9011,10222.973055391722
551,55.0011,10066.206198502272
552,55.1011,10024.904441053242
553,55.2011,10095.278289957187
554,55.3011,10065.534254609502
555,55.4011,10010.814233172643
556,55.5011,9959.932035779904
557,55.6011,10293.5143009132
558,55.7011,10205.082349397078
559,55.8011,10312.260407382584
560,55.9011,10230.308336081076
561,56.0011,10318.574280942014
562,56.1011,9956.06968811362
563,56.2011,10204.78432674138
564,56.3011,10222.722402918838
565,56.4011,10173.90828901285
566,56.5011,10085.57182290929
567,56.6011,10152.224031264455
568,56.7011,10001.417134999563
569,56.8011,10025.435767177683
570,56.9011,10124.678781787257
571,57.0011,10261.715648491041
572,57.1011,10140.423444075195
573,57.2011,10162.410256672209
574,57.3011,10132.885178257986
575,57.4011,10050.511668092386
576,57.5012,10185.65279463809
577,57.6012,10067.990330664485
578,57.7012,10276.045660716034
579,57.8012,9988.792824146341
580,57.9012,10360.024231989353
581,58.0012,10317.806498608781
582,58.1012,10247.061521955955
583,58.2012,10402.781273244314
584,58.3012,10315.748817098576
585,58.4012,10405.684315184153
586,58.5012,10300.728619062931
587,58.6012,10193.446076017586
588,58.7012,10197.914765543126
589,58.8012,10183.135777336222
590,58.9012,10313.615104126067
591,59.0012,10280.059387885552
592,59.1012,10247.839649441643
593,59.2012,10205.22171165286
594,59.3012,10277.960098457941
595,59.4012,10107.389594299379
596,59.5012,10191.146449216572
597,59.6012,10171.238849303882
598,59.7012,10168.799441676736
599,59.8012,10448.551155684132
600,59.9012,10337.472935040802
601,60.0012,10122.928778552556
602,60.1012,10090.679840369821
603,60.2012,10090.305416313875
604,60.3012,10202.558960337015
605,60.4012,10192.089337015237
606,60.5012,10164.523733012533
607,60.6012,10138.08952100075
608,60.7012,9806.537678392919
609,60.8012,9974.536424759484
610,60.9012,10166.149163534612
611,61.0012,10130.286331173676
612,61.1012,9992.03598200233
613,61.2012,9830.407046478882
614,61.3012,10069.916751775934
615,61.4012,9984.981189831247
616,61.5012,9970.082576964283
617,61.6012,9896.184251831899
618,61.7012,9921.175275206437
619,61.8012,10248.353509899604
620,61.9012,10218.845920701822
621,62.0012,9931.05734263678
622,62.1012,10111.368466191228
623,62.2012,10051.32790933475
624,62.3012,10170.91712279733
625,62.4012,10083.618807149349
626,62.5012,10069.704777109375
627,62.6013,10124.642549839253
628,62.7013,10035.563246658809
629,62.8013,10227.290872691574
630,62.9013,10152.411907819018
631,63.0013,10113.078509792067
632,63.1013,10160.734103512039
633,63.2013,10163.233281709323
634,63.3013,10224.095909041203
635,63.4013,10319.01050781609
636,63.5013,9925.966515781207
637,63.6013,10076.094858334913
638,63.7013,10467.189835487161
639,63.8013,10157.566620782558
640,63.9013,9937.638949734299
641,64.0013,10000.008128701764
642,64.1013,10101.229297895285
643,64.2013,9924.98797357175
644,64.3013,9890.172557539485
645,64.4013,9829.993820760374
646,64.5013,9954.615113121794
647,64.6013,10131.403582767987
648,64.7013,10204.656347529755
649,64.8013,10273.50278407764
650,64.9013,10171.559431474292
651,65.0013,10514.326963344469
652,65.1013,10335.248137420082
653,65.2013,10373.684707966826
654,65.3013,10229.142609869705
655,65.4013,10439.400480967131
656,65.5013,10157.72854314655
657,65.6013,10319.345602228283
658,65.7013,10416.428748452405
659,65.8013,10145.906516507182
660,65.9013,10511.895579787477
661,66.0013,10281.714095654212
662,66.1013,10229.468799265218
663,66.2013,10315.6963749106
664,66.3013,10360.642613191847
665,66.4013,10119.018946693242
666,66.5013,9912.710132041757
667,66.6013,9913.643524196925
668,66.7013,9810.27940470337
669,66.8013,9813.416076625683
670,66.9013,9978.654744963447
671,67.0013,9858.839252415855
672,67.1013,9921.26610940092
673,67.2013,9859.3447746487
674,67.3013,9982.122666430832
675,67.4013,9900.80896253871
676,67.5014,9603.32361055835
677,67.6014,9663.469599047892
678,67.7014,10061.80203511107
679,67.8014,10013.361789659664
680,67.9014,10078.517580224378
681,68.0014,9996.453425199987
682,68.1014,9888.548854502658
683,68.2014,9779.888952893647
684,68.3014,9771.159204536161
685,68.4014,9613.119819118921
686,68.5014,9878.448865812832
687,68.6014,9907.017185059061
688,68.7014,9911.754534108519
689,68.8014,9893.088307400501
690,68.9014,9933.621043430607
691,69.0014,9985.012367066804
692,69.1014,9898.671575109182
693,69.2014,9675.531997833119
694,69.3014,9874.835814175312
695,69.4014,9813.93496090862
696,69.5014,9875.011315513408
697,69.6014,9784.139795248782
698,69.7014,9825.07059809272
699,69.8014,9703.436059800128
700,69.9014,9650.04423019482
701,70.0014,9800.961246817467
702,70.1014,9863.059319439506
703,70.2014,9690.967584850947
704,70.3014,9559.038592108904
705,70.4014,9829.578209795847
706,70.5014,9896.803916842768
707,70.6014,10069.827097987589
708,70.7014,9663.154759707935
709,70.8014,10024.031507819582
710,70.9014,9887.510115012175
711,71.0014,10152.587158591094
712,71.1014,10290.29585696381
713,71.2014,10356.802868638455
714,71.3014,9918.827246681913
715,71.4014,9879.219867315956
716,71.5014,10008.150640499103
717,71.6014,9864.78611427906
718,71.7014,9904.412384413701
719,71.8014,10004.36033983473
720,71.9014,9908.015330979206
721,72.0014,10226.320717564739
722,72.1014,9990.346833303653
723,72.2014,10205.389136572387
724,72.3014,10202.069928177134
725,72.4014,9960.48330295577
726,72.5014,9843.626787041
727,72.6015,10059.39981172443
728,72.7015,9994.262925808192
729,72.8015,10049.17976417104
730,72.9015,9974.078542786912
731,73.0015,9971.281535719392
732,73.1015,9815.61120024864
733,73.2015,9964.644120288483
734,73.3015,9844.582359272123
735,73.4015,10002.459946358444
736,73.5015,10027.59680393937
737,73.6015,9833.685496442688
738,73.7015,9979.50480024965
739,73.8015,9912.086063063478
740,73.9015,10016.77065949998
741,74.0015,9872.434921395416
742,74.1015,10015.20757878266
743,74.2015,9836.73114296541
744,74.3015,9907.633239144452
745,74.4015,9839.761698706752
746,74.5015,9750.489183257589
747,74.6015,9944.426713819868
748,74.7015,9982.534989533287
749,74.8015,10027.977210170411
750,74.9015,9967.490896709602
751,75.0015,10151.065753567484
752,75.1015,10306.450038033534
753,75.2015,10085.467142778825
754,75.3015,9764.449519537528
755,75.4015,9700.771313958416
756,75.5015,10011.930344522414
757,75.6015,9656.154256322323
758,75.7015,9725.791966272902
759,75.8015,9766.561602903488
760,75.9015,9785.026396851583
761,76.0015,9801.68711864153
762,76.1015,9632.109932874728
763,76.2015,9811.352481768847
764,76.3015,9978.819600333036
765,76.4015,9855.97090021312
766,76.5015,9924.830778678945
767,76.6015,9929.05990504314
768,76.7015,9910.296577590267
769,76.8015,10058.284652195207
770,76.9015,9724.212408547757
771,77.0015,9947.4503832383
772,77.1015,10008.104754064665
773,77.2015,10151.55789596423
774,77.3015,10068.454022668486
775,77.4015,9776.485914526036
776,77.5016,9987.365821324538
777,77.6016,10062.038064769673
778,77.7016,10091.186336848052
779,77.8016,10295.481672911128
780,77.9016,9996.557490195875
781,78.0016,10131.894254005872
782,78.1016,10203.896035165531
783,78.2016,10093.219459003585
784,78.3016,9959.341267738431
785,78.4016,9956.772981367638
786,78.5016,9894.03106182027
787,78.6016,9862.153899351506
788,78.7016,9872.273193175919
789,78.8016,9663.265217239425
790,78.9016,9632.327942890757
791,79.0016,9577.240449551015
792,79.1016,9793.363873682
793,79.2016,9839.75501623129
794,79.3016,9634.632189933298
795,79.4016,9837.861124308296
796,79.5016,9868.804781236548
797,79.6016,10052.84849049635
798,79.7016,9777.299720427423
799,79.8016,9768.945518086723
800,79.9016,9964.063684281513
801,80.0016,9904.415670470986
802,80.1016,10009.5950596035
803,80.2016,9894.89969465391
804,80.3016,9838.884708479858
805,80.4016,9979.114411130016
806,80.5016,10099.591763368082
807,80.6016,10252.480804773166
808,80.7016,10081.392143342486
809,80.8016,9927.434579110222
810,80.9016,10015.319770394264
811,81.0016,10005.864459952789
812,81.1016,10127.74773415442
813,81.2016,10285.379714308772
814,81.3016,9910.01215434393
815,81.4016,10083.2278031298
816,81.5016,10325.714435413429
817,81.6016,10083.468444434724
818,81.7016,10008.308539741021
819,81.8016,9860.477750111937
820,81.9016,9742.086420090336
821,82.0016,9776.130346691654
822,82.1016,9768.511407693693
823,82.2016,9930.03186922388
824,82.3016,9937.277526812131
825,82.4016,9913.228224312537
826,82.5017,9935.451337432778
827,82.6017,9983.762507148609
828,82.7017,10119.03659801388
829,82.8017,10161.841619687415
830,82.9017,10159.148450257835
831,83.0017,10105.00776647698
832,83.1017,9666.75320642221
833,83.2017,9997.113054975067
834,83.3017,9960.674224908824
835,83.4017,10044.609939452559
836,83.5017,9852.231767691293
837,83.6017,9765.65572130047
838,83.7017,10043.392319335862
839,83.8017,9966.563617030133
840,83.9017,9954.656766900145
841,84.0017,9961.96620768554
842,84.1017,9880.572115749172
843,84.2017,10011.45259490927
844,84.3017,10057.940064822531
845,84.4017,9879.370457776971
846,84.5017,9855.293090555342
847,84.6017,10065.971625659406
848,84.7017,10153.531582527006
849,84.8017,10062.735190825793
850,84.9017,9779.304653613097
851,85.0017,9940.530539578023
852,85.1017,9850.69034529327
853,85.2017,9743.58215583261
854,85.3017,9700.998315926226
855,85.4017,9896.335002526417
856,85.5017,9654.89389102671
857,85.6017,9780.539890916836
858,85.7017,9736.126268333355
859,85.8017,10032.311858097879
860,85.9017,9779.247640408696
861,86.0017,9735.916874005778
862,86.1017,9851.49058677762
863,86.2017,9836.425126926066
864,86.3017,10069.197737697308
865,86.4017,10021.479129215915
866,86.5017,10018.57132469896
867,86.6017,9887.609722848338
868,86.7017,9871.262254582398
869,86.8017,9988.499400029852
870,86.9017,9740.395869214874
871,87.0017,9932.015855277385
872,87.1017,9855.862763248266
873,87.2017,9883.913002290516
874,87.3017,10036.88701104031
875,87.4017,9911.63683140624
876,87.5018,9890.045687665464
877,87.6018,10162.91285775396
878,87.7018,10050.982411773166
879,87.8018,9785.182099084714
880,87.9018,9663.056837179049
881,88.0018,9820.318811814417
882,88.1018,9945.05033777392
883,88.2018,9901.332860419996
884,88.3018,9695.730287665612
885,88.4018,9837.11422263409
886,88.5018,10021.622025737901
887,88.6018,10035.679662349818
888,88.7018,10159.773703887733
889,88.8018,9966.11698720485
890,88.9018,9943.806041770702
891,89.0018,10043.170223083962
892,89.1018,10040.305667472596
893,89.2018,9722.857855443533
894,89.3018,9677.379214839682
895,89.4018,9604.25725463941
896,89.5018,9773.920572173327
897,89.6018,9537.891026630734
898,89.7018,9496.330002362492
899,89.8018,9357.320477395944
900,89.9018,9610.072924586015
901,90.0018,9677.116106487116
902,90.1018,9861.802338170462
903,90.2018,9785.868382320397
904,90.3018,9635.465426210043
905,90.4018,9732.873564117077
906,90.5018,9537.900768262298
907,90.6018,9899.641208966903
908,90.7018,9922.409627603278
909,90.8018,10175.896573219168
910,90.9018,9968.00860846765
911,91.0018,9781.635210074977
912,91.1018,10045.218511759373
913,91.2018,9778.65040471806
914,91.3018,9780.980614591292
915,91.4018,9942.306320425088
916,91.5018,9673.42911558159
917,91.6018,9851.371184898575
918,91.7018,9829.638672714935
919,91.8018,9948.651904897586
920,91.9018,10000.166674942657
921,92.0018,9924.359988646966
922,92.1018,9674.389759677155
923,92.2018,9739.544006088641
924,92.3018,9795.456857138275
925,92.4018,9905.104710887104
926,92.5019,9761.214692250396
927,92.6019,9637.358514935295
928,92.7019,9672.6133661722
929,92.8019,9634.813989161157
930,92.9019,9683.02487194453
931,93.0019,9705.43934923377
932,93.1019,9696.830250443641
933,93.2019,9507.920369491365
934,93.3019,9699.289596541263
935,93.4019,9586.311869116225
936,93.5019,9637.550717132774
937,93.6019,9662.343642282489
938,93.7019,9690.852713712133
939,93.8019,9556.164733494534
940,93.9019,9867.709988743698
941,94.0019,9884.43069326825
942,94.1019,9906.792299201285
943,94.2019,9748.901581854225
944,94.3019,9995.930747304572
945,94.4019,9773.834442916448
946,94.5019,10013.154901835225
947,94.6019,9932.059322096438
948,94.7019,9704.088711692106
949,94.8019,9980.50515007852
950,94.9019,9929.286500443472
951,95.0019,9773.196642660372
952,95.1019,10105.150691532206
953,95.2019,10047.54134195483
954,95.3019,9879.619251306336
955,95.4019,9978.270731914918
956,95.5019,9871.018186069596
957,95.6019,9841.705755537354
958,95.7019,10048.97586676432
959,95.8019,9738.918951217673
960,95.9019,9734.246543706697
961,96.0019,9831.09020876981
962,96.1019,9859.325559033538
963,96.2019,10045.668726966767
964,96.3019,9947.18465921759
965,96.4019,9874.896298002901
966,96.5019,10022.295857281764
967,96.6019,9969.679017538674
968,96.7019,9653.956821320218
969,96.8019,9811.142972847352
970,96.9019,9864.824756853963
971,97.0019,10200.64314222467
972,97.1019,10119.153487710959
973,97.2019,10149.047510843433
974,97.3019,9957.623228146269
975,97.4019,9971.157197539418
976,97.5019,10159.323170497177
977,97.602,10013.358450012982
978,97.702,10069.066452786634
979,97.802,9835.864994915366
980,97.902,9906.976478859024
981,98.002,9696.254768522202
982,98.102,9834.487476121494
983,98.202,10205.057554788009
984,98.302,10021.52487616269
985,98.402,9975.20883200206
986,98.502,9711.963333318687
987,98.602,9852.513881150615
988,98.702,9697.441167070805
989,98.802,9986.575142447875
990,98.902,9938.212829685472
991,99.002,10103.825731844092
992,99.102,9927.599421790213
993,99.202,10039.333107349685
994,99.302,10095.487500537318
995,99.402,9779.960119029567
996,99.502,9804.84583963001
997,99.602,9849.200931032878
998,99.702,9905.750621816243
999,99.802,10006.27995728834
1000,99.902,9957.12465902875
1001,100.002,9983.421441045231
1002,100.102,9871.60887343386
1003,100.202,10084.973020267777
1004,100.302,9900.708542917593
1005,100.402,10076.508811029322
1006,100.502,9959.951412068003
1007,100.602,9935.977137113778
1008,100.702,9905.407878463895
1009,100.802,10141.840435561955
1010,100.902,9817.208647160745
1011,101.002,9726.558156760973
1012,101.102,9997.735925380182
1013,101.202,9890.797938464428
1014,101.302,9838.917047508865
1015,101.402,9859.241259589233
1016,101.502,9739.404471503516
1017,101.602,9845.527897478407
1018,101.702,9801.43838056291
1019,101.802,9889.692958123273
1020,101.902,9862.426540326009
1021,102.002,10054.62383650608
1022,102.102,9794.401223632953
1023,102.202,9592.357490689355
1024,102.302,9680.469903973499
1025,102.402,9957.453381074438
1026,102.502,10057.362873995307
1027,102.6021,9941.912222670844
1028,102.7021,10038.114181553501
1029,102.8021,9984.666720140787
1030,102.9021,9880.113338848449
1031,103.0021,9900.139229389297
1032,103.1021,10051.427325006509
1033,103.2021,10081.823991398032
1034,103.3021,9921.899805017782
1035,103.4021,10018.00861092304
1036,103.5021,9957.639865689202
1037,103.6021,10114.377499868207
1038,103.7021,10017.675048201456
1039,103.8021,10292.244508642867
1040,103.9021,10106.437681562584
1041,104.0021,10020.852721281246
1042,104.1021,9850.776086865462
1043,104.2021,10205.31945935446
1044,104.3021,9957.462977312685
1045,104.4021,10026.183295937946
1046,104.5021,10154.362730368313
1047,104.6021,10261.149889330092
1048,104.7021,10274.87262329151
1049,104.8021,10094.244034990304
1050,104.9021,10283.064562742053
1051,105.0021,9911.142089661671
1052,105.1021,9711.02035774629
1053,105.2021,9955.696817100772
1054,105.3021,9691.07463341958
1055,105.4021,9772.541443243315
1056,105.5021,9990.120285010762
1057,105.6021,10074.108229157759
1058,105.7021,9822.376584080994
1059,105.8021,9879.698131849724
1060,105.9021,9874.908775923823
1061,106.0021,10116.088690443643
1062,106.1021,9867.239591694426
1063,106.2021,9910.276525488069
1064,106.3021,10005.846108584052
1065,106.4021,10114.781382385829
1066,106.5021,10085.709741293927
1067,106.6021,10219.916975560423
1068,106.7021,10305.510274387405
1069,106.8021,10071.851517045381
1070,106.9021,10100.248620469863
1071,107.0021,10143.349378550753
1072,107.1021,9974.200058889668
1073,107.2021,9912.368265197956
1074,107.3021,9748.232211835522
1075,107.4021,10030.208177136177
1076,107.5022,10124.186014190958
1077,107.6022,10186.421668453402
1078,107.7022,10257.72143165166
1079,107.8022,10140.473856255536
1080,107.9022,10055.787348962114
1081,108.0022,10542.939139406577
1082,108.1022,10350.615435365826
1083,108.2022,10395.334427767553
1084,108.3022,10423.031631520646
1085,108.4022,10346.164327366774
1086,108.5022,10303.433205608952
1087,108.6022,10212.684481130742
1088,108.7022,10373.555337798307
1089,108.8022,10186.835837507073
1090,108.9022,10460.210189988706
1091,109.0022,10290.745737241255
1092,109.1022,10570.371303375801
1093,109.2022,10613.813863145673
1094,109.3022,10492.869754242629
1095,109.4022,10332.568452168282
1096,109.5022,10269.098366795575
1097,109.6022,10287.876659931148
1098,109.7022,10191.512725835577
1099,109.8022,10319.124576217453
1100,109.9022,10251.393466214362
1101,110.0022,10505.045157600658
1102,110.1022,10186.158307120466
1103,110.2022,10175.347551861616
1104,110.3022,10479.000051590387
1105,110.4022,10434.442075414017
1106,110.5022,10294.217874115404
1107,110.6022,10096.963541494562
1108,110.7022,10141.520167943909
1109,110.8022,10138.25146669074
1110,110.9022,10172.85749983836
1111,111.0022,10412.445924286063
1112,111.1022,10099.836012019663
1113,111.2022,9945.988596204494
1114,111.3022,10070.433472627705
1115,111.4022,9915.544920965142
1116,111.5022,10192.23716238786
1117,111.6022,10184.742769184859
1118,111.7022,10354.781709692403
1119,111.8022,10176.334485171976
1120,111.9022,10248.966555482719
1121,112.0022,10614.509633774744
1122,112.1022,10395.086762635317
1123,112.2022,10294.012218366697
1124,112.3022,10464.621927623102
1125,112.4022,10359.358044631008
1126,112.5023,9943.245641395159
1127,112.6023,10138.581213778358
1128,112.7023,10353.692071940777
1129,112.8023,10388.390516125308
1130,112.9023,10221.340146285338
1131,113.0023,10084.545011462535
1132,113.1023,10276.939525392803
1133,113.2023,10031.237488467834
1134,113.3023,10027.8993065705
1135,113.4023,10399.090340335311
1136,113.5023,10293.859527503244
1137,113.6023,10398.905657817933
1138,113.7023,10531.785670557405
1139,113.8023,10431.534042834006
1140,113.9023,10444.442548462766
1141,114.0023,10289.109064627246
1142,114.1023,10418.786370964443
1143,114.2023,10384.49501993867
1144,114.3023,10495.024573584744
1145,114.4023,10454.812791040453
1146,114.5023,10694.875800340362
1147,114.6023,10545.556434579219
1148,114.7023,10407.573769150222
1149,114.8023,10214.502737259661
1150,114.9023,10305.944816154919
1151,115.0023,10099.697301733153
1152,115.1023,10159.45467166924
1153,115.2023,10130.527992178944
1154,115.3023,10136.93915552565
1155,115.4023,10116.75263644714
1156,115.5023,10063.722293424305
1157,115.6023,10144.960491480997
1158,115.7023,9967.675494779009
1159,115.8023,10270.223980258339
1160,115.9023,10065.236174554593
1161,116.0023,10357.860657198953
1162,116.1023,10198.529085473383
1163,116.2023,10657.034883527132
1164,116.3023,10537.381846272227
1165,116.4023,10387.213363064424
1166,116.5023,10274.849718384072
1167,116.6023,10307.559973271578
1168,116.7023,10204.553418457137
1169,116.8023,10327.120260004749
1170,116.9023,10321.21956971717
1171,117.0023,10208.121876084499
1172,117.1023,10381.342351025121
1173,117.2023,10214.252983626888
1174,117.3023,10141.282044472124
1175,117.4023,10027.64100197098
1176,117.5024,10377.569612679532
1177,117.6024,10242.5995006453
1178,117.7024,10374.575230918983
1179,117.8024,10113.322908370825
1180,117.9024,10112.781259371488
1181,118.0024,10358.444422384895
1182,118.1024,10004.738400495122
1183,118.2024,10088.53949815883
1184,118.3024,10395.953371988455
1185,118.4024,10190.509101911142
1186,118.5024,10225.857991653897
1187,118.6024,10265.273495960235
1188,118.7024,10442.844369332199
1189,118.8024,10322.319746899844
1190,118.9024,10460.785495460741
1191,119.0024,10331.16211665826
1192,119.1024,10174.83538855348
1193,119.2024,10269.370467693554
1194,119.3024,10492.32334787072
1195,119.4024,10196.022212794065
1196,119.5024,10579.538989657725
1197,119.6024,10354.060007642016
1198,119.7024,10445.827896697609
1199,119.8024,10367.119341584923
1200,119.9024,10543.812692403384
1201,120.0024,10106.03793741918
1202,120.1024,10127.473996821353
1203,120.2024,10177.193667881302
1204,120.3024,10178.77026968092
1205,120.4024,10095.693090800474
1206,120.5024,10055.730297807184
1207,120.6024,10105.173341382748
1208,120.7024,10284.033041823492
1209,120.8024,10043.708480629119
1210,120.9024,9997.905055220795
1211,121.0024,10193.432305612505
1212,121.1024,10279.39610775876
1213,121.2024,10218.378467086486
1214,121.3024,9828.138002123373
1215,121.4024,9904.08450238329
1216,121.5024,9739.054690547908
1217,121.6024,9881.927709567502
1218,121.7024,10039.776623306474
1219,121.8024,10080.319886244215
1220,121.9024,9870.103691175562
1221,122.0024,10046.761654925367
1222,122.1024,9978.25980605872
1223,122.2024,10066.203076609001
1224,122.3024,10177.90043096017
1225,122.4024,10361.46176411717
1226,122.5024,10277.001733514246
1227,122.6025,10061.513638015636
1228,122.7025,10342.456007238883
1229,122.8025,10187.639144035566
1230,122.9025,10144.13978791949
1231,123.0025,10420.729583074319
1232,123.1025,10235.810762039868
1233,123.2025,10336.563995936216
1234,123.3025,10338.73543911408
1235,123.4025,10325.53795706683
1236,123.5025,10213.04673879691
1237,123.6025,10343.658741959884
1238,123.7025,10275.47957045021
1239,123.8025,10136.541022488576
1240,123.9025,10172.005701105903
1241,124.0025,10279.473812430426
1242,124.1025,10225.467953551013
1243,124.2025,10211.998120876355
1244,124.3025,10218.532697319173
1245,124.4025,10112.562670027064
1246,124.5025,10281.506849856974
1247,124.6025,10175.428600003776
1248,124.7025,9994.659259691269
1249,124.8025,10187.36142658682
1250,124.9025,10479.787332583212
1251,125.0025,10310.844520663459
1252,125.1025,10228.09412363435
1253,125.2025,10597.636474682477
1254,125.3025,10422.917709593004
1255,125.4025,10297.009411407167
1256,125.5025,10248.496352030226
1257,125.6025,10356.167060994458
1258,125.7025,10388.29494437912
1259,125.8025,10427.43255904289
1260,125.9025,10433.392148942512
1261,126.0025,10326.391890549505
1262,126.1025,10295.467451917275
1263,126.2025,10212.23717911251
1264,126.3025,10468.55940839922
1265,126.4025,10321.52273492146
1266,126.5025,10268.655652917949
1267,126.6025,10169.956416235149
1268,126.7025,10325.9478296163
1269,126.8025,10247.931413978222
1270,126.9025,10303.559821850607
1271,127.0025,10342.778335949803
1272,127.1025,10183.55924996291
1273,127.2025,10571.255081860758
1274,127.3025,10209.358042863432
1275,127.4025,10344.123672899244
1276,127.5025,10411.136975789992
1277,127.6026,10441.465366698634
1278,127.7026,10384.84550238319
1279,127.8026,10168.655569708657
1280,127.9026,10451.542781538381
1281,128.0026,10282.190622879954
1282,128.1026,10294.773723211574
1283,128.2026,10198.557028701534
1284,128.3026,10411.271190580479
1285,128.4026,10253.87483150804
1286,128.5026,10144.180441858225
1287,128.6026,10050.705905265042
1288,128.7026,10006.48920981841
1289,128.8026,10041.989601746945
1290,128.9026,10267.901037401507
1291,129.0026,10172.087622432924
1292,129.1026,9979.68483745769
1293,129.2026,10232.415688690962
1294,129.3026,10197.544116317289
1295,129.4026,10318.59256502095
1296,129.5026,9991.331898185857
1297,129.6026,9872.06992975217
1298,129.7026,10001.226865416393
1299,129.8026,10232.255041158644
1300,129.9026,10378.109279337046
1301,130.0026,10262.251594441552
1302,130.1026,10403.524962722011
1303,130.2026,10291.37120009075
1304,130.3026,10377.773133799872
1305,130.4026,10386.760627070153
1306,130.5026,10104.90638512117
1307,130.6026,10046.271322973273
1308,130.7026,9949.112164358747
1309,130.8026,10025.0465249651
1310,130.9026,9931.089867804962
1311,131.0026,10006.179435191656
1312,131.1026,9942.331187228465
1313,131.2026,10054.704370438336
1314,131.3026,10065.916812037882
1315,131.4026,10174.425296559955
1316,131.5026,10280.227311215847
1317,131.6026,9992.907370371757
1318,131.7026,10334.452671550134
1319,131.8026,9917.334955402415
1320,131.9026,10112.360149127902
1321,132.0026,10084.375152796461
1322,132.1026,10289.17973478993
1323,132.2026,10131.729450216842
1324,132.3026,9968.453069990013
1325,132.4026,9980.656269235466
1326,132.5026,10053.006874620909
1327,132.6027,9931.6874429158
1328,132.7027,10098.00258550858
1329,132.8027,9709.645693822062
1330,132.9027,9655.72990151971
1331,133.0027,9944.024862204611
1332,133.1027,9954.343410819221
1333,133.2027,9670.956099205825
1334,133.3027,9923.818421248046
1335,133.4027,10042.107123607859
1336,133.5027,9807.273894912461
1337,133.6027,9823.897723885633
1338,133.7027,9827.146791841447
1339,133.8027,9942.145217237354
1340,133.9027,9990.017078166693
1341,134.0027,10021.401509614754
1342,134.1027,9999.30175251484
1343,134.2027,10175.551045652765
1344,134.3027,9968.688911286696
1345,134.4027,10022.153291677743
1346,134.5027,9981.656701086911
1347,134.6027,9883.76946896799
1348,134.7027,10041.50836447158
1349,134.8027,10039.64189839026
1350,134.9027,10102.333846258965
1351,135.0027,10084.102418576205
1352,135.1027,10059.833279553943
1353,135.2027,10022.309608031866
1354,135.3027,9693.895480003413
1355,135.4027,9818.358255218827
1356,135.5027,10152.78640564961
1357,135.6027,9975.192621026195
1358,135.7027,9910.98608245593
1359,135.8027,9829.21619417619
1360,135.9027,9922.837142686001
1361,136.0027,9968.682726035098
1362,136.1027,10094.437978921036
1363,136.2027,10035.16878197549
1364,136.3027,9775.068157560034
1365,136.4027,10054.653133946264
1366,136.5027,10046.335635044303
1367,136.6027,10060.909312073783
1368,136.7027,10067.215877758294
1369,136.8027,10058.759623348426
1370,136.9027,10276.686575164644
1371,137.0027,10027.7674858016
1372,137.1027,9978.288202621396
1373,137.2027,10170.291221127822
1374,137.3027,10138.089574504498
1375,137.4027,9946.1257559227
1376,137.5027,10232.274027490044
1377,137.6028,10130.338059125765
1378,137.7028,10058.02266229427
1379,137.8028,10201.95474189791
1380,137.9028,10127.123012015192
1381,138.0028,10041.202891604808
1382,138.1028,10143.238609845823
1383,138.2028,10079.672499933726
1384,138.3028,10004.931353489012
1385,138.4028,10173.04802744754
1386,138.5028,10153.562837194295
1387,138.6028,10102.748901863773
1388,138.7028,10257.563705610768
1389,138.8028,10168.561851140843
1390,138.9028,10090.83058059695
1391,139.0028,10200.623558696554
1392,139.1028,9883.428272527894
1393,139.2028,9929.121681881996
1394,139.3028,10041.49111522075
1395,139.4028,10241.566902429655
1396,139.5028,10201.410696575043
1397,139.6028,9981.991880002692
1398,139.7028,10128.917799134553
1399,139.8028,10175.866968022494
1400,139.9028,10123.7210909452
1401,140.0028,10336.468661755129
1402,140.1028,10310.012203659571
1403,140.2028,10280.70163019508
1404,140.3028,10073.773251020026
1405,140.4028,10232.391048120146
1406,140.5028,10211.377325637835
1407,140.6028,10075.172166350505
1408,140.7028,9999.209206461614
1409,140.8028,10092.97170415169
1410,140.9028,9874.400023423414
1411,141.0028,9822.104139168257
1412,141.1028,10122.251227426132
1413,141.2028,9811.154973478995
1414,141.3028,9949.753900366944
1415,141.4028,9948.7135273921
1416,141.5028,10099.956927706997
1417,141.6028,10307.631646731481
1418,141.7028,10272.161029263923
1419,141.8028,10197.461190288615
1420,141.9028,10277.931930868093
1421,142.0028,10222.197969021296
1422,142.1028,10267.249732345961
1423,142.2028,10349.79777047283
1424,142.3028,10262.387041038857
1425,142.4028,10108.37073518712
1426,142.5028,10026.947679303383
1427,142.6029,9819.306595694392
1428,142.7029,9970.379697362827
1429,142.8029,10047.841468987746
1430,142.9029,10009.764301553736
1431,143.0029,10143.81202540444
1432,143.1029,10191.402875648902
1433,143.2029,10173.251906220838
1434,143.3029,10183.401652061706
1435,143.4029,10262.842100121048
1436,143.5029,10210.057562844087
1437,143.6029,10200.930447950723
1438,143.7029,10146.163192423232
1439,143.8029,10191.31377256139
1440,143.9029,10166.657820639408
1441,144.0029,10090.634301684418
1442,144.1029,10257.686439835805
1443,144.2029,10168.176690297012
1444,144.3029,10021.878048382177
1445,144.4029,10153.386411969448
1446,144.5029,10031.141996074994
1447,144.6029,10204.917122405332
1448,144.7029,10106.351933895876
1449,144.8029,10187.51402454814
1450,144.9029,10234.857022991722
1451,145.0029,10306.341708452948
1452,145.1029,10309.043584530877
1453,145.2029,10178.730975169627
1454,145.3029,10228.670032130152
1455,145.4029,10220.052546388351
1456,145.5029,10025.574685189911
1457,145.6029,10272.39960099661
1458,145.7029,10245.668735557068
1459,145.8029,10179.02900826144
1460,145.9029,10031.687941022241
1461,146.0029,10145.558376614028
1462,146.1029,10099.217031105842
1463,146.2029,10284.31360962136
1464,146.3029,9995.772758304232
1465,146.4029,10051.296879704649
1466,146.5029,10044.845681498527
1467,146.6029,10248.226416562067
1468,146.7029,10247.544867505067
1469,146.8029,9989.279805699105
1470,146.9029,10102.37774997991
1471,147.0029,10158.06190998338
1472,147.1029,10006.097855553728
1473,147.2029,10148.807766631506
1474,147.3029,10176.46171046305
1475,147.4029,10157.767660911495
1476,147.5029,10140.457518434234
1477,147.603,10205.451649651306
1478,147.703,10086.865072113544
1479,147.803,9961.355987504185
1480,147.903,10134.828072331258
1481,148.003,10087.352350997493
1482,148.103,10076.216950375021
1483,148.203,10076.14017273848
1484,148.303,10334.769192500038
1485,148.403,10140.485872489287
1486,148.503,10190.597370966174
1487,148.603,9937.988773232275
1488,148.703,10137.717329238032
1489,148.803,9865.949525225991
1490,148.903,10073.479877350734
1491,149.003,9964.235003108568
1492,149.103,10059.180922691505
1493,149.203,10104.699602251148
1494,149.303,10144.138212642958
1495,149.403,10030.085164900847
1496,149.503,10097.957141764651
1497,149.603,10023.860314202899
1498,149.703,9951.470312227239
1499,149.803,10034.615611745352
1500,149.903,10049.36692462217
1501,150.003,10099.005975762606
1502,150.103,10406.769227502644
1503,150.203,10148.3859527385
1504,150.303,10056.055628306116
1505,150.403,10001.04995349483
1506,150.503,10058.371066632259
1507,150.603,9996.2123507019
1508,150.703,10227.649092935322
1509,150.803,10030.39585799621
1510,150.903,9965.180322945638
1511,151.003,10125.320821248793
1512,151.103,10356.179721345474
1513,151.203,10294.25632022364
1514,151.303,10257.293197136352
1515,151.403,10358.521419187267
1516,151.503,10447.946004934749
1517,151.603,10093.104353942992
1518,151.703,10210.097347493194
1519,151.803,10154.196465865862
1520,151.903,9913.802370498368
1521,152.003,10137.198953137784
1522,152.103,10077.272687872708
1523,152.203,10098.137073946666
1524,152.303,9975.447191557789
1525,152.403,10136.489292695076
1526,152.5031,10107.52130484836
1527,152.6031,10517.271236732895
1528,152.7031,10419.304654324415
1529,152.8031,10206.74976588058
1530,152.9031,10141.489267141622
1531,153.0031,10414.569624492764
1532,153.1031,10065.47186251931
1533,153.2031,10313.58345755136
1534,153.3031,10480.452759345686
1535,153.4031,10416.720361586698
1536,153.5031,10424.25174275842
1537,153.6031,10271.680283550935
1538,153.7031,10421.860419260109
1539,153.8031,10498.345163012651
1540,153.9031,10435.395868794292
1541,154.0031,10136.047018684558
1542,154.1031,10404.513883126216
1543,154.2031,10334.800741385
1544,154.3031,10058.863461974022
1545,154.4031,10127.760294355918
1546,154.5031,10288.32537338706
1547,154.6031,10084.289297341995
1548,154.7031,10178.05201902163
1549,154.8031,10249.870028250269
1550,154.9031,10175.075817578261
1551,155.0031,10113.79678536446
1552,155.1031,9959.211870147117
1553,155.2031,10053.488666398738
1554,155.3031,10133.060890475648
1555,155.4031,10335.831477841743
1556,155.5031,10527.795961000806
1557,155.6031,10502.19421420458
1558,155.7031,10250.661276026416
1559,155.8031,10146.133150784044
1560,155.9031,9938.893759382974
1561,156.0031,10008.512055822259
1562,156.1031,10267.629310910193
1563,156.2031,10159.48232114128
1564,156.3031,10221.578742953203
1565,156.4031,10222.138014313488
1566,156.5031,10125.183182551706
1567,156.6031,10190.19259335444
1568,156.7031,10151.199214552797
1569,156.8031,10254.887963727864
1570,156.9031,10084.654411375524
1571,157.0031,10115.466583437727
1572,157.1031,10058.778021791051
1573,157.2031,10121.162434502055
1574,157.3031,10146.790013282285
1575,157.4031,10108.16311759489
1576,157.5032,10015.0555557826
1577,157.6032,9939.055188055729
1578,157.7032,9989.54539642422
1579,157.8032,9997.545696776533
1580,157.9032,9978.67072519285
1581,158.0032,10225.401726358761
1582,158.1032,10399.985569226059
1583,158.2032,10192.42413719019
1584,158.3032,10141.440728637705
1585,158.4032,10358.11419673403
1586,158.5032,10076.443127492164
1587,158.6032,10309.334803548041
1588,158.7032,10219.000066685594
1589,158.8032,9937.239349352125
1590,158.9032,10186.593558493283
1591,159.0032,10193.273042531728
1592,159.1032,10073.300293352511
1593,159.2032,10017.688166139114
1594,159.3032,10230.136596270731
1595,159.4032,10452.399736141
1596,159.5032,10329.917946221056
1597,159.6032,10459.192748495378
1598,159.7032,10307.019878507683
1599,159.8032,10122.294715297701
1600,159.9032,10225.183921009444
1601,160.0032,10108.373903491547
1602,160.1032,10116.48332426087
1603,160.2032,10008.845950216695
1604,160.3032,10380.603532232091
1605,160.4032,10380.030379364447
1606,160.5032,10364.177703921403
1607,160.6032,10069.658148524615
1608,160.7032,10240.28019928748
1609,160.8032,10137.203246974192
1610,160.9032,10403.952358323811
1611,161.0032,10241.683341289156
1612,161.1032,10176.513025135018
1613,161.2032,10093.40519076002
1614,161.3032,10289.252708956636
1615,161.4032,10181.892044375898
1616,161.5032,10188.59888437169
1617,161.6032,10191.61777046606
1618,161.7032,10331.09153194805
1619,161.8032,10223.333506312847
1620,161.9032,10118.225459959756
1621,162.0032,10057.934024004686
1622,162.1032,10164.068251853696
1623,162.2032,10109.669005361458
1624,162.3032,10119.991007409553
1625,162.4032,10004.729784301488
1626,162.5033,10086.463460355515
1627,162.6033,10231.746746715677
1628,162.7033,10408.841300379338
1629,162.8033,10431.349040731482
1630,162.9033,10391.541933520657
1631,163.0033,10211.00936099109
1632,163.1033,10475.279749061528
1633,163.2033,10204.724031806696
1634,163.3033,10215.516350844273
1635,163.4033,10334.365896542513
1636,163.5033,10340.911524450128
1637,163.6033,10295.226501748499
1638,163.7033,10281.780752229915
1639,163.8033,10101.345358907553
1640,163.9033,10059.664118930328
1641,164.0033,10237.010003449692
1642,164.1033,10236.480716548755
1643,164.2033,10371.560125969514
1644,164.3033,10339.559778919824
1645,164.4033,10231.82199281706
1646,164.5033,10326.423411278434
1647,164.6033,10487.023972641617
1648,164.7033,10251.153218267722
1649,164.8033,10310.33819742395
1650,164.9033,10117.749562416486
1651,165.0033,10375.987875811437
1652,165.1033,10384.896640477411
1653,165.2033,10341.37971015989
1654,165.3033,10420.753043881266
1655,165.4033,10294.2367788607
1656,165.5033,10196.965050029936
1657,165.6033,10436.25754490509
1658,165.7033,10378.693420208137
1659,165.8033,10431.906347174388
1660,165.9033,10655.986274053954
1661,166.0033,10236.238616661147
1662,166.1033,10277.09623495971
1663,166.2033,10222.170086629583
1664,166.3033,10267.888791245106
1665,166.4033,10466.0468447207
1666,166.5033,10287.024177472165
1667,166.6033,10298.481041679988
1668,166.7033,10509.86942796255
1669,166.8033,10799.872278268158
1670,166.9033,10681.226385174463
1671,167.0033,10646.902940362364
1672,167.1033,10523.115719060437
1673,167.2033,10639.90378652135
1674,167.3033,10394.09648879076
1675,167.4033,10423.592187459024
1676,167.5034,10545.848170165045
1677,167.6034,10398.076071157077
1678,167.7034,10338.770608690245
1679,167.8034,10532.812678567367
1680,167.9034,10616.129958006655
1681,168.0034,10654.89949715445
1682,168.1034,10771.803502537845
1683,168.2034,10686.832387579216
1684,168.3034,10657.046211600407
1685,168.4034,10774.50888606744
1686,168.5034,10469.474145885155
1687,168.6034,10696.378113890849
1688,168.7034,10788.64949865482
1689,168.8034,10651.77524813587
1690,168.9034,10546.610530429538
1691,169.0034,10406.84829564832
1692,169.1034,10474.338666175721
1693,169.2034,10462.89738138905
1694,169.3034,10466.124132705581
1695,169.4034,10273.263744118603
1696,169.5034,10482.107194449245
1697,169.6034,10525.938535362091
1698,169.7034,10386.716515669566
1699,169.8034,10344.20225452982
1700,169.9034,10399.35060955738
1701,170.0034,10493.315038313442
1702,170.1034,10506.0070541221
1703,170.2034,10558.979552952325
1704,170.3034,10444.107676761325
1705,170.4034,10411.914408932225
1706,170.5034,10372.80918354666
1707,170.6034,10593.152350267961
1708,170.7034,10632.797226939712
1709,170.8034,10696.310777550485
1710,170.9034,10353.318560794516
1711,171.0034,10292.467272843862
1712,171.1034,10361.288592125287
1713,171.2034,10358.111233245265
1714,171.3034,10407.28339944786
1715,171.4034,10370.851560131918
1716,171.5034,10465.445467006359
1717,171.6034,10470.361053055552
1718,171.7034,10625.91305343571
1719,171.8034,10547.63230406769
1720,171.9034,10624.59621622399
1721,172.0034,10685.863886538156
1722,172.1034,10747.067115653468
1723,172.2034,10529.200182748416
1724,172.3034,10645.014966032171
1725,172.4034,10802.064661237975
1726,172.5035,10655.906681175129
1727,172.6035,10364.643931375742
1728,172.7035,10295.915216518968
1729,172.8035,10386.890143965806
1730,172.9035,10522.624708580011
1731,173.0035,10350.942367548778
1732,173.1035,10498.363669622831
1733,173.2035,10217.943362122127
1734,173.3035,10280.986240866016
1735,173.4035,10442.60906301733
1736,173.5035,10454.554157688646
1737,173.6035,10165.715080040734
1738,173.7035,10017.40569453308
1739,173.8035,10334.88376236867
1740,173.9035,10513.506333157025
1741,174.0035,10084.32640036153
1742,174.1035,10154.53919809592
1743,174.2035,9978.883330017436
1744,174.3035,10105.862682078738
1745,174.4035,10130.027864050684
1746,174.5035,10076.28423812968
1747,174.6035,10038.530804866716
1748,174.7035,10174.04475262787
1749,174.8035,10065.585063508457
1750,174.9035,9960.646024057967
1751,175.0035,10246.199369562277
1752,175.1035,10244.721399092057
1753,175.2035,10075.9294294294
1754,175.3035,9922.561711707827
1755,175.4035,9873.426642395443
1756,175.5035,10040.853965751005
1757,175.6035,9933.463179850174
1758,175.7035,9695.014488742023
1759,175.8035,9950.495109671878
1760,175.9035,10131.372001848664
1761,176.0035,10010.671497113928
1762,176.1035,10002.544131915853
1763,176.2035,10263.961527084559
1764,176.3035,10285.913821962424
1765,176.4035,10287.43158626459
1766,176.5035,10045.937732795162
1767,176.6035,10407.04687414799
1768,176.7035,9977.786767096663
1769,176.8035,10156.69010106844
1770,176.9035,10219.907952370055
1771,177.0035,9925.52252541639
1772,177.1035,10029.1306373367
1773,177.2035,10037.78328409824
1774,177.3035,10192.88950291156
1775,177.4035,10121.269355836806
1776,177.5036,10195.69824048301
1777,177.6036,10206.812915345401
1778,177.7036,10191.707019978525
1779,177.8036,10151.474156462782
1780,177.9036,9836.597935297046
1781,178.0036,10075.681465715426
1782,178.1036,9924.009055067076
1783,178.2036,9904.499740719202
1784,178.3036,9906.352602840925
1785,178.4036,10050.133224941615
1786,178.5036,10185.669341534935
1787,178.6036,10205.49319449108
1788,178.7036,10208.981817898772
1789,178.8036,9872.732830407207
1790,178.9036,10027.634220109281
1791,179.0036,10053.547352613468
1792,179.1036,9959.895757032195
1793,179.2036,10244.908375463656
1794,179.3036,10240.592953870875
1795,179.4036,10341.899428965871
1796,179.5036,10150.863838506659
1797,179.6036,10265.470853194201
1798,179.7036,10387.61639251589
1799,179.8036,10104.219216263798
1800,179.9036,10187.26709251919
1801,180.0036,10310.48256344431
1802,180.1036,10378.158220907464
1803,180.2036,10386.071011469638
1804,180.3036,10168.41746934305
1805,180.4036,10095.667949578496
1806,180.5036,10212.724657899467
1807,180.6036,10041.29752476503
1808,180.7036,10065.992437273151
1809,180.8036,10088.020941190365
1810,180.9036,10241.506681549314
1811,181.0036,10198.911240033289
1812,181.1036,10068.531305661627
1813,181.2036,10320.788099259074
1814,181.3036,10244.634382991648
1815,181.4036,10179.090601857708
1816,181.5036,10139.855233680822
1817,181.6036,10271.079648378758
1818,181.7036,10315.508737549433
1819,181.8036,10178.628629498273
1820,181.9036,10251.990082327486
1821,182.0036,10214.079861639617
1822,182.1036,10148.987492585342
1823,182.2036,10165.147270184514
1824,182.3036,10275.749271705368
1825,182.4036,9954.198454933747
1826,182.5036,10034.544101626841
1827,182.6037,10312.612651313164
1828,182.7037,10419.673468238843
1829,182.8037,10501.633776847324
1830,182.9037,10688.496081099423
1831,183.0037,10365.389398109852
1832,183.1037,10221.742372138508
1833,183.2037,10255.417653064329
1834,183.3037,10436.468133779907
1835,183.4037,10556.940627685328
1836,183.5037,10412.29029732533
1837,183.6037,10694.931564903301
1838,183.7037,10424.82285669373
1839,183.8037,10613.099545044794
1840,183.9037,10585.290499733406
1841,184.0037,10503.324086867991
1842,184.1037,10492.763301642595
1843,184.2037,10464.16405939771
1844,184.3037,10436.302211384596
1845,184.4037,10311.896232542795
1846,184.5037,10272.31054673876
1847,184.6037,10541.264241409253
1848,184.7037,10314.637334682559
1849,184.8037,10569.88537601049
1850,184.9037,10384.647111626999
1851,185.0037,10294.95577141462
1852,185.1037,10456.385447197226
1853,185.2037,10550.90565523918
1854,185.3037,10472.848941049724
1855,185.4037,10424.183495080133
1856,185.5037,10915.30973816232
1857,185.6037,10639.77208759103
1858,185.7037,10665.16324144884
1859,185.8037,10350.815911103084
1860,185.9037,10325.201547825041
1861,186.0037,10315.268880370788
1862,186.1037,10332.486821598768
1863,186.2037,10405.1144518438
1864,186.3037,10422.179875890093
1865,186.4037,10375.63161092732
1866,186.5037,10239.43151819216
1867,186.6037,10487.335205850335
1868,186.7037,10385.021511942461
1869,186.8037,10188.52557800301
1870,186.9037,10113.471738742255
1871,187.0037,10126.787613306464
1872,187.1037,10214.830019397288
1873,187.2037,10200.341902033813
1874,187.3037,10077.00726036032
1875,187.4037,10224.421802349418
1876,187.5037,10015.550177995528
1877,187.6038,10004.252674289077
1878,187.7038,9857.071007508599
1879,187.8038,10155.747923403704
1880,187.9038,10158.899936724034
1881,188.0038,9900.12451925811
1882,188.1038,10231.182731858002
1883,188.2038,10352.68346378602
1884,188.3038,10532.892030750287
1885,188.4038,10376.686109100347
1886,188.5038,10502.722256454621
1887,188.6038,10365.77358391416
1888,188.7038,10774.009135922151
1889,188.8038,10701.40668162038
1890,188.9038,10599.045027849352
1891,189.0038,10648.374926048382
1892,189.1038,10571.648404484375
1893,189.2038,10707.585453910879
1894,189.3038,10421.53782815863
1895,189.4038,10701.065338228465
1896,189.5038,10735.245556872516
1897,189.6038,11001.366462392121
1898,189.7038,10749.179181564486
1899,189.8038,10624.585362372847
1900,189.9038,10726.81677682313
1901,190.0038,10705.213780477521
1902,190.1038,10720.134097556327
1903,190.2038,10532.414857319543
1904,190.3038,10391.163407076136
1905,190.4038,10147.957373373662
1906,190.5038,10396.403995949258
1907,190.6038,10272.062209681233
1908,190.7038,10135.903380136164
1909,190.8038,10180.653434117401
1910,190.9038,10171.974586953858
1911,191.0038,10046.092414087227
1912,191.1038,10153.146259895526
1913,191.2038,10401.885270918343
1914,191.3038,10540.520952566672
1915,191.4038,10302.801203295072
1916,191.5038,10292.327525169721
1917,191.6038,10600.727638341026
1918,191.7038,10712.943244365244
1919,191.8038,10331.802730759668
1920,191.9038,10470.438705424816
1921,192.0038,10416.26231394894
1922,192.1038,10485.034418677997
1923,192.2038,10275.74835420865
1924,192.3038,10288.39923089864
1925,192.4038,10299.702646529751
1926,192.5038,10468.097257314757
1927,192.6039,10773.19127146796
1928,192.7039,10877.070361463737
1929,192.8039,10472.358611414113
1930,192.9039,10900.696703320213
1931,193.0039,10769.557940430182
1932,193.1039,10511.139127488663
1933,193.2039,10587.277906639018
1934,193.3039,10663.461853625719
1935,193.4039,11033.994132362532
1936,193.5039,10798.561937293094
1937,193.6039,10458.459468110657
1938,193.7039,10651.160540251843
1939,193.8039,10722.465519524672
1940,193.9039,10256.903065503504
1941,194.0039,10403.497691327668
1942,194.1039,10617.041875707971
1943,194.2039,10818.353519542314
1944,194.3039,10756.882545765031
1945,194.4039,10603.913898643477
1946,194.5039,10325.139833979543
1947,194.6039,10585.104327190827
1948,194.7039,10911.91777166944
1949,194.8039,10634.068929268577
1950,194.9039,10414.061793481167
1951,195.0039,10417.175369781951
1952,195.1039,10623.899847973511
1953,195.2039,10815.751604152678
1954,195.3039,10589.430249127749
1955,195.4039,10679.001989037062
1956,195.5039,10844.128946366682
1957,195.6039,10692.784294956522
1958,195.7039,10911.775186834037
1959,195.8039,10534.81175841838
1960,195.9039,10523.6098417078
1961,196.0039,10536.60854189869
1962,196.1039,10548.541730910942
1963,196.2039,10379.46161631126
1964,196.3039,10598.973933738018
1965,196.4039,10444.16313394062
1966,196.5039,10462.99271435521
1967,196.6039,10614.545221517337
1968,196.7039,10315.53757866739
1969,196.8039,10341.333321555832
1970,196.9039,10310.377454936362
1971,197.0039,10364.267268635884
1972,197.1039,10565.069355406953
1973,197.2039,10398.751468805245
1974,197.3039,10452.572524448022
1975,197.4039,10441.331991969379
1976,197.504,10438.82257667698
1977,197.604,10418.220532780719
1978,197.704,10576.754382389667
1979,197.804,10231.303900949253
1980,197.904,10476.273398717874
1981,198.004,10465.390408234702
1982,198.104,10747.80434638038
1983,198.204,10523.661886428841
1984,198.304,10521.47661592706
1985,198.404,10606.516043874602
1986,198.504,10479.063692923954
1987,198.604,10530.9664587289
1988,198.704,10608.304833462596
1989,198.804,10490.522850301239
1990,198.904,10706.00925366197
1991,199.004,10352.097318121207
1992,199.104,10635.125578906202
1993,199.204,10589.800740498056
1994,199.304,10377.413600313093
1995,199.404,10496.54672187947
1996,199.504,10546.596619507725
1997,199.604,10415.60049378843
1998,199.704,10332.6190878967
1999,199.804,10522.027231556796
2000,199.904,10466.486096044733
2001,200.0,10313.258913507514
