"Entry Title","Entry ID","MMGBSA dG Bind"
"complex_fold_8exl_pik3ca_wild_type_model_0_with_paclitaxel_sem_mutacoes - minimized - Frame 1801",3,-83.169862
"complex_fold_8exl_pik3ca_wild_type_model_0_with_paclitaxel_sem_mutacoes - minimized - Frame 1802",4,-80.207596
"complex_fold_8exl_pik3ca_wild_type_model_0_with_paclitaxel_sem_mutacoes - minimized - Frame 1803",5,-78.502370
"complex_fold_8exl_pik3ca_wild_type_model_0_with_paclitaxel_sem_mutacoes - minimized - Frame 1804",6,-77.061637
"complex_fold_8exl_pik3ca_wild_type_model_0_with_paclitaxel_sem_mutacoes - minimized - Frame 1805",7,-75.487101
"complex_fold_8exl_pik3ca_wild_type_model_0_with_paclitaxel_sem_mutacoes - minimized - Frame 1806",8,-81.496910
"complex_fold_8exl_pik3ca_wild_type_model_0_with_paclitaxel_sem_mutacoes - minimized - Frame 1807",9,-80.218555
"complex_fold_8exl_pik3ca_wild_type_model_0_with_paclitaxel_sem_mutacoes - minimized - Frame 1808",10,-78.469297
"complex_fold_8exl_pik3ca_wild_type_model_0_with_paclitaxel_sem_mutacoes - minimized - Frame 1809",11,-82.104854
"complex_fold_8exl_pik3ca_wild_type_model_0_with_paclitaxel_sem_mutacoes - minimized - Frame 1810",12,-78.396516
"complex_fold_8exl_pik3ca_wild_type_model_0_with_paclitaxel_sem_mutacoes - minimized - Frame 1811",13,-78.759698
"complex_fold_8exl_pik3ca_wild_type_model_0_with_paclitaxel_sem_mutacoes - minimized - Frame 1812",14,-80.100853
"complex_fold_8exl_pik3ca_wild_type_model_0_with_paclitaxel_sem_mutacoes - minimized - Frame 1813",15,-78.620776
"complex_fold_8exl_pik3ca_wild_type_model_0_with_paclitaxel_sem_mutacoes - minimized - Frame 1814",16,-78.633796
"complex_fold_8exl_pik3ca_wild_type_model_0_with_paclitaxel_sem_mutacoes - minimized - Frame 1815",17,-80.096640
"complex_fold_8exl_pik3ca_wild_type_model_0_with_paclitaxel_sem_mutacoes - minimized - Frame 1816",18,-78.545138
"complex_fold_8exl_pik3ca_wild_type_model_0_with_paclitaxel_sem_mutacoes - minimized - Frame 1817",19,-80.935580
"complex_fold_8exl_pik3ca_wild_type_model_0_with_paclitaxel_sem_mutacoes - minimized - Frame 1818",20,-79.502410
"complex_fold_8exl_pik3ca_wild_type_model_0_with_paclitaxel_sem_mutacoes - minimized - Frame 1819",21,-78.697739
"complex_fold_8exl_pik3ca_wild_type_model_0_with_paclitaxel_sem_mutacoes - minimized - Frame 1820",22,-78.445331
"complex_fold_8exl_pik3ca_wild_type_model_0_with_paclitaxel_sem_mutacoes - minimized - Frame 1821",23,-80.183070
"complex_fold_8exl_pik3ca_wild_type_model_0_with_paclitaxel_sem_mutacoes - minimized - Frame 1822",24,-80.301462
"complex_fold_8exl_pik3ca_wild_type_model_0_with_paclitaxel_sem_mutacoes - minimized - Frame 1823",25,-80.204007
"complex_fold_8exl_pik3ca_wild_type_model_0_with_paclitaxel_sem_mutacoes - minimized - Frame 1824",26,-82.328586
"complex_fold_8exl_pik3ca_wild_type_model_0_with_paclitaxel_sem_mutacoes - minimized - Frame 1825",27,-80.845630
"complex_fold_8exl_pik3ca_wild_type_model_0_with_paclitaxel_sem_mutacoes - minimized - Frame 1826",28,-82.041534
"complex_fold_8exl_pik3ca_wild_type_model_0_with_paclitaxel_sem_mutacoes - minimized - Frame 1827",29,-78.415420
"complex_fold_8exl_pik3ca_wild_type_model_0_with_paclitaxel_sem_mutacoes - minimized - Frame 1828",30,-78.551701
"complex_fold_8exl_pik3ca_wild_type_model_0_with_paclitaxel_sem_mutacoes - minimized - Frame 1829",31,-78.509190
"complex_fold_8exl_pik3ca_wild_type_model_0_with_paclitaxel_sem_mutacoes - minimized - Frame 1830",32,-78.553841
"complex_fold_8exl_pik3ca_wild_type_model_0_with_paclitaxel_sem_mutacoes - minimized - Frame 1831",33,-78.649040
"complex_fold_8exl_pik3ca_wild_type_model_0_with_paclitaxel_sem_mutacoes - minimized - Frame 1832",34,-78.632030
"complex_fold_8exl_pik3ca_wild_type_model_0_with_paclitaxel_sem_mutacoes - minimized - Frame 1833",35,-82.112026
"complex_fold_8exl_pik3ca_wild_type_model_0_with_paclitaxel_sem_mutacoes - minimized - Frame 1834",36,-78.526960
"complex_fold_8exl_pik3ca_wild_type_model_0_with_paclitaxel_sem_mutacoes - minimized - Frame 1835",37,-79.970601
"complex_fold_8exl_pik3ca_wild_type_model_0_with_paclitaxel_sem_mutacoes - minimized - Frame 1836",38,-78.739309
"complex_fold_8exl_pik3ca_wild_type_model_0_with_paclitaxel_sem_mutacoes - minimized - Frame 1837",39,-78.517024
"complex_fold_8exl_pik3ca_wild_type_model_0_with_paclitaxel_sem_mutacoes - minimized - Frame 1838",40,-79.473988
"complex_fold_8exl_pik3ca_wild_type_model_0_with_paclitaxel_sem_mutacoes - minimized - Frame 1839",41,-78.645068
"complex_fold_8exl_pik3ca_wild_type_model_0_with_paclitaxel_sem_mutacoes - minimized - Frame 1840",42,-81.899050
"complex_fold_8exl_pik3ca_wild_type_model_0_with_paclitaxel_sem_mutacoes - minimized - Frame 1841",43,-80.177873
"complex_fold_8exl_pik3ca_wild_type_model_0_with_paclitaxel_sem_mutacoes - minimized - Frame 1842",44,-80.382073
"complex_fold_8exl_pik3ca_wild_type_model_0_with_paclitaxel_sem_mutacoes - minimized - Frame 1843",45,-82.149342
"complex_fold_8exl_pik3ca_wild_type_model_0_with_paclitaxel_sem_mutacoes - minimized - Frame 1844",46,-82.058298
"complex_fold_8exl_pik3ca_wild_type_model_0_with_paclitaxel_sem_mutacoes - minimized - Frame 1845",47,-79.791976
"complex_fold_8exl_pik3ca_wild_type_model_0_with_paclitaxel_sem_mutacoes - minimized - Frame 1846",48,-79.912823
"complex_fold_8exl_pik3ca_wild_type_model_0_with_paclitaxel_sem_mutacoes - minimized - Frame 1847",49,-81.964430
"complex_fold_8exl_pik3ca_wild_type_model_0_with_paclitaxel_sem_mutacoes - minimized - Frame 1848",50,-75.307895
"complex_fold_8exl_pik3ca_wild_type_model_0_with_paclitaxel_sem_mutacoes - minimized - Frame 1849",51,-78.553408
"complex_fold_8exl_pik3ca_wild_type_model_0_with_paclitaxel_sem_mutacoes - minimized - Frame 1850",52,-80.254087
"complex_fold_8exl_pik3ca_wild_type_model_0_with_paclitaxel_sem_mutacoes - minimized - Frame 1851",53,-82.224596
"complex_fold_8exl_pik3ca_wild_type_model_0_with_paclitaxel_sem_mutacoes - minimized - Frame 1852",54,-78.597988
"complex_fold_8exl_pik3ca_wild_type_model_0_with_paclitaxel_sem_mutacoes - minimized - Frame 1853",55,-77.018188
"complex_fold_8exl_pik3ca_wild_type_model_0_with_paclitaxel_sem_mutacoes - minimized - Frame 1854",56,-80.323800
"complex_fold_8exl_pik3ca_wild_type_model_0_with_paclitaxel_sem_mutacoes - minimized - Frame 1855",57,-81.222314
"complex_fold_8exl_pik3ca_wild_type_model_0_with_paclitaxel_sem_mutacoes - minimized - Frame 1856",58,-88.300216
"complex_fold_8exl_pik3ca_wild_type_model_0_with_paclitaxel_sem_mutacoes - minimized - Frame 1857",59,-78.601500
"complex_fold_8exl_pik3ca_wild_type_model_0_with_paclitaxel_sem_mutacoes - minimized - Frame 1858",60,-78.716854
"complex_fold_8exl_pik3ca_wild_type_model_0_with_paclitaxel_sem_mutacoes - minimized - Frame 1859",61,-80.164766
"complex_fold_8exl_pik3ca_wild_type_model_0_with_paclitaxel_sem_mutacoes - minimized - Frame 1860",62,-75.555759
"complex_fold_8exl_pik3ca_wild_type_model_0_with_paclitaxel_sem_mutacoes - minimized - Frame 1861",63,-75.285062
"complex_fold_8exl_pik3ca_wild_type_model_0_with_paclitaxel_sem_mutacoes - minimized - Frame 1862",64,-79.670781
"complex_fold_8exl_pik3ca_wild_type_model_0_with_paclitaxel_sem_mutacoes - minimized - Frame 1863",65,-82.038882
"complex_fold_8exl_pik3ca_wild_type_model_0_with_paclitaxel_sem_mutacoes - minimized - Frame 1864",66,-78.512789
"complex_fold_8exl_pik3ca_wild_type_model_0_with_paclitaxel_sem_mutacoes - minimized - Frame 1865",67,-78.619254
"complex_fold_8exl_pik3ca_wild_type_model_0_with_paclitaxel_sem_mutacoes - minimized - Frame 1866",68,-80.203325
"complex_fold_8exl_pik3ca_wild_type_model_0_with_paclitaxel_sem_mutacoes - minimized - Frame 1867",69,-80.261025
"complex_fold_8exl_pik3ca_wild_type_model_0_with_paclitaxel_sem_mutacoes - minimized - Frame 1868",70,-78.381835
"complex_fold_8exl_pik3ca_wild_type_model_0_with_paclitaxel_sem_mutacoes - minimized - Frame 1869",71,-78.708191
"complex_fold_8exl_pik3ca_wild_type_model_0_with_paclitaxel_sem_mutacoes - minimized - Frame 1870",72,-78.525860
"complex_fold_8exl_pik3ca_wild_type_model_0_with_paclitaxel_sem_mutacoes - minimized - Frame 1871",73,-79.760614
"complex_fold_8exl_pik3ca_wild_type_model_0_with_paclitaxel_sem_mutacoes - minimized - Frame 1872",74,-78.528801
"complex_fold_8exl_pik3ca_wild_type_model_0_with_paclitaxel_sem_mutacoes - minimized - Frame 1873",75,-78.467371
"complex_fold_8exl_pik3ca_wild_type_model_0_with_paclitaxel_sem_mutacoes - minimized - Frame 1874",76,-78.414262
"complex_fold_8exl_pik3ca_wild_type_model_0_with_paclitaxel_sem_mutacoes - minimized - Frame 1875",77,-78.543808
"complex_fold_8exl_pik3ca_wild_type_model_0_with_paclitaxel_sem_mutacoes - minimized - Frame 1876",78,-78.664875
"complex_fold_8exl_pik3ca_wild_type_model_0_with_paclitaxel_sem_mutacoes - minimized - Frame 1877",79,-78.553088
"complex_fold_8exl_pik3ca_wild_type_model_0_with_paclitaxel_sem_mutacoes - minimized - Frame 1878",80,-78.721570
"complex_fold_8exl_pik3ca_wild_type_model_0_with_paclitaxel_sem_mutacoes - minimized - Frame 1879",81,-78.472316
"complex_fold_8exl_pik3ca_wild_type_model_0_with_paclitaxel_sem_mutacoes - minimized - Frame 1880",82,-78.384850
"complex_fold_8exl_pik3ca_wild_type_model_0_with_paclitaxel_sem_mutacoes - minimized - Frame 1881",83,-78.492743
"complex_fold_8exl_pik3ca_wild_type_model_0_with_paclitaxel_sem_mutacoes - minimized - Frame 1882",84,-80.121097
"complex_fold_8exl_pik3ca_wild_type_model_0_with_paclitaxel_sem_mutacoes - minimized - Frame 1883",85,-78.646281
"complex_fold_8exl_pik3ca_wild_type_model_0_with_paclitaxel_sem_mutacoes - minimized - Frame 1884",86,-80.153966
"complex_fold_8exl_pik3ca_wild_type_model_0_with_paclitaxel_sem_mutacoes - minimized - Frame 1885",87,-78.658648
"complex_fold_8exl_pik3ca_wild_type_model_0_with_paclitaxel_sem_mutacoes - minimized - Frame 1886",88,-78.572505
"complex_fold_8exl_pik3ca_wild_type_model_0_with_paclitaxel_sem_mutacoes - minimized - Frame 1887",89,-82.396910
"complex_fold_8exl_pik3ca_wild_type_model_0_with_paclitaxel_sem_mutacoes - minimized - Frame 1888",90,-80.046930
"complex_fold_8exl_pik3ca_wild_type_model_0_with_paclitaxel_sem_mutacoes - minimized - Frame 1889",91,-78.738264
"complex_fold_8exl_pik3ca_wild_type_model_0_with_paclitaxel_sem_mutacoes - minimized - Frame 1890",92,-79.316689
"complex_fold_8exl_pik3ca_wild_type_model_0_with_paclitaxel_sem_mutacoes - minimized - Frame 1891",93,-78.939236
"complex_fold_8exl_pik3ca_wild_type_model_0_with_paclitaxel_sem_mutacoes - minimized - Frame 1892",94,-78.731644
"complex_fold_8exl_pik3ca_wild_type_model_0_with_paclitaxel_sem_mutacoes - minimized - Frame 1893",95,-80.286072
"complex_fold_8exl_pik3ca_wild_type_model_0_with_paclitaxel_sem_mutacoes - minimized - Frame 1894",96,-78.540266
"complex_fold_8exl_pik3ca_wild_type_model_0_with_paclitaxel_sem_mutacoes - minimized - Frame 1895",97,-83.200877
"complex_fold_8exl_pik3ca_wild_type_model_0_with_paclitaxel_sem_mutacoes - minimized - Frame 1896",98,-80.080845
"complex_fold_8exl_pik3ca_wild_type_model_0_with_paclitaxel_sem_mutacoes - minimized - Frame 1897",99,-75.472608
"complex_fold_8exl_pik3ca_wild_type_model_0_with_paclitaxel_sem_mutacoes - minimized - Frame 1898",100,-82.205489
"complex_fold_8exl_pik3ca_wild_type_model_0_with_paclitaxel_sem_mutacoes - minimized - Frame 1899",101,-78.494300
"complex_fold_8exl_pik3ca_wild_type_model_0_with_paclitaxel_sem_mutacoes - minimized - Frame 1900",102,-80.190958
"complex_fold_8exl_pik3ca_wild_type_model_0_with_paclitaxel_sem_mutacoes - minimized - Frame 1901",103,-82.078476
"complex_fold_8exl_pik3ca_wild_type_model_0_with_paclitaxel_sem_mutacoes - minimized - Frame 1902",104,-80.673325
"complex_fold_8exl_pik3ca_wild_type_model_0_with_paclitaxel_sem_mutacoes - minimized - Frame 1903",105,-84.585893
"complex_fold_8exl_pik3ca_wild_type_model_0_with_paclitaxel_sem_mutacoes - minimized - Frame 1904",106,-80.581976
"complex_fold_8exl_pik3ca_wild_type_model_0_with_paclitaxel_sem_mutacoes - minimized - Frame 1905",107,-81.954124
"complex_fold_8exl_pik3ca_wild_type_model_0_with_paclitaxel_sem_mutacoes - minimized - Frame 1906",108,-80.461406
"complex_fold_8exl_pik3ca_wild_type_model_0_with_paclitaxel_sem_mutacoes - minimized - Frame 1907",109,-80.309945
"complex_fold_8exl_pik3ca_wild_type_model_0_with_paclitaxel_sem_mutacoes - minimized - Frame 1908",110,-78.704535
"complex_fold_8exl_pik3ca_wild_type_model_0_with_paclitaxel_sem_mutacoes - minimized - Frame 1909",111,-80.273264
"complex_fold_8exl_pik3ca_wild_type_model_0_with_paclitaxel_sem_mutacoes - minimized - Frame 1910",112,-80.157241
"complex_fold_8exl_pik3ca_wild_type_model_0_with_paclitaxel_sem_mutacoes - minimized - Frame 1911",113,-78.523613
"complex_fold_8exl_pik3ca_wild_type_model_0_with_paclitaxel_sem_mutacoes - minimized - Frame 1912",114,-79.570223
"complex_fold_8exl_pik3ca_wild_type_model_0_with_paclitaxel_sem_mutacoes - minimized - Frame 1913",115,-78.488297
"complex_fold_8exl_pik3ca_wild_type_model_0_with_paclitaxel_sem_mutacoes - minimized - Frame 1914",116,-79.665556
"complex_fold_8exl_pik3ca_wild_type_model_0_with_paclitaxel_sem_mutacoes - minimized - Frame 1915",117,-81.292498
"complex_fold_8exl_pik3ca_wild_type_model_0_with_paclitaxel_sem_mutacoes - minimized - Frame 1916",118,-81.367120
"complex_fold_8exl_pik3ca_wild_type_model_0_with_paclitaxel_sem_mutacoes - minimized - Frame 1917",119,-79.706304
"complex_fold_8exl_pik3ca_wild_type_model_0_with_paclitaxel_sem_mutacoes - minimized - Frame 1918",120,-80.119788
"complex_fold_8exl_pik3ca_wild_type_model_0_with_paclitaxel_sem_mutacoes - minimized - Frame 1919",121,-79.801063
"complex_fold_8exl_pik3ca_wild_type_model_0_with_paclitaxel_sem_mutacoes - minimized - Frame 1920",122,-78.518252
"complex_fold_8exl_pik3ca_wild_type_model_0_with_paclitaxel_sem_mutacoes - minimized - Frame 1921",123,-79.716683
"complex_fold_8exl_pik3ca_wild_type_model_0_with_paclitaxel_sem_mutacoes - minimized - Frame 1922",124,-80.278285
"complex_fold_8exl_pik3ca_wild_type_model_0_with_paclitaxel_sem_mutacoes - minimized - Frame 1923",125,-78.397021
"complex_fold_8exl_pik3ca_wild_type_model_0_with_paclitaxel_sem_mutacoes - minimized - Frame 1924",126,-80.057132
"complex_fold_8exl_pik3ca_wild_type_model_0_with_paclitaxel_sem_mutacoes - minimized - Frame 1925",127,-81.174063
"complex_fold_8exl_pik3ca_wild_type_model_0_with_paclitaxel_sem_mutacoes - minimized - Frame 1926",128,-78.594809
"complex_fold_8exl_pik3ca_wild_type_model_0_with_paclitaxel_sem_mutacoes - minimized - Frame 1927",129,-82.467497
"complex_fold_8exl_pik3ca_wild_type_model_0_with_paclitaxel_sem_mutacoes - minimized - Frame 1928",130,-77.110236
"complex_fold_8exl_pik3ca_wild_type_model_0_with_paclitaxel_sem_mutacoes - minimized - Frame 1929",131,-79.725323
"complex_fold_8exl_pik3ca_wild_type_model_0_with_paclitaxel_sem_mutacoes - minimized - Frame 1930",132,-80.349022
"complex_fold_8exl_pik3ca_wild_type_model_0_with_paclitaxel_sem_mutacoes - minimized - Frame 1931",133,-78.242043
"complex_fold_8exl_pik3ca_wild_type_model_0_with_paclitaxel_sem_mutacoes - minimized - Frame 1932",134,-80.119745
"complex_fold_8exl_pik3ca_wild_type_model_0_with_paclitaxel_sem_mutacoes - minimized - Frame 1933",135,-78.473592
"complex_fold_8exl_pik3ca_wild_type_model_0_with_paclitaxel_sem_mutacoes - minimized - Frame 1934",136,-78.149696
"complex_fold_8exl_pik3ca_wild_type_model_0_with_paclitaxel_sem_mutacoes - minimized - Frame 1935",137,-78.677730
"complex_fold_8exl_pik3ca_wild_type_model_0_with_paclitaxel_sem_mutacoes - minimized - Frame 1936",138,-81.046855
"complex_fold_8exl_pik3ca_wild_type_model_0_with_paclitaxel_sem_mutacoes - minimized - Frame 1937",139,-75.153069
"complex_fold_8exl_pik3ca_wild_type_model_0_with_paclitaxel_sem_mutacoes - minimized - Frame 1938",140,-82.249885
"complex_fold_8exl_pik3ca_wild_type_model_0_with_paclitaxel_sem_mutacoes - minimized - Frame 1939",141,-78.648619
"complex_fold_8exl_pik3ca_wild_type_model_0_with_paclitaxel_sem_mutacoes - minimized - Frame 1940",142,-78.780021
"complex_fold_8exl_pik3ca_wild_type_model_0_with_paclitaxel_sem_mutacoes - minimized - Frame 1941",143,-81.394747
"complex_fold_8exl_pik3ca_wild_type_model_0_with_paclitaxel_sem_mutacoes - minimized - Frame 1942",144,-79.871463
"complex_fold_8exl_pik3ca_wild_type_model_0_with_paclitaxel_sem_mutacoes - minimized - Frame 1943",145,-78.584891
"complex_fold_8exl_pik3ca_wild_type_model_0_with_paclitaxel_sem_mutacoes - minimized - Frame 1944",146,-78.566486
"complex_fold_8exl_pik3ca_wild_type_model_0_with_paclitaxel_sem_mutacoes - minimized - Frame 1945",147,-77.090688
"complex_fold_8exl_pik3ca_wild_type_model_0_with_paclitaxel_sem_mutacoes - minimized - Frame 1946",148,-88.482332
"complex_fold_8exl_pik3ca_wild_type_model_0_with_paclitaxel_sem_mutacoes - minimized - Frame 1947",149,-78.673487
"complex_fold_8exl_pik3ca_wild_type_model_0_with_paclitaxel_sem_mutacoes - minimized - Frame 1948",150,-83.555110
"complex_fold_8exl_pik3ca_wild_type_model_0_with_paclitaxel_sem_mutacoes - minimized - Frame 1949",151,-80.175879
"complex_fold_8exl_pik3ca_wild_type_model_0_with_paclitaxel_sem_mutacoes - minimized - Frame 1950",152,-78.695311
"complex_fold_8exl_pik3ca_wild_type_model_0_with_paclitaxel_sem_mutacoes - minimized - Frame 1951",153,-78.723055
"complex_fold_8exl_pik3ca_wild_type_model_0_with_paclitaxel_sem_mutacoes - minimized - Frame 1952",154,-79.786378
"complex_fold_8exl_pik3ca_wild_type_model_0_with_paclitaxel_sem_mutacoes - minimized - Frame 1953",155,-78.440813
"complex_fold_8exl_pik3ca_wild_type_model_0_with_paclitaxel_sem_mutacoes - minimized - Frame 1954",156,-78.497598
"complex_fold_8exl_pik3ca_wild_type_model_0_with_paclitaxel_sem_mutacoes - minimized - Frame 1955",157,-82.775201
"complex_fold_8exl_pik3ca_wild_type_model_0_with_paclitaxel_sem_mutacoes - minimized - Frame 1956",158,-78.619398
"complex_fold_8exl_pik3ca_wild_type_model_0_with_paclitaxel_sem_mutacoes - minimized - Frame 1957",159,-78.510538
"complex_fold_8exl_pik3ca_wild_type_model_0_with_paclitaxel_sem_mutacoes - minimized - Frame 1958",160,-78.770086
"complex_fold_8exl_pik3ca_wild_type_model_0_with_paclitaxel_sem_mutacoes - minimized - Frame 1959",161,-78.910689
"complex_fold_8exl_pik3ca_wild_type_model_0_with_paclitaxel_sem_mutacoes - minimized - Frame 1960",162,-81.139168
"complex_fold_8exl_pik3ca_wild_type_model_0_with_paclitaxel_sem_mutacoes - minimized - Frame 1961",163,-82.612845
"complex_fold_8exl_pik3ca_wild_type_model_0_with_paclitaxel_sem_mutacoes - minimized - Frame 1962",164,-78.562496
"complex_fold_8exl_pik3ca_wild_type_model_0_with_paclitaxel_sem_mutacoes - minimized - Frame 1963",165,-80.264120
"complex_fold_8exl_pik3ca_wild_type_model_0_with_paclitaxel_sem_mutacoes - minimized - Frame 1964",166,-80.102401
"complex_fold_8exl_pik3ca_wild_type_model_0_with_paclitaxel_sem_mutacoes - minimized - Frame 1965",167,-78.543208
"complex_fold_8exl_pik3ca_wild_type_model_0_with_paclitaxel_sem_mutacoes - minimized - Frame 1966",168,-80.421130
"complex_fold_8exl_pik3ca_wild_type_model_0_with_paclitaxel_sem_mutacoes - minimized - Frame 1967",169,-80.218708
"complex_fold_8exl_pik3ca_wild_type_model_0_with_paclitaxel_sem_mutacoes - minimized - Frame 1968",170,-78.493949
"complex_fold_8exl_pik3ca_wild_type_model_0_with_paclitaxel_sem_mutacoes - minimized - Frame 1969",171,-82.368398
"complex_fold_8exl_pik3ca_wild_type_model_0_with_paclitaxel_sem_mutacoes - minimized - Frame 1970",172,-80.105526
"complex_fold_8exl_pik3ca_wild_type_model_0_with_paclitaxel_sem_mutacoes - minimized - Frame 1971",173,-78.636009
"complex_fold_8exl_pik3ca_wild_type_model_0_with_paclitaxel_sem_mutacoes - minimized - Frame 1972",174,-80.124911
"complex_fold_8exl_pik3ca_wild_type_model_0_with_paclitaxel_sem_mutacoes - minimized - Frame 1973",175,-78.452663
"complex_fold_8exl_pik3ca_wild_type_model_0_with_paclitaxel_sem_mutacoes - minimized - Frame 1974",176,-78.532994
"complex_fold_8exl_pik3ca_wild_type_model_0_with_paclitaxel_sem_mutacoes - minimized - Frame 1975",177,-82.248734
"complex_fold_8exl_pik3ca_wild_type_model_0_with_paclitaxel_sem_mutacoes - minimized - Frame 1976",178,-78.484976
"complex_fold_8exl_pik3ca_wild_type_model_0_with_paclitaxel_sem_mutacoes - minimized - Frame 1977",179,-80.431057
"complex_fold_8exl_pik3ca_wild_type_model_0_with_paclitaxel_sem_mutacoes - minimized - Frame 1978",180,-78.603894
"complex_fold_8exl_pik3ca_wild_type_model_0_with_paclitaxel_sem_mutacoes - minimized - Frame 1979",181,-82.347764
"complex_fold_8exl_pik3ca_wild_type_model_0_with_paclitaxel_sem_mutacoes - minimized - Frame 1980",182,-80.107381
"complex_fold_8exl_pik3ca_wild_type_model_0_with_paclitaxel_sem_mutacoes - minimized - Frame 1981",183,-79.416698
"complex_fold_8exl_pik3ca_wild_type_model_0_with_paclitaxel_sem_mutacoes - minimized - Frame 1982",184,-79.629851
"complex_fold_8exl_pik3ca_wild_type_model_0_with_paclitaxel_sem_mutacoes - minimized - Frame 1983",185,-78.687213
"complex_fold_8exl_pik3ca_wild_type_model_0_with_paclitaxel_sem_mutacoes - minimized - Frame 1984",186,-83.288626
"complex_fold_8exl_pik3ca_wild_type_model_0_with_paclitaxel_sem_mutacoes - minimized - Frame 1985",187,-78.531538
"complex_fold_8exl_pik3ca_wild_type_model_0_with_paclitaxel_sem_mutacoes - minimized - Frame 1986",188,-79.386466
"complex_fold_8exl_pik3ca_wild_type_model_0_with_paclitaxel_sem_mutacoes - minimized - Frame 1987",189,-78.633823
"complex_fold_8exl_pik3ca_wild_type_model_0_with_paclitaxel_sem_mutacoes - minimized - Frame 1988",190,-78.513496
"complex_fold_8exl_pik3ca_wild_type_model_0_with_paclitaxel_sem_mutacoes - minimized - Frame 1989",191,-80.143104
"complex_fold_8exl_pik3ca_wild_type_model_0_with_paclitaxel_sem_mutacoes - minimized - Frame 1990",192,-80.896943
"complex_fold_8exl_pik3ca_wild_type_model_0_with_paclitaxel_sem_mutacoes - minimized - Frame 1991",193,-79.665472
"complex_fold_8exl_pik3ca_wild_type_model_0_with_paclitaxel_sem_mutacoes - minimized - Frame 1992",194,-78.647165
"complex_fold_8exl_pik3ca_wild_type_model_0_with_paclitaxel_sem_mutacoes - minimized - Frame 1993",195,-80.277736
"complex_fold_8exl_pik3ca_wild_type_model_0_with_paclitaxel_sem_mutacoes - minimized - Frame 1994",196,-78.724256
"complex_fold_8exl_pik3ca_wild_type_model_0_with_paclitaxel_sem_mutacoes - minimized - Frame 1995",197,-78.501370
"complex_fold_8exl_pik3ca_wild_type_model_0_with_paclitaxel_sem_mutacoes - minimized - Frame 1996",198,-83.164811
"complex_fold_8exl_pik3ca_wild_type_model_0_with_paclitaxel_sem_mutacoes - minimized - Frame 1997",199,-78.390022
"complex_fold_8exl_pik3ca_wild_type_model_0_with_paclitaxel_sem_mutacoes - minimized - Frame 1998",200,-78.634220
"complex_fold_8exl_pik3ca_wild_type_model_0_with_paclitaxel_sem_mutacoes - minimized - Frame 1999",201,-78.561868
"complex_fold_8exl_pik3ca_wild_type_model_0_with_paclitaxel_sem_mutacoes - minimized - Frame 2000",202,-80.175389
"complex_fold_8exl_pik3ca_wild_type_model_0_with_paclitaxel_sem_mutacoes - minimized - Frame 2001",203,-84.471292
