Frame,Time (ns),RMSD 2 (114 atoms)
1,0.0,5.025385901261277e-06
2,0.1,0.9707446598876464
3,0.2,0.8709951623161153
4,0.3,0.9987429109571732
5,0.4,0.9193703688892444
6,0.5,0.8933444989945583
7,0.6,0.8080293760817246
8,0.7,0.851181378312908
9,0.8,1.0578397359406986
10,0.9,1.152024522096877
11,1.0,1.1400368308586373
12,1.1,1.215689413921756
13,1.2,1.0466042594217786
14,1.3,1.1462142643533195
15,1.4,1.16207339823782
16,1.5,1.2548350669694437
17,1.6,1.100569250489222
18,1.7,1.1567654330501993
19,1.8,1.1923570252172606
20,1.9,1.2646495567777631
21,2.0,1.0805572083115662
22,2.1,1.0696936875371927
23,2.2,1.2606813882234262
24,2.3,1.1457161883156073
25,2.4,1.1688005299859514
26,2.5001,1.1597911266419734
27,2.6001,1.2021507420712352
28,2.7001,1.4989523300187728
29,2.8001,1.4248244809312296
30,2.9001,1.4693740405396871
31,3.0001,1.4394243798162838
32,3.1001,1.4929831894484988
33,3.2001,1.4687728710873422
34,3.3001,1.3650808227830922
35,3.4001,1.5175968415781704
36,3.5001,1.3896908077130232
37,3.6001,1.4133616385267085
38,3.7001,1.4366791408465753
39,3.8001,1.4168637159465092
40,3.9001,1.5028763360863187
41,4.0001,1.462875758885069
42,4.1001,1.3989936480698562
43,4.2001,1.4548349049452542
44,4.3001,1.4623450580481145
45,4.4001,1.4477913870161367
46,4.5001,1.4523494423915189
47,4.6001,1.5109522448008335
48,4.7001,1.4691303853931266
49,4.8001,1.4647468813133255
50,4.9001,1.4797181917324325
51,5.0001,1.325499579609825
52,5.1001,1.4417801532751549
53,5.2001,1.4899852770044284
54,5.3001,1.4254298825794802
55,5.4001,1.4190575516985369
56,5.5001,1.436283898061367
57,5.6001,1.4910987202539607
58,5.7001,1.393901527586706
59,5.8001,1.4136822845410315
60,5.9001,1.5447482460099236
61,6.0001,1.3720277253264181
62,6.1001,1.456794987321746
63,6.2001,1.4846357654999707
64,6.3001,1.476376803059717
65,6.4001,1.5026285144700744
66,6.5001,1.310327474242928
67,6.6001,1.4694196980693202
68,6.7001,1.4414932180609321
69,6.8001,1.4493735136842412
70,6.9001,1.5268323947230567
71,7.0001,1.4190288833981624
72,7.1001,1.4214831678991389
73,7.2001,1.4420432447309686
74,7.3001,1.4528501139632795
75,7.4001,1.5633226767476498
76,7.5002,1.5888680034170384
77,7.6002,1.379080392876752
78,7.7002,1.5400308842931392
79,7.8002,1.410728152661052
80,7.9002,1.4519521413527599
81,8.0002,1.3813225098448503
82,8.1002,1.489407048372937
83,8.2002,1.4491209677266406
84,8.3002,1.558440455507384
85,8.4002,1.4636570628793917
86,8.5002,1.5410326709769622
87,8.6002,1.4808165478448752
88,8.7002,1.4645840141232707
89,8.8002,1.4680486533824646
90,8.9002,1.48799299088881
91,9.0002,1.438602941419482
92,9.1002,1.429692699222691
93,9.2002,1.4659697571253476
94,9.3002,1.551102377261944
95,9.4002,1.514199598395456
96,9.5002,1.4308753778693177
97,9.6002,1.50855420487978
98,9.7002,1.4717986540209622
99,9.8002,1.4806792509214524
100,9.9002,1.5637200963185198
101,10.0002,1.463566879106257
102,10.1002,1.5464415947588361
103,10.2002,1.4720333804011048
104,10.3002,1.6141327989981602
105,10.4002,1.4321426015567753
106,10.5002,1.5278282394147573
107,10.6002,1.462691723758242
108,10.7002,1.45429263666892
109,10.8002,1.397095235476903
110,10.9002,1.504731488725295
111,11.0002,1.4518502052898359
112,11.1002,1.5778485004464182
113,11.2002,1.4432827506392854
114,11.3002,1.4168194613415979
115,11.4002,1.4246575706978655
116,11.5002,1.4234547833592834
117,11.6002,1.4919964387343205
118,11.7002,1.5279265254688854
119,11.8002,1.525840858918278
120,11.9002,1.4269207321203239
121,12.0002,1.5045640638256286
122,12.1002,1.4029565884388875
123,12.2002,1.463014880619301
124,12.3002,1.4200323612448078
125,12.4002,1.4873809755006815
126,12.5002,1.5015318229846804
127,12.6003,1.4892145637206877
128,12.7003,1.422054616613079
129,12.8003,1.485891105413076
130,12.9003,1.473750446939852
131,13.0003,1.4478762231080746
132,13.1003,1.5019352761012839
133,13.2003,1.2109774843041852
134,13.3003,1.1302429945641583
135,13.4003,1.0832454314403226
136,13.5003,1.1327411491509265
137,13.6003,1.128263111840355
138,13.7003,1.0961854975094245
139,13.8003,1.2425231555649408
140,13.9003,1.1929244975570221
141,14.0003,1.2336219419363128
142,14.1003,1.0248009667530822
143,14.2003,1.193257177890653
144,14.3003,1.1650534009895348
145,14.4003,1.222254441016521
146,14.5003,1.1499719911769146
147,14.6003,1.2513507867563285
148,14.7003,1.1758057165176394
149,14.8003,1.1719557841533148
150,14.9003,1.1212136122629237
151,15.0003,1.1078068256268772
152,15.1003,1.203071155054909
153,15.2003,1.1751625871319855
154,15.3003,1.2234819391869391
155,15.4003,0.9311926444442216
156,15.5003,1.0706542043398493
157,15.6003,1.0842163335425241
158,15.7003,1.077418508291427
159,15.8003,1.0206467529784125
160,15.9003,1.0944801208887103
161,16.0003,1.0502242056040927
162,16.1003,1.1980741336240424
163,16.2003,1.2311765618499708
164,16.3003,1.2331472976324895
165,16.4003,1.215584256165938
166,16.5003,1.1302282832768158
167,16.6003,1.1162813590450313
168,16.7003,1.038150170397651
169,16.8003,1.318888770670697
170,16.9003,1.190490229582589
171,17.0003,1.1699669845441116
172,17.1003,1.1690668230026409
173,17.2003,1.2213358616174153
174,17.3003,1.250289739911252
175,17.4003,1.1681359620781209
176,17.5004,1.242878586442124
177,17.6004,1.1304143141976497
178,17.7004,1.141226392576183
179,17.8004,1.1324737681357264
180,17.9004,1.0975839545043444
181,18.0004,1.082112999779537
182,18.1004,1.2551659245329436
183,18.2004,1.0399622419901884
184,18.3004,1.1216553292686853
185,18.4004,1.2316050452783056
186,18.5004,1.197618316605293
187,18.6004,1.0885070058075208
188,18.7004,1.116530032911815
189,18.8004,1.1929481699820041
190,18.9004,1.119119328791926
191,19.0004,1.0792597688634404
192,19.1004,1.1734160746226445
193,19.2004,1.4122547651995616
194,19.3004,1.1262817825200842
195,19.4004,1.0997630670396357
196,19.5004,1.1935582631454087
197,19.6004,1.140142869968878
198,19.7004,1.1228057771352644
199,19.8004,1.1172988951562546
200,19.9004,1.1883846288384987
201,20.0004,1.2671433809033708
202,20.1004,1.1340819318755633
203,20.2004,1.16920585478318
204,20.3004,1.1690929368828618
205,20.4004,1.161835890081141
206,20.5004,1.309204845759434
207,20.6004,1.4772079810859595
208,20.7004,1.1240013271744462
209,20.8004,1.1564178894377208
210,20.9004,1.1371200180080476
211,21.0004,1.160308640352731
212,21.1004,1.2521117627647422
213,21.2004,1.0579801210023396
214,21.3004,1.1069753915915936
215,21.4004,1.1444094737196195
216,21.5004,1.1769407197642119
217,21.6004,1.2633972459048315
218,21.7004,1.1256869852356046
219,21.8004,1.103442971918484
220,21.9004,1.0876538540924705
221,22.0004,1.1312497229574006
222,22.1004,1.2020928607326136
223,22.2004,1.0969191636594124
224,22.3004,1.1048391283565595
225,22.4004,1.103011339921093
226,22.5005,1.0995163932134548
227,22.6005,1.135444988149191
228,22.7005,1.2181095819748418
229,22.8005,1.0213807914946902
230,22.9005,1.181802749800553
231,23.0005,1.237074371833609
232,23.1005,1.17853691578931
233,23.2005,1.1327108052769044
234,23.3005,1.2064743002606368
235,23.4005,1.149278705488415
236,23.5005,1.2185167102679282
237,23.6005,1.1844224932747403
238,23.7005,1.212477295972396
239,23.8005,1.19084216852616
240,23.9005,1.2780087288902005
241,24.0005,1.1835090580217706
242,24.1005,1.1758555411418545
243,24.2005,1.2158673949989383
244,24.3005,1.1907810964145775
245,24.4005,1.1158104267648266
246,24.5005,1.1839180770648852
247,24.6005,1.2037840802198063
248,24.7005,1.0815230854406157
249,24.8005,1.1478222125180002
250,24.9005,1.1213243121750665
251,25.0005,1.1240778591284213
252,25.1005,1.2203695527792375
253,25.2005,1.1484925339491574
254,25.3005,1.2829857573637697
255,25.4005,1.0627278236501132
256,25.5005,1.1370241499677207
257,25.6005,1.1885251578365554
258,25.7005,1.1256142584660087
259,25.8005,1.1350176580003595
260,25.9005,1.1608133776670566
261,26.0005,1.3744854155249298
262,26.1005,1.0737111370430785
263,26.2005,1.2367224213909722
264,26.3005,1.1720382297213738
265,26.4005,1.3194484562140245
266,26.5005,1.2546387991649177
267,26.6005,1.2191269957913125
268,26.7005,1.041414060086729
269,26.8005,1.1702757912871076
270,26.9005,1.2751425075745546
271,27.0005,1.1583676448934426
272,27.1005,1.1145439005689894
273,27.2005,1.0925168152619937
274,27.3005,1.1385614942566329
275,27.4005,1.2048471757759898
276,27.5006,1.167743908520069
277,27.6006,1.1301435498482146
278,27.7006,1.0696709278147265
279,27.8006,1.1399910963804196
280,27.9006,1.1126483370030928
281,28.0006,1.1076875605790693
282,28.1006,1.2552790815475745
283,28.2006,1.1235598967622815
284,28.3006,1.1911622626608076
285,28.4006,1.2689584883042964
286,28.5006,1.3895305422543285
287,28.6006,1.1733388551019452
288,28.7006,1.1202708742606249
289,28.8006,1.0894329979088142
290,28.9006,1.1428249675066076
291,29.0006,1.0636910299247266
292,29.1006,1.196678972068128
293,29.2006,1.1983184970335334
294,29.3006,1.1332587499150064
295,29.4006,1.0372757531713295
296,29.5006,0.9907475800401517
297,29.6006,1.2266207887766423
298,29.7006,1.2932835185294331
299,29.8006,1.1234774530535563
300,29.9006,1.1471152110368887
301,30.0006,1.2514102979882502
302,30.1006,1.3210918152248856
303,30.2006,1.1864623608394698
304,30.3006,1.097696296864511
305,30.4006,1.3948436235755668
306,30.5006,1.1447841759004531
307,30.6006,1.1970557211742585
308,30.7006,1.2071894137128423
309,30.8006,1.1068129059160188
310,30.9006,1.1900419036844458
311,31.0006,1.1270213711042185
312,31.1006,1.1853415927870699
313,31.2006,1.1990979492460667
314,31.3006,1.1767880664751087
315,31.4006,1.3718010293751501
316,31.5006,1.147608987367861
317,31.6006,1.0280900151979404
318,31.7006,1.1986761957501357
319,31.8006,1.1615243263601827
320,31.9006,1.2261724797084301
321,32.0006,1.1675966741143469
322,32.1006,1.168438741964946
323,32.2006,1.14094350728604
324,32.3006,1.2047432774550824
325,32.4006,1.2971901114048632
326,32.5007,1.1776510079780176
327,32.6007,1.1772096767032973
328,32.7007,1.1751469503889043
329,32.8007,1.3983714552101214
330,32.9007,1.1962251011353622
331,33.0007,1.4403056794174194
332,33.1007,1.187619149717445
333,33.2007,1.1773471612841027
334,33.3007,1.1655048625047113
335,33.4007,1.0660374430828423
336,33.5007,1.3044492391999876
337,33.6007,1.1888703958756968
338,33.7007,1.253709331785637
339,33.8007,1.149270458096405
340,33.9007,1.1752210436577437
341,34.0007,1.0970545549590511
342,34.1007,1.1243499669383212
343,34.2007,1.1548098670979814
344,34.3007,1.3253892347454255
345,34.4007,1.2317363617574508
346,34.5007,1.310794589355305
347,34.6007,1.082037982324603
348,34.7007,1.2285912885455517
349,34.8007,1.1571867519047723
350,34.9007,1.1125694852678492
351,35.0007,1.1974658131721232
352,35.1007,1.1060680247381103
353,35.2007,1.4261101635885143
354,35.3007,1.2535170343409956
355,35.4007,1.1135005306135737
356,35.5007,1.128383456606315
357,35.6007,1.2189018012549673
358,35.7007,1.2442546222897948
359,35.8007,1.2197005522825672
360,35.9007,1.1933681887760899
361,36.0007,1.2084990889072418
362,36.1007,1.3909978812564616
363,36.2007,1.1705136704697503
364,36.3007,1.4597523519059261
365,36.4007,1.5202884587249967
366,36.5007,1.494138781162452
367,36.6007,1.535414206533233
368,36.7007,1.4942630433332453
369,36.8007,1.5844880553662346
370,36.9007,1.497994915593887
371,37.0007,1.4590929980100367
372,37.1007,1.4881141217595715
373,37.2007,1.549394469857428
374,37.3007,1.471202059214697
375,37.4007,1.6259076173012565
376,37.5007,1.3675510341444383
377,37.6008,1.4637127547248838
378,37.7008,1.6227252659896314
379,37.8008,1.5392358211598276
380,37.9008,1.3954121434925706
381,38.0008,1.4244889236855391
382,38.1008,1.4308963008343334
383,38.2008,1.4587454387849945
384,38.3008,1.5004601472166574
385,38.4008,1.3852993892509529
386,38.5008,1.4334677978157515
387,38.6008,1.479662127057772
388,38.7008,1.5539324469826081
389,38.8008,1.3551747734573218
390,38.9008,1.4478995955251621
391,39.0008,1.4579442897679076
392,39.1008,1.3852713387436653
393,39.2008,1.460318251583646
394,39.3008,1.5406656504135383
395,39.4008,1.485108377803822
396,39.5008,1.467656535688528
397,39.6008,1.4051374822126428
398,39.7008,1.4239694517910133
399,39.8008,1.5438184149672922
400,39.9008,1.4150827633924532
401,40.0008,1.4902909052340885
402,40.1008,1.4415815853461118
403,40.2008,1.4480890762577208
404,40.3008,1.388013223838451
405,40.4008,1.565231228926757
406,40.5008,1.4067306148238123
407,40.6008,1.4638116441948594
408,40.7008,1.4990028764278656
409,40.8008,1.479415154160858
410,40.9008,1.5318127097172571
411,41.0008,1.5311202559033172
412,41.1008,1.5477326270418674
413,41.2008,1.32806814776648
414,41.3008,1.5188049217739652
415,41.4008,1.4488393322736246
416,41.5008,1.5437488724962194
417,41.6008,1.6270708270197738
418,41.7008,1.3709585148324612
419,41.8008,1.4970750254778522
420,41.9008,1.45187250015568
421,42.0008,1.5245029942437762
422,42.1008,1.4603505809428567
423,42.2008,1.4629506569531898
424,42.3008,1.4498595479182863
425,42.4008,1.4312678532199192
426,42.5008,1.5462317940819896
427,42.6009,1.5257573783784633
428,42.7009,1.529762727659323
429,42.8009,1.4784688534621462
430,42.9009,1.4472899285647514
431,43.0009,1.5441337031062872
432,43.1009,1.5146834786977683
433,43.2009,1.551223135723973
434,43.3009,1.5421288502267527
435,43.4009,1.4104850072215018
436,43.5009,1.3139719289109835
437,43.6009,1.4569542080203017
438,43.7009,1.48128199267284
439,43.8009,1.490119568376875
440,43.9009,1.462570615372212
441,44.0009,1.59728947465085
442,44.1009,1.5916268211343172
443,44.2009,1.4690639830979872
444,44.3009,1.4390186873510415
445,44.4009,1.465198532690263
446,44.5009,1.551531707245381
447,44.6009,1.4962305336919217
448,44.7009,1.416383353813786
449,44.8009,1.42298984909065
450,44.9009,1.4380554178958456
451,45.0009,1.401167064723879
452,45.1009,1.4384622506208258
453,45.2009,1.389188234257469
454,45.3009,1.4816044698474526
455,45.4009,1.5513809672543806
456,45.5009,1.6415590228368593
457,45.6009,1.5480752903200998
458,45.7009,1.5042744781826058
459,45.8009,1.4476692863391212
460,45.9009,1.4798862033998716
461,46.0009,1.5574172842786358
462,46.1009,1.6084537267029684
463,46.2009,1.3102225006719437
464,46.3009,1.4721089537802405
465,46.4009,1.4855408353049604
466,46.5009,1.4875266732856431
467,46.6009,1.4355022805118554
468,46.7009,1.5554132555540596
469,46.8009,1.4296419744183737
470,46.9009,1.4431817168260073
471,47.0009,1.4971353005525392
472,47.1009,1.3615054234394772
473,47.2009,1.4016191523067592
474,47.3009,1.4468096224774993
475,47.4009,1.435191242768403
476,47.501,1.5190233744535102
477,47.601,1.4482086511999008
478,47.701,1.4512710904984858
479,47.801,1.4828013783721072
480,47.901,1.4632710374148807
481,48.001,1.3943199808316717
482,48.101,1.5236461227706488
483,48.201,1.3988373164386423
484,48.301,1.4440672199731177
485,48.401,1.4795292388519197
486,48.501,1.385356442026791
487,48.601,1.460971622354825
488,48.701,1.6315581812212037
489,48.801,1.3231096229745556
490,48.901,1.3322668251484062
491,49.001,1.5147456812179376
492,49.101,1.4358702020204237
493,49.201,1.4547542941089913
494,49.301,1.4249612434554766
495,49.401,1.3780413192039271
496,49.501,1.3480639304294968
497,49.601,1.4925015662212064
498,49.701,1.4420966062906637
499,49.801,1.3721743149836847
500,49.901,1.398209155658156
501,50.001,1.4458006947356257
502,50.101,1.4255197716205368
503,50.201,1.4493247139073802
504,50.301,1.4816736217942945
505,50.401,1.5344854152371081
506,50.501,1.4024539422634597
507,50.601,1.5056858266451372
508,50.701,1.481000772724333
509,50.801,1.5175976305794447
510,50.901,1.3641514356799287
511,51.001,1.487865404673757
512,51.101,1.4158585805571404
513,51.201,1.4184963059460005
514,51.301,1.529014521859088
515,51.401,1.4113174041972518
516,51.501,1.4475566765568606
517,51.601,1.4194719464481311
518,51.701,1.4981562813829827
519,51.801,1.5507534211134077
520,51.901,1.35582297318145
521,52.001,1.524851761034026
522,52.101,1.4377862478570913
523,52.201,1.469310518223262
524,52.301,1.502871045956833
525,52.401,1.5334505685736768
526,52.5011,1.4308669437235084
527,52.6011,1.5060264990415095
528,52.7011,1.426620059166439
529,52.8011,1.4838237079824246
530,52.9011,1.4714878760230312
531,53.0011,1.4783541449428248
532,53.1011,1.481351802390143
533,53.2011,1.4209043384147997
534,53.3011,1.432176043648969
535,53.4011,1.506379616101023
536,53.5011,1.3488795598953571
537,53.6011,1.4517881188038022
538,53.7011,1.5404322918458921
539,53.8011,1.430741827510823
540,53.9011,1.4862732649182993
541,54.0011,1.4361784549226473
542,54.1011,1.484572476402217
543,54.2011,1.4050985578143251
544,54.3011,1.371434285140973
545,54.4011,1.484950203055798
546,54.5011,1.4075097370674339
547,54.6011,1.396682391951074
548,54.7011,1.45639956501832
549,54.8011,1.4054160268706468
550,54.9011,1.4168084520532045
551,55.0011,1.486969318378775
552,55.1011,1.4372493035583136
553,55.2011,1.482256157075353
554,55.3011,1.3660493143757795
555,55.4011,1.4722869513620571
556,55.5011,1.3382884025780053
557,55.6011,1.4714235827861994
558,55.7011,1.3306780016498778
559,55.8011,1.412551492862497
560,55.9011,1.3993716490924555
561,56.0011,1.4236759126130323
562,56.1011,1.4572837271351022
563,56.2011,1.4273472038042903
564,56.3011,1.457573129738785
565,56.4011,1.4352645024806898
566,56.5011,1.5260063478657364
567,56.6011,1.3760117627066366
568,56.7011,1.545275053275575
569,56.8011,1.5177475221464827
570,56.9011,1.5366482745380672
571,57.0011,1.4818392287467426
572,57.1011,1.3388988634788286
573,57.2011,1.3642579410947924
574,57.3011,1.5395720599421834
575,57.4011,1.448340760554326
576,57.5012,1.4557124933379435
577,57.6012,1.4545198230057819
578,57.7012,1.4984088285618946
579,57.8012,1.5110044309984938
580,57.9012,1.5011622151914132
581,58.0012,1.5281079401873796
582,58.1012,1.439955674965691
583,58.2012,1.5558860661917573
584,58.3012,1.4133167662234458
585,58.4012,1.4806154189112999
586,58.5012,1.450234321846048
587,58.6012,1.4612588720906425
588,58.7012,1.4064678069897236
589,58.8012,1.366976232760442
590,58.9012,1.4073042234930646
591,59.0012,1.4035997218357208
592,59.1012,1.5145874481906885
593,59.2012,1.4973836870413513
594,59.3012,1.5340136808413254
595,59.4012,1.4606172636818087
596,59.5012,1.3978851768961942
597,59.6012,1.4643155429600543
598,59.7012,1.429348470393945
599,59.8012,1.4903491659016057
600,59.9012,1.3731727994646874
601,60.0012,1.384427122583594
602,60.1012,1.5311115291130295
603,60.2012,1.590901911251279
604,60.3012,1.4743359080509304
605,60.4012,1.4778218364397084
606,60.5012,1.3974024908420568
607,60.6012,1.4966965684458764
608,60.7012,1.465133014906941
609,60.8012,1.5073139420629318
610,60.9012,1.1620689732257563
611,61.0012,1.0838192286325175
612,61.1012,1.2018865113885548
613,61.2012,1.2019045807064446
614,61.3012,1.1327833118703425
615,61.4012,1.2012403006480272
616,61.5012,1.0999888692675184
617,61.6012,1.0516679366045154
618,61.7012,1.3380041811449774
619,61.8012,1.1795757035203105
620,61.9012,1.0763893281707198
621,62.0012,1.091094471462756
622,62.1012,1.1654304333973335
623,62.2012,1.1640717128663907
624,62.3012,1.2707930658682272
625,62.4012,1.0814763829015759
626,62.5012,1.1808092488297883
627,62.6013,1.1658244717061699
628,62.7013,1.0477407257999667
629,62.8013,1.193947230133573
630,62.9013,1.101293203867963
631,63.0013,1.174321385171637
632,63.1013,1.1675838991412204
633,63.2013,1.07553893057821
634,63.3013,1.1663706745631806
635,63.4013,1.1140836676580506
636,63.5013,1.1509195216971746
637,63.6013,1.0445971589475944
638,63.7013,1.2103406385096493
639,63.8013,1.131240090234695
640,63.9013,1.0896547822458864
641,64.0013,1.265865068327784
642,64.1013,1.1589412258647325
643,64.2013,1.1933796269511363
644,64.3013,1.1774515734088322
645,64.4013,1.1181596900578037
646,64.5013,1.0621662216319188
647,64.6013,1.126572822534231
648,64.7013,1.1871010825069341
649,64.8013,1.0666798542210385
650,64.9013,1.1859393179721405
651,65.0013,1.102921846917754
652,65.1013,1.1642843022948992
653,65.2013,1.1764563057407533
654,65.3013,1.1994182570133536
655,65.4013,1.0849081875315445
656,65.5013,1.2481344992953856
657,65.6013,1.1431562077973063
658,65.7013,1.1247540252757189
659,65.8013,1.0679604188948928
660,65.9013,1.2098382986335883
661,66.0013,1.162520390503913
662,66.1013,1.2959535638725426
663,66.2013,1.026633446422879
664,66.3013,1.2216989716635824
665,66.4013,1.2464597298464106
666,66.5013,1.2063052251545157
667,66.6013,1.1149595981579974
668,66.7013,1.161536544903065
669,66.8013,1.091757088272949
670,66.9013,1.2648585352506296
671,67.0013,1.1818339077320272
672,67.1013,1.2238174851451993
673,67.2013,1.1938769650144045
674,67.3013,1.2422057876825092
675,67.4013,1.1216106480694166
676,67.5014,1.2181145349542735
677,67.6014,1.1028728298530173
678,67.7014,1.1302652511186742
679,67.8014,1.129198507317962
680,67.9014,1.0851258123528342
681,68.0014,1.1081045704809425
682,68.1014,1.0953845268376996
683,68.2014,1.2432904169031969
684,68.3014,1.1281556542891227
685,68.4014,1.133912119448021
686,68.5014,1.2821250391170427
687,68.6014,1.1350406662484158
688,68.7014,1.3092048397194729
689,68.8014,1.1966323351897805
690,68.9014,1.151729299463749
691,69.0014,1.1138879221009197
692,69.1014,1.0468292058895405
693,69.2014,1.1537148624795854
694,69.3014,1.3525004620447747
695,69.4014,1.2070087478743639
696,69.5014,1.202946246588513
697,69.6014,1.2236848378950593
698,69.7014,1.1716537399462117
699,69.8014,1.199629290442126
700,69.9014,1.1471892589334962
701,70.0014,1.1355481804272787
702,70.1014,1.211212032512146
703,70.2014,1.1816036701287371
704,70.3014,1.1960996851275034
705,70.4014,1.0734373639553068
706,70.5014,1.0633563941603135
707,70.6014,1.2134348191980353
708,70.7014,1.1383486275553245
709,70.8014,1.2135341142186074
710,70.9014,1.1557736620772174
711,71.0014,1.1109989737709987
712,71.1014,1.1575545375817278
713,71.2014,1.1481555328383644
714,71.3014,1.1723733591690535
715,71.4014,1.2140324509316958
716,71.5014,1.2966201406169886
717,71.6014,1.1514698357846416
718,71.7014,1.1225200415860035
719,71.8014,1.016805154402242
720,71.9014,1.2783394354688011
721,72.0014,1.0756090806038452
722,72.1014,1.1004552899744031
723,72.2014,1.168855630858766
724,72.3014,1.2112040565255333
725,72.4014,1.1861169212756824
726,72.5014,1.1365979277578493
727,72.6015,1.1910096749387293
728,72.7015,1.0782402922656105
729,72.8015,1.154182776042203
730,72.9015,1.1151293246245342
731,73.0015,1.154504158112129
732,73.1015,1.1400461675450242
733,73.2015,1.0926630215869066
734,73.3015,1.0913346798197747
735,73.4015,1.1936688479359343
736,73.5015,1.2276234665743242
737,73.6015,1.1546756501600608
738,73.7015,1.117707078374045
739,73.8015,1.1657366151018986
740,73.9015,1.157664208452201
741,74.0015,1.3165716446529665
742,74.1015,1.139150084986967
743,74.2015,1.1031370722092182
744,74.3015,1.1985112680967587
745,74.4015,1.1770943409944925
746,74.5015,1.1773598786879136
747,74.6015,1.0420348558848118
748,74.7015,1.1089677385348076
749,74.8015,1.1416733648647992
750,74.9015,1.0461531951787906
751,75.0015,1.2082229345693765
752,75.1015,1.1211958616663082
753,75.2015,1.1050924184114024
754,75.3015,1.1617955430200748
755,75.4015,1.1218693132820592
756,75.5015,1.0749157515636458
757,75.6015,1.2151980671340579
758,75.7015,1.1234912580934078
759,75.8015,1.2604965454682422
760,75.9015,1.090220178782882
761,76.0015,1.1981130695101903
762,76.1015,1.1376390548324784
763,76.2015,1.1537586513747522
764,76.3015,1.1347697940083477
765,76.4015,1.191381692319953
766,76.5015,1.19096014316057
767,76.6015,1.1435282757969365
768,76.7015,1.116144291871793
769,76.8015,1.1786780195591129
770,76.9015,1.1472636507154215
771,77.0015,1.1381744175977475
772,77.1015,1.1205841156582614
773,77.2015,1.1592730281481478
774,77.3015,1.2469502230803278
775,77.4015,1.1193337066669082
776,77.5016,1.1183009135944357
777,77.6016,1.1131571215609617
778,77.7016,1.1756383594575133
779,77.8016,1.2846061167149674
780,77.9016,1.026930572164628
781,78.0016,1.1523134584307606
782,78.1016,1.152931715033426
783,78.2016,1.2456679677857851
784,78.3016,1.3513493960182597
785,78.4016,1.2457627427206475
786,78.5016,1.0701149876911837
787,78.6016,1.3480076943134984
788,78.7016,1.1020430693798915
789,78.8016,1.135097018615145
790,78.9016,1.1872418634195248
791,79.0016,1.109339554396964
792,79.1016,1.2036171892069776
793,79.2016,1.194204716852674
794,79.3016,1.1522204172178558
795,79.4016,1.1545900173668249
796,79.5016,1.0525189362490963
797,79.6016,1.2741495239079645
798,79.7016,1.2634863958454123
799,79.8016,1.0768417009018458
800,79.9016,1.1551447732778592
801,80.0016,1.0960605526810734
802,80.1016,1.1104632788483857
803,80.2016,1.2817236545140434
804,80.3016,1.1260720517439404
805,80.4016,1.1248405318560855
806,80.5016,1.2703048901525869
807,80.6016,1.082320553882754
808,80.7016,1.2102577783231525
809,80.8016,1.183047125833752
810,80.9016,1.1606901927238167
811,81.0016,1.1993194476913054
812,81.1016,1.2196222856626735
813,81.2016,1.2224922428593705
814,81.3016,1.3046618251676312
815,81.4016,1.119937288953768
816,81.5016,1.2560282711833888
817,81.6016,1.320624168703363
818,81.7016,1.224264159365134
819,81.8016,1.4036108024535108
820,81.9016,1.239393441717871
821,82.0016,1.2854734900460927
822,82.1016,1.4181734996228053
823,82.2016,1.464156356786575
824,82.3016,1.4363328168426228
825,82.4016,1.4085444579906463
826,82.5017,1.4132702607951448
827,82.6017,1.4092005895878217
828,82.7017,1.410509706500016
829,82.8017,1.3798399338333265
830,82.9017,1.4032477637867173
831,83.0017,1.5215450771478412
832,83.1017,1.5253269204777797
833,83.2017,1.4045633133954538
834,83.3017,1.350870545154713
835,83.4017,1.3975099916900493
836,83.5017,1.2955634251980914
837,83.6017,1.3611534784658081
838,83.7017,1.4713547694416305
839,83.8017,1.4082296002639982
840,83.9017,1.4269575113963
841,84.0017,1.3246852579592936
842,84.1017,1.453611167802193
843,84.2017,1.4106857519582408
844,84.3017,1.4465094689888436
845,84.4017,1.4917999506417972
846,84.5017,1.3890167307961412
847,84.6017,1.32683651122773
848,84.7017,1.4859994601530726
849,84.8017,1.3907726609483033
850,84.9017,1.4885329578715014
851,85.0017,1.4037949247843005
852,85.1017,1.241704539767887
853,85.2017,1.116009489089479
854,85.3017,1.2724030527319847
855,85.4017,1.1393424077078957
856,85.5017,1.265283418786119
857,85.6017,1.1530450413026276
858,85.7017,1.2561686401941239
859,85.8017,1.1234048196460413
860,85.9017,1.095940886144005
861,86.0017,1.1945702780633523
862,86.1017,1.2269253551857282
863,86.2017,1.1652802487563467
864,86.3017,1.0740652427798927
865,86.4017,1.2586173626546795
866,86.5017,1.0198061488728316
867,86.6017,1.1549912729026237
868,86.7017,1.194355095970711
869,86.8017,1.1223119756980615
870,86.9017,1.1194434023447088
871,87.0017,1.0392915195534564
872,87.1017,1.1768731597926227
873,87.2017,1.1919224819047165
874,87.3017,1.1571965429555187
875,87.4017,1.1815640475695108
876,87.5018,1.3839404086993703
877,87.6018,1.282603539217246
878,87.7018,1.1072685132641609
879,87.8018,1.0663923882930422
880,87.9018,1.2075792129829832
881,88.0018,1.1716497983507757
882,88.1018,1.1569307029949545
883,88.2018,1.1177460088422644
884,88.3018,1.0277927570391892
885,88.4018,1.217625081519037
886,88.5018,1.2120767466503386
887,88.6018,1.0973000469385101
888,88.7018,1.2186255936965813
889,88.8018,1.1111841931328443
890,88.9018,1.1602166689465558
891,89.0018,1.2047120085313527
892,89.1018,1.1822756657141342
893,89.2018,1.1808610104273214
894,89.3018,1.0686257171362392
895,89.4018,1.2522053504394488
896,89.5018,1.216598372406966
897,89.6018,1.0469684173335672
898,89.7018,1.2502170114205164
899,89.8018,1.056689611331137
900,89.9018,1.3203240077495058
901,90.0018,1.2410637910311921
902,90.1018,1.1153838241154284
903,90.2018,1.068784833371817
904,90.3018,1.0659632392563523
905,90.4018,1.1245954162257672
906,90.5018,1.2144206657295369
907,90.6018,1.1470365319425475
908,90.7018,1.0899848414644462
909,90.8018,1.1466047892924687
910,90.9018,1.1351586705525845
911,91.0018,1.2469594719985377
912,91.1018,1.4217439133239702
913,91.2018,1.1043110035255503
914,91.3018,1.1563236763083757
915,91.4018,1.034408554904023
916,91.5018,1.1047083038655323
917,91.6018,1.180071065638893
918,91.7018,1.156350920395398
919,91.8018,1.1132680300718847
920,91.9018,1.144657953452733
921,92.0018,1.3261822224726934
922,92.1018,1.0762737712867403
923,92.2018,1.2482691185690171
924,92.3018,1.1803153053017095
925,92.4018,1.1179352442247188
926,92.5019,1.0964911251989524
927,92.6019,1.195899461601768
928,92.7019,1.121711772039625
929,92.8019,1.0829982294654872
930,92.9019,1.0152238274022567
931,93.0019,1.2318272194641435
932,93.1019,1.0765405208518153
933,93.2019,1.1951284588697253
934,93.3019,1.1437815736012027
935,93.4019,1.079834815167608
936,93.5019,1.2511680979546254
937,93.6019,1.1717429624754414
938,93.7019,1.0693406208494867
939,93.8019,1.0691032584867022
940,93.9019,1.1191789525012583
941,94.0019,1.144429744893978
942,94.1019,1.117801778153398
943,94.2019,1.1444669830692995
944,94.3019,1.059705661142212
945,94.4019,1.1105184346644308
946,94.5019,1.0744132976883403
947,94.6019,1.1116429631472418
948,94.7019,1.1042830452310317
949,94.8019,1.1529157809365091
950,94.9019,1.2746584172597264
951,95.0019,1.1609204393141956
952,95.1019,1.0342490960072315
953,95.2019,1.091650382127711
954,95.3019,1.131886548095492
955,95.4019,1.1305232448159745
956,95.5019,1.2323292064672604
957,95.6019,1.0833086832694743
958,95.7019,1.1139620911677468
959,95.8019,1.0852856594360976
960,95.9019,1.1391373172558799
961,96.0019,1.114271772242572
962,96.1019,1.215001766388089
963,96.2019,1.2801984130591357
964,96.3019,1.165734730073788
965,96.4019,1.036296947550137
966,96.5019,1.0529835306268407
967,96.6019,1.3195509042777853
968,96.7019,1.2958976698645874
969,96.8019,1.2233865128777577
970,96.9019,1.1091835293408279
971,97.0019,1.1051466943270858
972,97.1019,1.2506532917037734
973,97.2019,1.2162040335077313
974,97.3019,1.089364008193801
975,97.4019,1.1081358987007168
976,97.5019,1.1643629283482626
977,97.602,1.1611624662430686
978,97.702,1.0358817068427413
979,97.802,1.235829323194869
980,97.902,1.196394218519919
981,98.002,1.0388776570372502
982,98.102,1.1679153076237534
983,98.202,1.1232165362312745
984,98.302,1.0630730664601222
985,98.402,1.1814948218937806
986,98.502,1.2261217050172173
987,98.602,1.432258635947983
988,98.702,1.426528921592609
989,98.802,1.315760365766612
990,98.902,1.4509454510985909
991,99.002,1.430226886896046
992,99.102,1.4862992046823045
993,99.202,1.3945242970347826
994,99.302,1.4387715744481273
995,99.402,1.4363062326869775
996,99.502,1.403087111863143
997,99.602,1.5153459140715972
998,99.702,1.41670231670638
999,99.802,1.4486455998463954
1000,99.902,1.4478919149885088
1001,100.002,1.3275119562320314
1002,100.102,1.3678638427049679
1003,100.202,1.51846274501251
1004,100.302,1.3669014855839667
1005,100.402,1.4253877380920998
1006,100.502,1.405384661297202
1007,100.602,1.3747533787914155
1008,100.702,1.3476358840942058
1009,100.802,1.3654161110008451
1010,100.902,1.3623365432575192
1011,101.002,1.4736642667105662
1012,101.102,1.455927250275342
1013,101.202,1.4107111144595321
1014,101.302,1.451748366958781
1015,101.402,1.415919134984921
1016,101.502,1.4529069426841434
1017,101.602,1.5438291289331456
1018,101.702,1.4383757145697684
1019,101.802,1.3957508431273415
1020,101.902,1.421974442169021
1021,102.002,1.3406780992977685
1022,102.102,1.4680516380160091
1023,102.202,1.3687373231737097
1024,102.302,1.4224296618909869
1025,102.402,1.3894994799005265
1026,102.502,1.3923839350398994
1027,102.6021,1.4527731112889486
1028,102.7021,1.3743102569166088
1029,102.8021,1.4413723010714878
1030,102.9021,1.406376233582245
1031,103.0021,1.4106485361610264
1032,103.1021,1.3511007478614006
1033,103.2021,1.445108007001722
1034,103.3021,1.4804789985059876
1035,103.4021,1.3633510241451983
1036,103.5021,1.3615772600298872
1037,103.6021,1.391995284459501
1038,103.7021,1.4393804218889044
1039,103.8021,1.493601599144723
1040,103.9021,1.408896888753387
1041,104.0021,1.5242315648381632
1042,104.1021,1.4632748216112337
1043,104.2021,1.4272633881397254
1044,104.3021,1.401787665049367
1045,104.4021,1.5073301563637784
1046,104.5021,1.4604234285928925
1047,104.6021,1.5000470952138099
1048,104.7021,1.4394324361958846
1049,104.8021,1.4220074119430983
1050,104.9021,1.4697931998327187
1051,105.0021,1.3397528363902205
1052,105.1021,1.4357092335757389
1053,105.2021,1.5834089915378085
1054,105.3021,1.4359358947841285
1055,105.4021,1.362164137124321
1056,105.5021,1.3934104044269808
1057,105.6021,1.4646490474178524
1058,105.7021,1.356833210409336
1059,105.8021,1.3771343988956004
1060,105.9021,1.4635515696598937
1061,106.0021,1.484912384071985
1062,106.1021,1.3744288062489944
1063,106.2021,1.4578023724786182
1064,106.3021,1.3736264920251604
1065,106.4021,1.4592506467853907
1066,106.5021,1.4421418887443442
1067,106.6021,1.460743460611542
1068,106.7021,1.3311321316833622
1069,106.8021,1.3897873390411486
1070,106.9021,1.319419880867493
1071,107.0021,1.4693330041500718
1072,107.1021,1.3889055711257767
1073,107.2021,1.4824537684037324
1074,107.3021,1.431815790120409
1075,107.4021,1.434608849073984
1076,107.5022,1.4722346651690974
1077,107.6022,1.4731346726423706
1078,107.7022,1.4124227408111272
1079,107.8022,1.4823476175278842
1080,107.9022,1.5300493821769319
1081,108.0022,1.432337907435528
1082,108.1022,1.5208163251464124
1083,108.2022,1.4785370759703544
1084,108.3022,1.5113653335553474
1085,108.4022,1.5169634465228423
1086,108.5022,1.3875831167633244
1087,108.6022,1.4568705190907862
1088,108.7022,1.4310323646681635
1089,108.8022,1.4613788150625822
1090,108.9022,1.3563145575828146
1091,109.0022,1.448239409461334
1092,109.1022,1.4213726891778458
1093,109.2022,1.387690870968428
1094,109.3022,1.4639079603932674
1095,109.4022,1.3984811291896255
1096,109.5022,1.3712212309662182
1097,109.6022,1.3483021953157939
1098,109.7022,1.4900583566204015
1099,109.8022,1.4848048306110029
1100,109.9022,1.411425755825801
1101,110.0022,1.465010602974125
1102,110.1022,1.5369505506246055
1103,110.2022,1.4659749220007436
1104,110.3022,1.4204802354979245
1105,110.4022,1.4753340488023778
1106,110.5022,1.4822353496228604
1107,110.6022,1.437683676217675
1108,110.7022,1.4883684927154432
1109,110.8022,1.4000264939823424
1110,110.9022,1.4673784307917337
1111,111.0022,1.4601082904938316
1112,111.1022,1.4362716514498186
1113,111.2022,1.4214004804218854
1114,111.3022,1.3885390004296985
1115,111.4022,1.5314523646164977
1116,111.5022,1.4855771716063337
1117,111.6022,1.5688870818012732
1118,111.7022,1.382891453677131
1119,111.8022,1.4315742196088952
1120,111.9022,1.4110685998088741
1121,112.0022,1.4402245603621646
1122,112.1022,1.6377415728727929
1123,112.2022,1.4958837583471993
1124,112.3022,1.5308770395019708
1125,112.4022,1.499618984086493
1126,112.5023,1.5224036668902192
1127,112.6023,1.5165367489296986
1128,112.7023,1.485505993061759
1129,112.8023,1.4467894410864834
1130,112.9023,1.4581867955755756
1131,113.0023,1.4984331341093096
1132,113.1023,1.4547426570219288
1133,113.2023,1.4506797686574329
1134,113.3023,1.4325358417179432
1135,113.4023,1.4709567890310673
1136,113.5023,1.5115028039485283
1137,113.6023,1.4817561680202018
1138,113.7023,1.4557412624924044
1139,113.8023,1.4620565993096675
1140,113.9023,1.493580859098208
1141,114.0023,1.3444019745118039
1142,114.1023,1.4098822355281997
1143,114.2023,1.5029878015299358
1144,114.3023,1.3754284982992808
1145,114.4023,1.4203973619162766
1146,114.5023,1.4253354366582425
1147,114.6023,1.3775808139764518
1148,114.7023,1.4763891151162822
1149,114.8023,1.447699303348913
1150,114.9023,1.4593592326900175
1151,115.0023,1.4627735812931912
1152,115.1023,1.4642189378851493
1153,115.2023,1.4124007720794098
1154,115.3023,1.4485801262323403
1155,115.4023,1.3106293187020224
1156,115.5023,1.4565817992364456
1157,115.6023,1.4592108195090427
1158,115.7023,1.5159771581044594
1159,115.8023,1.4580994602376869
1160,115.9023,1.364053898578035
1161,116.0023,1.3956408020114914
1162,116.1023,1.4070310224427884
1163,116.2023,1.4412514273193875
1164,116.3023,1.462797490631778
1165,116.4023,1.4379714327241284
1166,116.5023,1.420124714011122
1167,116.6023,1.3170920971840714
1168,116.7023,1.4323827046215563
1169,116.8023,1.4356307573866514
1170,116.9023,1.3719964814080114
1171,117.0023,1.4346085982607668
1172,117.1023,1.5007969210541605
1173,117.2023,1.4294321586597474
1174,117.3023,1.4675051128118384
1175,117.4023,1.446133796749257
1176,117.5024,1.49983602060883
1177,117.6024,1.357654096059268
1178,117.7024,1.3388982134287641
1179,117.8024,1.4394001222567216
1180,117.9024,1.4026109772631632
1181,118.0024,1.477125238922683
1182,118.1024,1.5397364799599327
1183,118.2024,1.4381715697069049
1184,118.3024,1.4215272494780238
1185,118.4024,1.457892613796907
1186,118.5024,1.572936024873641
1187,118.6024,1.4251661936728859
1188,118.7024,1.530279872229795
1189,118.8024,1.4357235607478396
1190,118.9024,1.4484519152114377
1191,119.0024,1.476126606556339
1192,119.1024,1.4289203383283748
1193,119.2024,1.4832739700082735
1194,119.3024,1.4759351549927802
1195,119.4024,1.4123462080130844
1196,119.5024,1.3809261366976375
1197,119.6024,1.4496740032396778
1198,119.7024,1.4540883797871589
1199,119.8024,1.5174630492306935
1200,119.9024,1.4090946418078047
1201,120.0024,1.5038947694310036
1202,120.1024,1.5701040483193751
1203,120.2024,1.4202658684525782
1204,120.3024,1.5147607784176127
1205,120.4024,1.5826903334592526
1206,120.5024,1.487046686034411
1207,120.6024,1.5290003459406798
1208,120.7024,1.4595766128768488
1209,120.8024,1.4922179643961189
1210,120.9024,1.428018830973716
1211,121.0024,1.442711049359556
1212,121.1024,1.438373098096701
1213,121.2024,1.4309316312841034
1214,121.3024,1.3721179758516882
1215,121.4024,1.5413058875876542
1216,121.5024,1.370589828183671
1217,121.6024,1.4224507975214784
1218,121.7024,1.4444013684051815
1219,121.8024,1.5223651472452198
1220,121.9024,1.6291682363223032
1221,122.0024,1.4373647481262157
1222,122.1024,1.494846996775406
1223,122.2024,1.6112418536071107
1224,122.3024,1.5026700114282086
1225,122.4024,1.3811616680633316
1226,122.5024,1.5580120275929439
1227,122.6025,1.4583005904851793
1228,122.7025,1.572001138445362
1229,122.8025,1.499921346464841
1230,122.9025,1.4105807188085948
1231,123.0025,1.4562052792921274
1232,123.1025,1.5067299402137653
1233,123.2025,1.5385244608349762
1234,123.3025,1.4533836223911711
1235,123.4025,1.4437906625274568
1236,123.5025,1.4795156519126575
1237,123.6025,1.3973190758642136
1238,123.7025,1.4570594501991883
1239,123.8025,1.394513480099893
1240,123.9025,1.3164327229354356
1241,124.0025,1.4493779389527588
1242,124.1025,1.3842277036963015
1243,124.2025,1.5426840481349853
1244,124.3025,1.545426343334748
1245,124.4025,1.407339128402823
1246,124.5025,1.4136441252939862
1247,124.6025,1.4361059838677244
1248,124.7025,1.3826942019578023
1249,124.8025,1.4516161825899572
1250,124.9025,1.5331469712693089
1251,125.0025,1.420081127143365
1252,125.1025,1.4493624890188068
1253,125.2025,1.4265448613722138
1254,125.3025,1.5030733276657113
1255,125.4025,1.3759319790287199
1256,125.5025,1.5141993416037494
1257,125.6025,1.4132044787898408
1258,125.7025,1.4220652553445638
1259,125.8025,1.5439931790991008
1260,125.9025,1.3723976882286373
1261,126.0025,1.4110896279695655
1262,126.1025,1.389156845220034
1263,126.2025,1.4634841764346613
1264,126.3025,1.4420312667297868
1265,126.4025,1.4631509077637348
1266,126.5025,1.5763729996973548
1267,126.6025,1.4314313487800556
1268,126.7025,1.6322470486935334
1269,126.8025,1.4518405181461083
1270,126.9025,1.4764280665477587
1271,127.0025,1.458925803056515
1272,127.1025,1.4296883136295444
1273,127.2025,1.5731608939828858
1274,127.3025,1.6229533504097546
1275,127.4025,1.4773509261900961
1276,127.5025,1.440219710948143
1277,127.6026,1.497240582413001
1278,127.7026,1.4313721319836061
1279,127.8026,1.3870863860207956
1280,127.9026,1.4604474296380487
1281,128.0026,1.4151666649247996
1282,128.1026,1.4458260604100914
1283,128.2026,1.506578615059398
1284,128.3026,1.448151844359595
1285,128.4026,1.491007528039378
1286,128.5026,1.419019632287466
1287,128.6026,1.4000843932301428
1288,128.7026,1.4390685619760741
1289,128.8026,1.4321146743025999
1290,128.9026,1.4221344547249444
1291,129.0026,1.4092411698332243
1292,129.1026,1.5208089957977375
1293,129.2026,1.4607148206295428
1294,129.3026,1.4718627500145596
1295,129.4026,1.4436605237391105
1296,129.5026,1.429169094078003
1297,129.6026,1.481216669299935
1298,129.7026,1.5142093110237922
1299,129.8026,1.3623797938099684
1300,129.9026,1.5069795524002112
1301,130.0026,1.57220108416006
1302,130.1026,1.4713946717758029
1303,130.2026,1.6114674912749112
1304,130.3026,1.3673012341419837
1305,130.4026,1.4076338075714696
1306,130.5026,1.5098004785295662
1307,130.6026,1.4786059423315698
1308,130.7026,1.393842166620275
1309,130.8026,1.4930802191751886
1310,130.9026,1.3978410208961909
1311,131.0026,1.600067704289239
1312,131.1026,1.5085216836274449
1313,131.2026,1.5079689844343276
1314,131.3026,1.45495398800981
1315,131.4026,1.6006080392293733
1316,131.5026,1.483747635263882
1317,131.6026,1.5148995788563904
1318,131.7026,1.5981704720144314
1319,131.8026,1.4383824408389487
1320,131.9026,1.3823172071323195
1321,132.0026,1.5013553075181232
1322,132.1026,1.4609261306533288
1323,132.2026,1.443377229015059
1324,132.3026,1.4201911761907877
1325,132.4026,1.5373144452840604
1326,132.5026,1.348242744790037
1327,132.6027,1.450376720550723
1328,132.7027,1.4872638620151142
1329,132.8027,1.4415117076455761
1330,132.9027,1.5969707292091184
1331,133.0027,1.4540566147089018
1332,133.1027,1.4556350274432652
1333,133.2027,1.4406915015968547
1334,133.3027,1.364259473957893
1335,133.4027,1.4069903705170101
1336,133.5027,1.2832402404126986
1337,133.6027,1.4000593031008728
1338,133.7027,1.408248800964921
1339,133.8027,1.3835987143653283
1340,133.9027,1.427276977610832
1341,134.0027,1.4960070011256943
1342,134.1027,1.4707076659162208
1343,134.2027,1.4809339754778645
1344,134.3027,1.4719442294165221
1345,134.4027,1.5407383353972834
1346,134.5027,1.4345664801005333
1347,134.6027,1.45814545702386
1348,134.7027,1.5183029879709196
1349,134.8027,1.4265355539078621
1350,134.9027,1.3959414417699207
1351,135.0027,1.4236506027081952
1352,135.1027,1.3686369671871632
1353,135.2027,1.4535499317400222
1354,135.3027,1.4370644499342722
1355,135.4027,1.4308469774819828
1356,135.5027,1.4553482740883068
1357,135.6027,1.4620013432027004
1358,135.7027,1.4593501422450696
1359,135.8027,1.5086507012953478
1360,135.9027,1.5640024597266722
1361,136.0027,1.4560073519392425
1362,136.1027,1.4460216696295918
1363,136.2027,1.4515153548993194
1364,136.3027,1.4803188242267578
1365,136.4027,1.4776843873148
1366,136.5027,1.5416315560197047
1367,136.6027,1.3747135779242277
1368,136.7027,1.3802149261250172
1369,136.8027,1.4517708173520487
1370,136.9027,1.4132643243392173
1371,137.0027,1.4043118553971679
1372,137.1027,1.54992469626908
1373,137.2027,1.4776150275917737
1374,137.3027,1.359968083409381
1375,137.4027,1.4752220966335348
1376,137.5027,1.5746783185390048
1377,137.6028,1.4172708257523279
1378,137.7028,1.6264107728738548
1379,137.8028,1.5810295358007362
1380,137.9028,1.378961471235988
1381,138.0028,1.4184233288587078
1382,138.1028,1.4660048918286328
1383,138.2028,1.4225173682828263
1384,138.3028,1.4880684139561655
1385,138.4028,1.3067400956197643
1386,138.5028,1.4094425980905383
1387,138.6028,1.3125636233960174
1388,138.7028,1.3603853653123257
1389,138.8028,1.4808633400407785
1390,138.9028,1.3910425368314525
1391,139.0028,1.4193745304864633
1392,139.1028,1.4140554592817287
1393,139.2028,1.578428286867771
1394,139.3028,1.4460905666357624
1395,139.4028,1.405304373335661
1396,139.5028,1.4320333410228043
1397,139.6028,1.0540837470217517
1398,139.7028,1.1047875270357568
1399,139.8028,1.1970136845015982
1400,139.9028,1.062617757322825
1401,140.0028,1.1277236564285347
1402,140.1028,1.1351323255228236
1403,140.2028,1.0294374921458775
1404,140.3028,1.0877810859490045
1405,140.4028,1.1428694370990415
1406,140.5028,1.1114746947174938
1407,140.6028,1.2055988840343181
1408,140.7028,1.1516629207204652
1409,140.8028,1.0967775919006069
1410,140.9028,1.129661775777108
1411,141.0028,1.1522481724442974
1412,141.1028,1.0534660000953275
1413,141.2028,1.1262252896142295
1414,141.3028,1.2585471002194806
1415,141.4028,1.0788402500833785
1416,141.5028,1.1359934992773184
1417,141.6028,1.0164693823843276
1418,141.7028,1.1625790230906823
1419,141.8028,1.1315041465072586
1420,141.9028,1.1569470114106122
1421,142.0028,1.0838533693414523
1422,142.1028,1.1718642188495485
1423,142.2028,1.1166412161661756
1424,142.3028,1.0904908206472699
1425,142.4028,1.1758742733038814
1426,142.5028,1.0652776323867885
1427,142.6029,1.0930374582404545
1428,142.7029,1.018596763579676
1429,142.8029,1.0027271811456162
1430,142.9029,1.0935535644577274
1431,143.0029,1.143181187375454
1432,143.1029,1.1205016456568486
1433,143.2029,1.0476633633541184
1434,143.3029,1.2334444677356518
1435,143.4029,1.1597594915361065
1436,143.5029,1.1819370481166378
1437,143.6029,1.0638151956523851
1438,143.7029,1.1836426074485213
1439,143.8029,1.0894347932573025
1440,143.9029,1.0428918328707375
1441,144.0029,1.1625599340524315
1442,144.1029,1.1423283965577684
1443,144.2029,1.2223340616054617
1444,144.3029,1.0436526249660463
1445,144.4029,1.1272345487253275
1446,144.5029,1.0867960563565142
1447,144.6029,1.029234607033082
1448,144.7029,1.1854140798381056
1449,144.8029,1.118341122293723
1450,144.9029,1.0700845258820568
1451,145.0029,1.1895977204039785
1452,145.1029,1.1150401152908724
1453,145.2029,1.3367455248472886
1454,145.3029,1.197148320074095
1455,145.4029,1.1112930307881408
1456,145.5029,1.0962637473387857
1457,145.6029,1.119449034461433
1458,145.7029,1.3175984946489199
1459,145.8029,1.1311879338202955
1460,145.9029,1.485146877779674
1461,146.0029,1.4940694691459275
1462,146.1029,1.4566452750621832
1463,146.2029,1.5558365983494205
1464,146.3029,1.4582845630872319
1465,146.4029,1.4244016860790376
1466,146.5029,1.519757514418338
1467,146.6029,1.5230991784819856
1468,146.7029,1.3724799693389844
1469,146.8029,1.4203971354163036
1470,146.9029,1.452545623817624
1471,147.0029,1.5117975544224513
1472,147.1029,1.422407503186463
1473,147.2029,1.4858397766400044
1474,147.3029,1.4021499152166037
1475,147.4029,1.3549064460454248
1476,147.5029,1.412815239708761
1477,147.603,1.4994464374737146
1478,147.703,1.4300720310863595
1479,147.803,1.412508896552639
1480,147.903,1.3616937462368524
1481,148.003,1.4261767435692132
1482,148.103,1.4273326563248088
1483,148.203,1.3557661654148119
1484,148.303,1.356643829067479
1485,148.403,1.3948454073504453
1486,148.503,1.3096790529353999
1487,148.603,1.4176771473229333
1488,148.703,1.4396339133482883
1489,148.803,1.390053632306344
1490,148.903,1.3906458828650108
1491,149.003,1.4346105630249473
1492,149.103,1.3503023720453895
1493,149.203,1.4410102102056934
1494,149.303,1.4550336161954942
1495,149.403,1.3469588996382749
1496,149.503,1.378883433527053
1497,149.603,1.4591005418995844
1498,149.703,1.4111924804041427
1499,149.803,1.396339323887705
1500,149.903,1.402303669066349
1501,150.003,1.403480582165448
1502,150.103,1.421995746599328
1503,150.203,1.44432047504514
1504,150.303,1.485587240059418
1505,150.403,1.5061219947281888
1506,150.503,1.413412908664377
1507,150.603,1.364464962991537
1508,150.703,1.4749577186697456
1509,150.803,1.3880182843654147
1510,150.903,1.369100068797783
1511,151.003,1.4946528711032439
1512,151.103,1.4281722354905282
1513,151.203,1.4394584905570083
1514,151.303,1.4639084556244573
1515,151.403,1.3703311466135566
1516,151.503,1.497991254928672
1517,151.603,1.487507667337319
1518,151.703,1.4019976071515934
1519,151.803,1.4341048332111197
1520,151.903,1.468800443346941
1521,152.003,1.507919549451311
1522,152.103,1.3709235953182313
1523,152.203,1.4058068880318495
1524,152.303,1.383455437218826
1525,152.403,1.47738017282593
1526,152.5031,1.4233871951155233
1527,152.6031,1.3946245493733154
1528,152.7031,1.4789939851213136
1529,152.8031,1.4023524110520906
1530,152.9031,1.3847447090671325
1531,153.0031,1.419572144320893
1532,153.1031,1.4679427135713257
1533,153.2031,1.4129714930259338
1534,153.3031,1.4527049908019598
1535,153.4031,1.3907961383934178
1536,153.5031,1.3981576665769124
1537,153.6031,1.4337002921358872
1538,153.7031,1.3646667956904726
1539,153.8031,1.369208253226482
1540,153.9031,1.3037300421917284
1541,154.0031,1.4672814994730923
1542,154.1031,1.4295168459486387
1543,154.2031,1.465986149145963
1544,154.3031,1.4197021832001142
1545,154.4031,1.4536819519885493
1546,154.5031,1.5059977345402178
1547,154.6031,1.5048761363345593
1548,154.7031,1.3632205360774368
1549,154.8031,1.5447197650671611
1550,154.9031,1.4033118135218645
1551,155.0031,1.465418077124131
1552,155.1031,1.3919864312707293
1553,155.2031,1.3633700755751712
1554,155.3031,1.3692095697387596
1555,155.4031,1.416715124882305
1556,155.5031,1.4569195727050948
1557,155.6031,1.3811232017285475
1558,155.7031,1.305311242051423
1559,155.8031,1.3851478121753367
1560,155.9031,1.3983379236621207
1561,156.0031,1.3925992487596177
1562,156.1031,1.379291158415892
1563,156.2031,1.3414087252016653
1564,156.3031,1.421195760449868
1565,156.4031,1.4211974006158996
1566,156.5031,1.385289160690263
1567,156.6031,1.4645251735021028
1568,156.7031,1.4715639265190825
1569,156.8031,1.4766938121459372
1570,156.9031,1.4581734160961255
1571,157.0031,1.44224477519917
1572,157.1031,1.419339239489241
1573,157.2031,1.4281694288397315
1574,157.3031,1.480231415583251
1575,157.4031,1.4175715204667325
1576,157.5032,1.3543091715819515
1577,157.6032,1.45139989700519
1578,157.7032,1.5105756873484057
1579,157.8032,1.4311866775716842
1580,157.9032,1.4433208100939845
1581,158.0032,1.5381063402434016
1582,158.1032,1.4733802274325134
1583,158.2032,1.3834706017542175
1584,158.3032,1.4298801199180513
1585,158.4032,1.3916380629095213
1586,158.5032,1.3716629445728037
1587,158.6032,1.6606175920234303
1588,158.7032,1.714894601167564
1589,158.8032,1.6799927593698347
1590,158.9032,1.6026362684153455
1591,159.0032,1.6782233146044867
1592,159.1032,1.6688770745885855
1593,159.2032,1.6529462523439074
1594,159.3032,1.7139369837550957
1595,159.4032,1.6472800979882012
1596,159.5032,1.6804044919850256
1597,159.6032,1.6151006491083602
1598,159.7032,1.6343327422442522
1599,159.8032,1.590307370153157
1600,159.9032,1.703068711217702
1601,160.0032,1.6301483604847782
1602,160.1032,1.596904133484069
1603,160.2032,1.5721747996888131
1604,160.3032,1.5169737989784127
1605,160.4032,1.6363412433568156
1606,160.5032,1.6583278187994324
1607,160.6032,1.6457014788824678
1608,160.7032,1.6542592005965608
1609,160.8032,1.6397104262550872
1610,160.9032,1.6578226550012984
1611,161.0032,1.4185390078490954
1612,161.1032,1.4491881943503233
1613,161.2032,1.371008328991612
1614,161.3032,1.3690927921592064
1615,161.4032,1.3651405663162046
1616,161.5032,1.277599826870282
1617,161.6032,1.4839016559248344
1618,161.7032,1.4163909571524838
1619,161.8032,1.4622117957954404
1620,161.9032,1.3823813170864339
1621,162.0032,1.422315567484816
1622,162.1032,1.3116370728883349
1623,162.2032,1.4224908218256112
1624,162.3032,1.3689628389495139
1625,162.4032,1.3759460899304452
1626,162.5033,1.3764513430800838
1627,162.6033,1.3564846399267418
1628,162.7033,1.3792830851952544
1629,162.8033,1.405138671124466
1630,162.9033,1.3527748820035468
1631,163.0033,1.4015444121870992
1632,163.1033,1.3833407025107718
1633,163.2033,1.4027395498169912
1634,163.3033,1.4479030542794626
1635,163.4033,1.4357301052870994
1636,163.5033,1.3569899127261493
1637,163.6033,1.3749709978770384
1638,163.7033,1.3711417947219793
1639,163.8033,1.3739188128370676
1640,163.9033,1.4237614350917973
1641,164.0033,1.4384977528656164
1642,164.1033,1.3424488171704092
1643,164.2033,1.4223868015562386
1644,164.3033,1.288078480050063
1645,164.4033,1.4721612450673744
1646,164.5033,1.4357088799054254
1647,164.6033,1.3293476809985938
1648,164.7033,1.3585062976329731
1649,164.8033,1.3638444946117827
1650,164.9033,1.3710942753356303
1651,165.0033,1.4112212406600484
1652,165.1033,1.282320176696299
1653,165.2033,1.382399763451344
1654,165.3033,1.3254910617614288
1655,165.4033,1.3405725479917825
1656,165.5033,1.3649553920251847
1657,165.6033,1.3677601670360444
1658,165.7033,1.3962729187652683
1659,165.8033,1.443179319359619
1660,165.9033,1.370803259706255
1661,166.0033,1.4209579126192409
1662,166.1033,1.434857371940733
1663,166.2033,1.3262252946763147
1664,166.3033,1.4586863142143947
1665,166.4033,1.3813022093102936
1666,166.5033,1.4644311973681137
1667,166.6033,1.424085275734732
1668,166.7033,1.3414460229743872
1669,166.8033,1.289797358245606
1670,166.9033,1.399044635775272
1671,167.0033,1.3622901330229689
1672,167.1033,1.4315738898731891
1673,167.2033,1.3420606846641232
1674,167.3033,1.3977870855698364
1675,167.4033,1.3760958952678628
1676,167.5034,1.350322448927468
1677,167.6034,1.34581872442214
1678,167.7034,1.494770077475132
1679,167.8034,1.5264920052437148
1680,167.9034,1.4686319099773684
1681,168.0034,1.377606004776735
1682,168.1034,1.3789882631871877
1683,168.2034,1.342222256119836
1684,168.3034,1.272635671035022
1685,168.4034,1.4705743047820565
1686,168.5034,1.336955341405268
1687,168.6034,1.4502790585642384
1688,168.7034,1.394334205212153
1689,168.8034,1.24891020819451
1690,168.9034,1.5306235647507604
1691,169.0034,1.3628013404043473
1692,169.1034,1.4003236295876922
1693,169.2034,1.4261829447191554
1694,169.3034,1.355984097562708
1695,169.4034,1.3778783520318354
1696,169.5034,1.2806465588032592
1697,169.6034,1.289489036025915
1698,169.7034,1.3271265924485598
1699,169.8034,1.3366762472672464
1700,169.9034,1.3622797821530828
1701,170.0034,1.3339104436297982
1702,170.1034,1.2903092848124196
1703,170.2034,1.4011484607567606
1704,170.3034,1.3744183458393842
1705,170.4034,1.444998452664916
1706,170.5034,1.4472256722331338
1707,170.6034,1.4397284157934778
1708,170.7034,1.3996938824901388
1709,170.8034,1.3795203620324867
1710,170.9034,1.3494572465358288
1711,171.0034,1.3596960404983431
1712,171.1034,1.3519088381214144
1713,171.2034,1.372445272146717
1714,171.3034,1.3671602416875528
1715,171.4034,1.460577776313125
1716,171.5034,1.4036522030053693
1717,171.6034,1.4658038533972173
1718,171.7034,1.4005656179728938
1719,171.8034,1.4093264178510603
1720,171.9034,1.3984508974919243
1721,172.0034,1.5094441438120074
1722,172.1034,1.4093753045279718
1723,172.2034,1.4068534792233331
1724,172.3034,1.420339053247133
1725,172.4034,1.474822341311387
1726,172.5035,1.4282258079358285
1727,172.6035,1.409444949405479
1728,172.7035,1.369592678339839
1729,172.8035,1.3904618530417745
1730,172.9035,1.4039518308814891
1731,173.0035,1.4435207973677844
1732,173.1035,1.4282661416120062
1733,173.2035,1.4974299042836878
1734,173.3035,1.301247169224992
1735,173.4035,1.3783119685174778
1736,173.5035,1.3655740006950166
1737,173.6035,1.408851476258856
1738,173.7035,1.4004532414614126
1739,173.8035,1.3480002885386724
1740,173.9035,1.4836639003242151
1741,174.0035,1.4229024956309175
1742,174.1035,1.3701234949880996
1743,174.2035,1.357169726646426
1744,174.3035,1.3344180677005821
1745,174.4035,1.412242465901387
1746,174.5035,1.3088642824504202
1747,174.6035,1.3881356088761618
1748,174.7035,1.3740166740928814
1749,174.8035,1.50469799650647
1750,174.9035,1.3212006302375576
1751,175.0035,1.3798688976971012
1752,175.1035,1.3683117269208194
1753,175.2035,1.3510304180464539
1754,175.3035,1.3062876341926186
1755,175.4035,1.4363183490426867
1756,175.5035,1.4436719380807377
1757,175.6035,1.4757944190060304
1758,175.7035,1.4506335589689336
1759,175.8035,1.3766187097518252
1760,175.9035,1.350285602162098
1761,176.0035,1.3993642677143787
1762,176.1035,1.343299867976631
1763,176.2035,1.4353440317221071
1764,176.3035,1.5075105136772808
1765,176.4035,1.3605547054155802
1766,176.5035,1.3091000599445746
1767,176.6035,1.3944612069506792
1768,176.7035,1.4569034648337413
1769,176.8035,1.392859161863077
1770,176.9035,1.2600320152882483
1771,177.0035,1.320684067302567
1772,177.1035,1.3462468997933996
1773,177.2035,1.3555170792669773
1774,177.3035,1.4434892405351483
1775,177.4035,1.3645973800872409
1776,177.5036,1.4255166507875827
1777,177.6036,1.4316042497111312
1778,177.7036,1.3599711946155564
1779,177.8036,1.3800239717382594
1780,177.9036,1.4348804904569832
1781,178.0036,1.4174964142722368
1782,178.1036,1.4106080536139765
1783,178.2036,1.3867945458341588
1784,178.3036,1.5032442521532843
1785,178.4036,1.3738113074288758
1786,178.5036,1.236492533085924
1787,178.6036,1.3692017510455026
1788,178.7036,1.3983723417622036
1789,178.8036,1.3170806524958973
1790,178.9036,1.3654668994393777
1791,179.0036,1.4688788833616178
1792,179.1036,1.4796689923979751
1793,179.2036,1.4955816977383642
1794,179.3036,1.472724372458232
1795,179.4036,1.4283344746923345
1796,179.5036,1.3937154381756525
1797,179.6036,1.3554092446210786
1798,179.7036,1.4024423376667372
1799,179.8036,1.3111412878910027
1800,179.9036,1.4125653242892315
1801,180.0036,1.39275564565665
1802,180.1036,1.4441094824524883
1803,180.2036,1.4048085440930769
1804,180.3036,1.429353584068058
1805,180.4036,1.3950768675391647
1806,180.5036,1.4269498748059195
1807,180.6036,1.5660195009245073
1808,180.7036,1.3506495904295466
1809,180.8036,1.4506813130824279
1810,180.9036,1.4210907847970842
1811,181.0036,1.4300430114451066
1812,181.1036,1.3435813914011265
1813,181.2036,1.4009730808210394
1814,181.3036,1.3946044698966316
1815,181.4036,1.3694166615434962
1816,181.5036,1.3462094752133902
1817,181.6036,1.4450655722953711
1818,181.7036,1.3836680743617356
1819,181.8036,1.3401021978001977
1820,181.9036,1.4995593397221352
1821,182.0036,1.439646884673828
1822,182.1036,1.5217226851931431
1823,182.2036,1.4094812223982751
1824,182.3036,1.3491420939039047
1825,182.4036,1.2852581982643714
1826,182.5036,1.4651119806283706
1827,182.6037,1.4377366969060106
1828,182.7037,1.3160223174747196
1829,182.8037,1.4211535724767064
1830,182.9037,1.3023871399802307
1831,183.0037,1.4979866102830866
1832,183.1037,1.4850406815014414
1833,183.2037,1.4634869791137122
1834,183.3037,1.3658298474073867
1835,183.4037,1.4061914822508683
1836,183.5037,1.4177789474250286
1837,183.6037,1.419182052498174
1838,183.7037,1.3021153614893408
1839,183.8037,1.3271038933806498
1840,183.9037,1.44514899818367
1841,184.0037,1.3188231038047005
1842,184.1037,1.3010210778756925
1843,184.2037,1.3993631561399713
1844,184.3037,1.3444217380453654
1845,184.4037,1.3306189569283218
1846,184.5037,1.3458226372631372
1847,184.6037,1.304478464294537
1848,184.7037,1.4466060548410535
1849,184.8037,1.330467525365745
1850,184.9037,1.3149258513545914
1851,185.0037,1.3545205210438271
1852,185.1037,1.4483377792232537
1853,185.2037,1.52730837298564
1854,185.3037,1.3535186461278272
1855,185.4037,1.307074110670405
1856,185.5037,1.4289326267443332
1857,185.6037,1.4869167917530273
1858,185.7037,1.416232674968519
1859,185.8037,1.4390098852194082
1860,185.9037,1.4712486980253632
1861,186.0037,1.3804370559811512
1862,186.1037,1.388493788715677
1863,186.2037,1.3571683133972001
1864,186.3037,1.3392223850372285
1865,186.4037,1.3983244863472037
1866,186.5037,1.3545262813584977
1867,186.6037,1.3922573467694321
1868,186.7037,1.3033258250264652
1869,186.8037,1.4175918675286059
1870,186.9037,1.3221864229916618
1871,187.0037,1.229392183848229
1872,187.1037,1.3643323343082276
1873,187.2037,1.3094024512037887
1874,187.3037,1.4638488711742041
1875,187.4037,1.3894166536080446
1876,187.5037,1.4480782324714885
1877,187.6038,1.3803558386097396
1878,187.7038,1.2949442592223719
1879,187.8038,1.4486296059415202
1880,187.9038,1.4035589995804325
1881,188.0038,1.3984566879851807
1882,188.1038,1.3929449897097914
1883,188.2038,1.4049162799722577
1884,188.3038,1.4656401734792188
1885,188.4038,1.4979957828114558
1886,188.5038,1.3890625898812756
1887,188.6038,1.3917249540046195
1888,188.7038,1.3150509296220159
1889,188.8038,1.3234970403281376
1890,188.9038,1.49843102572759
1891,189.0038,1.5021814642172002
1892,189.1038,1.318035380850052
1893,189.2038,1.4483641351638745
1894,189.3038,1.353391332242746
1895,189.4038,1.4180773415590977
1896,189.5038,1.3846839741083112
1897,189.6038,1.352136244087429
1898,189.7038,1.42909214749324
1899,189.8038,1.4176009663186748
1900,189.9038,1.4174281261951032
1901,190.0038,1.4507924175529738
1902,190.1038,1.3360005047652743
1903,190.2038,1.381521613587877
1904,190.3038,1.4080511995169736
1905,190.4038,1.4144708815195883
1906,190.5038,1.4249459763849723
1907,190.6038,1.4574257169770097
1908,190.7038,1.4302910911344786
1909,190.8038,1.3817709234264846
1910,190.9038,1.4382247506520074
1911,191.0038,1.4068416951496456
1912,191.1038,1.4516940889563676
1913,191.2038,1.3001550383911114
1914,191.3038,1.350382889083398
1915,191.4038,1.5253148923370294
1916,191.5038,1.3715551936567336
1917,191.6038,1.3506272336051424
1918,191.7038,1.3827316499745141
1919,191.8038,1.4231587469574187
1920,191.9038,1.3803869657089998
1921,192.0038,1.384102316763001
1922,192.1038,1.509052675306284
1923,192.2038,1.3527580575843756
1924,192.3038,1.3720490406016397
1925,192.4038,1.4012892912978594
1926,192.5038,1.2628205976976576
1927,192.6039,1.3681867303288497
1928,192.7039,1.3586501564034017
1929,192.8039,1.3390681417722112
1930,192.9039,1.4325107230462832
1931,193.0039,1.3109822504008035
1932,193.1039,1.3917420826293436
1933,193.2039,1.4216253676915747
1934,193.3039,1.4574177058928854
1935,193.4039,1.4209042121880027
1936,193.5039,1.3601285733238786
1937,193.6039,1.4088100487766235
1938,193.7039,1.3702482803791975
1939,193.8039,1.4379396834783693
1940,193.9039,1.406879570341933
1941,194.0039,1.3952796767781832
1942,194.1039,1.4100523799881308
1943,194.2039,1.3880759623394048
1944,194.3039,1.3239987814464127
1945,194.4039,1.4405508394078472
1946,194.5039,1.3342999311965604
1947,194.6039,1.378725855388476
1948,194.7039,1.3103829863468823
1949,194.8039,1.4248903568921012
1950,194.9039,1.388150185197409
1951,195.0039,1.4342826063606378
1952,195.1039,1.352730380015346
1953,195.2039,1.4066977015775293
1954,195.3039,1.4636883338514903
1955,195.4039,1.4419485618936385
1956,195.5039,1.4509317987151218
1957,195.6039,1.359294451950742
1958,195.7039,1.458133063808082
1959,195.8039,1.3727506068472066
1960,195.9039,1.4152372477921782
1961,196.0039,1.4448743828002122
1962,196.1039,1.4242692752329742
1963,196.2039,1.3262060025162612
1964,196.3039,1.4178439640137046
1965,196.4039,1.4051531567607434
1966,196.5039,1.2985260786151285
1967,196.6039,1.484594034028515
1968,196.7039,1.3895316022535975
1969,196.8039,1.3674190914365456
1970,196.9039,1.4600113704891688
1971,197.0039,1.4380337113383148
1972,197.1039,1.4663934757746473
1973,197.2039,1.437189942640297
1974,197.3039,1.316156549650581
1975,197.4039,1.3059683211102038
1976,197.504,1.4414306914034685
1977,197.604,1.325039935222282
1978,197.704,1.418253946551982
1979,197.804,1.4177913088812748
1980,197.904,1.3808687553370753
1981,198.004,1.6396999171749318
1982,198.104,1.6723408026282407
1983,198.204,1.5408624383745508
1984,198.304,1.6707672717998405
1985,198.404,1.6425450786751046
1986,198.504,1.6582721093173585
1987,198.604,1.6082370792104037
1988,198.704,1.6158795372776678
1989,198.804,1.6947078751364242
1990,198.904,1.6616355863850047
1991,199.004,1.630722331183083
1992,199.104,1.685081640155414
1993,199.204,1.6594700328917988
1994,199.304,1.6777836430596955
1995,199.404,1.625247247904242
1996,199.504,1.6558429143993592
1997,199.604,1.7103395442121403
1998,199.704,1.6579853379277936
1999,199.804,1.6462517597640196
2000,199.904,1.607062582070524
2001,200.0,1.679552022675947
