Frame,Time (ns),RMSD
1,0.0,1.6657820178190033e-05
2,0.100002,1.771000567049167
3,0.200004,2.291053119552741
4,0.30000600000000005,2.2982074363179725
5,0.400008,2.054171866687062
6,0.50001,2.1687176534108095
7,0.6000120000000001,2.339916359963862
8,0.700014,2.504790163709225
9,0.800016,2.4404859113612862
10,0.900018,2.6149936201307424
11,1.00002,2.4099785585615976
12,1.1000219999999998,2.1631117227700285
13,1.2000240000000002,2.504649635262784
14,1.3000260000000001,2.622266829772124
15,1.400028,2.521868832119138
16,1.50003,2.5364693375900913
17,1.600032,2.50740366676797
18,1.700034,2.6915135823259475
19,1.800036,2.550077589958035
20,1.9000380000000001,2.7009964528863764
21,2.00004,2.5761857430104826
22,2.1000419999999997,2.841210018466847
23,2.2000439999999997,2.753105853406171
24,2.300046,3.0771497069626608
25,2.4000480000000004,2.891878911548293
26,2.5000500000000003,3.20792279424933
27,2.6000520000000003,3.02846162044991
28,2.700054,3.102331986122493
29,2.800056,3.2695270300844093
30,2.900058,3.1559294627644703
31,3.00006,3.1233683883951975
32,3.100062,3.1055114075926813
33,3.200064,3.2140559953017225
34,3.300066,3.432261286191617
35,3.400068,3.6489725851380284
36,3.50007,3.4777866915120113
37,3.600072,3.3477937067761583
38,3.700074,3.5224360667697034
39,3.8000760000000002,3.8300192599475
40,3.900078,3.428871525766555
41,4.00008,3.2736907778933304
42,4.1000820000000004,3.3178815470299265
43,4.2000839999999995,3.476666017748355
44,4.300086,3.4203629249056324
45,4.400087999999999,3.359623355658609
46,4.50009,3.4458762660418794
47,4.600092,3.0960524344017655
48,4.700094,3.7274136659453294
49,4.800096000000001,3.5324508475253547
50,4.900098,3.8865341441982495
51,5.000100000000001,3.4206201219253214
52,5.100102,3.5215658241412022
53,5.2001040000000005,3.5983950769314146
54,5.3001059999999995,3.318074838407522
55,5.400108,3.69382388030095
56,5.500109999999999,3.5217045694012765
57,5.600112,4.057527922769999
58,5.700114,3.39672606628398
59,5.800116,3.597455272259376
60,5.900118,3.643807041192208
61,6.00012,3.3418894668420127
62,6.100122000000001,3.118923970273795
63,6.200124,2.89625877315266
64,6.300126000000001,3.0339246926380756
65,6.400128,3.798358810959827
66,6.50013,3.2320263310284507
67,6.600132,3.2076873803274
68,6.700134,3.697220349567759
69,6.800136,3.4199950364539093
70,6.900138,3.731220064604715
71,7.00014,3.667486589662159
72,7.100142,3.09055220426259
73,7.200144,3.317637459352399
74,7.300146,3.8387038643495894
75,7.400148,3.3933478783928646
76,7.5001500000000005,3.12645413097195
77,7.6001520000000005,3.0766519253511304
78,7.700154,3.569003354071172
79,7.800156,3.9174192031857817
80,7.900158,4.528521283109544
81,8.00016,4.484774750494678
82,8.100162000000001,3.93969154732398
83,8.200164000000001,4.0599644067656575
84,8.300166,3.5500316897429833
85,8.400167999999999,3.4886783269291564
86,8.50017,3.247955007943353
87,8.600172,3.310766995068593
88,8.700174,3.5754496570773453
89,8.800175999999999,3.6451979919424824
90,8.900178,4.474265819774452
91,9.00018,4.139801435182343
92,9.100182,3.6644831115491874
93,9.200184,3.9783026301993676
94,9.300186,3.4947889936342937
95,9.400188,3.4882922457910928
96,9.50019,3.107738823204246
97,9.600192000000002,3.3501443168461758
98,9.700194,3.4006097005490807
99,9.800196,3.9180378955629185
100,9.900198,3.831156079010117
101,10.000200000000001,3.5328681363113024
102,10.100202,3.700661087809451
103,10.200204,3.8546059778487356
104,10.300206,3.1592830344903438
105,10.400208000000001,3.5102452883429853
106,10.500210000000001,3.4209134383733866
107,10.600211999999999,2.8962016644507145
108,10.700214,2.9121793246160776
109,10.800216,2.944507994320062
110,10.900218,3.1184522987516132
111,11.000219999999999,3.2274132904892983
112,11.100222,3.5105705382130727
113,11.200224,3.3510206779196663
114,11.300226,3.3422000715701325
115,11.400228,3.609522285176009
116,11.50023,3.7531747771796042
117,11.600232,3.3545366826444316
118,11.700234,3.4303294362592376
119,11.800236,3.0695749004528134
120,11.900238,3.2859938996223454
121,12.00024,3.3010616811975897
122,12.100242,3.5312857354206124
123,12.200244000000001,3.448755840976184
124,12.300246000000001,3.4522799786591767
125,12.400248,3.190699730820245
126,12.50025,3.1019790955265565
127,12.600252000000001,3.2255320797042453
128,12.700254000000001,3.238033188692805
129,12.800256,3.128768062212438
130,12.900258,2.70298001817089
131,13.00026,2.895045936192031
132,13.100262,3.4474483133151423
133,13.200264,3.11430544595893
134,13.300265999999999,3.544806715044327
135,13.400268,3.5731763292869654
136,13.50027,3.357916308652379
137,13.600272,3.122541655585146
138,13.700274,3.6278360728685266
139,13.800276,3.2084136254226596
140,13.900278,3.3943614251289254
141,14.00028,3.4036669321629516
142,14.100282000000002,3.737625174109159
143,14.200284,3.3071410684432005
144,14.300286,3.8328807396508005
145,14.400288,3.2807601092391
146,14.500290000000001,3.0646230323000974
147,14.600292,2.857514955968431
148,14.700294,3.255270193450195
149,14.800296,3.2739752490274623
150,14.900298000000001,3.5070573592025722
151,15.000300000000001,3.342557800350842
152,15.100302,3.5188636382708127
153,15.200304000000001,3.6571434790082544
154,15.300306,3.2398771410975535
155,15.400308,3.3323368474333126
156,15.500309999999999,3.0663080456486753
157,15.600312,3.194827294972191
158,15.700314,3.465627530745843
159,15.800316,3.383256817243748
160,15.900318,3.383331031295614
161,16.00032,3.6202948805467097
162,16.100322,3.271682542972501
163,16.200324000000002,3.4530725025597393
164,16.300326000000002,3.6057108842780328
165,16.400328000000002,3.0210427144244583
166,16.50033,3.160206934486909
167,16.600332,3.2842945632532903
168,16.700333999999998,3.3752679998359323
169,16.800335999999998,3.4667364340155142
170,16.900338,3.6240392759863567
171,17.00034,3.6721692903832466
172,17.100342,3.7243819581724176
173,17.200344,3.3482671446173975
174,17.300346,3.569199442092642
175,17.400348,4.279117215989245
176,17.50035,4.350063782375352
177,17.600351999999997,4.1446671411154625
178,17.700354,3.537601795290841
179,17.800356,3.612423871257888
180,17.900358,3.3971066075664687
181,18.00036,3.6592037796641907
182,18.100362,3.608437547276691
183,18.200364,3.6484268834159215
184,18.300366,3.52919585223753
185,18.400368,3.603849851246579
186,18.50037,3.6787444213871643
187,18.600372,3.7255360702655884
188,18.700374,4.059518823461636
189,18.800376,3.867859819291311
190,18.900378,3.8728043049797
191,19.00038,3.983487863653475
192,19.100382,4.1156532408535265
193,19.200384000000003,4.290151296297267
194,19.300386,4.017503874447265
195,19.400388,3.8315167957515346
196,19.50039,4.737197184405028
197,19.600392,4.143831154328831
198,19.700394,4.500676132377424
199,19.800396,4.562995970091819
200,19.900398000000003,4.314445862051883
201,20.000400000000003,4.335386359092365
202,20.100402000000003,4.129695739025439
203,20.200404,3.9795241471937883
204,20.300406,3.78411175012552
205,20.400408,3.9483524625135344
206,20.50041,3.725205290585612
207,20.600412,3.3452618613137624
208,20.700414000000002,3.6120821800863965
209,20.800416000000002,3.7311487719525678
210,20.900418000000002,3.6947415918040765
211,21.000420000000002,3.957118861264758
212,21.100422,3.5206174774022467
213,21.200423999999998,3.3788218077287797
214,21.300425999999998,3.936903006973464
215,21.400428,3.7585698079930716
216,21.50043,4.114858525535039
217,21.600432,4.045957173742316
218,21.700434,3.7440529987704054
219,21.800436,3.7581133928684056
220,21.900438,4.360568015473327
221,22.000439999999998,3.7033374506097663
222,22.100441999999997,3.594258608723452
223,22.200444,3.6036743617126823
224,22.300446,3.744142033868139
225,22.400448,3.85480236957811
226,22.50045,3.8898363525326163
227,22.600452,3.7483841584457958
228,22.700454,3.767736457169199
229,22.800456,3.6866873926526256
230,22.900458,2.982580216272344
231,23.00046,3.1032231840231748
232,23.100462,3.7397926401239694
233,23.200464,3.582563020520591
234,23.300466,3.659519921834968
235,23.400468,3.3193448738643663
236,23.50047,3.462818707295092
237,23.600472,3.435979783961326
238,23.700474000000003,3.6797700354137755
239,23.800476,3.2660169599490474
240,23.900478,3.570177391205852
241,24.00048,3.7876706118708836
242,24.100482,4.218623041282881
243,24.200484,3.6466766719150026
244,24.300486,3.756166172192927
245,24.400488000000003,4.16432658264207
246,24.500490000000003,4.02186717500478
247,24.600492000000003,4.509383185323476
248,24.700494,4.264390252145926
249,24.800496,3.963097600723783
250,24.900498,4.191790866746339
251,25.0005,3.997441994877854
252,25.100502,3.9033696727063667
253,25.200504000000002,4.114347395036053
254,25.300506000000002,4.263623615204112
255,25.400508000000002,3.6645407546216453
256,25.500510000000002,3.592240854187314
257,25.600512,3.5307254408227875
258,25.700514,4.130652992440787
259,25.800516,3.707259238021009
260,25.900518,3.536228070443559
261,26.00052,4.00644687043403
262,26.100522,3.909666078689158
263,26.200524,3.9981446552826667
264,26.300526,4.273205892335595
265,26.400528,4.20514408617558
266,26.500529999999998,4.0997170213871685
267,26.600531999999998,4.305985714339086
268,26.700534,3.964964819745991
269,26.800536,3.7510957728573553
270,26.900538,3.781909633983945
271,27.00054,3.6724962304396143
272,27.100542,3.782197366909971
273,27.200544,3.9402742304545013
274,27.300546,3.97924218847437
275,27.400548,4.115874888820672
276,27.50055,4.156246109031607
277,27.600552,3.733705530387709
278,27.700554,4.224059797014681
279,27.800556,4.396667025659456
280,27.900558,4.258892387933146
281,28.00056,4.238058894943034
282,28.100562,3.703060945713592
283,28.200564000000004,4.081960793568027
284,28.300566,3.5746268630832345
285,28.400568,3.9793302350566604
286,28.50057,4.158510491509688
287,28.600572,3.7826721420120584
288,28.700574,3.777583469999438
289,28.800576,4.152553133362941
290,28.900578000000003,3.9354285926138624
291,29.000580000000003,3.7831184437165737
292,29.100582000000003,4.015406824316457
293,29.200584,4.089415970746987
294,29.300586,4.457903427232853
295,29.400588,4.367369081452718
296,29.50059,4.397281051589089
297,29.600592,4.226805309281651
298,29.700594000000002,4.16848810423928
299,29.800596000000002,4.263904664231529
300,29.900598000000002,4.190610430097996
301,30.000600000000002,4.121855904464776
302,30.100602,4.227861056796435
303,30.200604,4.042294891107621
304,30.300606,4.039205156897732
305,30.400608000000002,3.7293988387488533
306,30.50061,3.9624194208239483
307,30.600612,3.327482929486427
308,30.700614,3.4728590739143583
309,30.800616,3.961437597102777
310,30.900618,3.5115850605998684
311,31.000619999999998,3.5648399378886793
312,31.100621999999998,3.9862447140163786
313,31.200624,3.4183902730720725
314,31.300626,4.136306891592672
315,31.400628,3.6780239460019635
316,31.50063,3.628679014445049
317,31.600632,3.8926943288472886
318,31.700634,3.803467158066676
319,31.800636,3.688295832666779
320,31.900638,3.908015340631057
321,32.00064,3.9969630267950236
322,32.100642,4.01488802727335
323,32.200644,4.0600979236309644
324,32.300646,4.439394760079767
325,32.400648000000004,4.156728442678103
326,32.50065,3.7558925804355026
327,32.600652000000004,4.231469082816419
328,32.700654,4.381674250600625
329,32.800656000000004,4.527530579289505
330,32.900658,5.015526115317038
331,33.00066,5.246375803745911
332,33.10066200000001,4.886742465513616
333,33.200664,3.9678089289391165
334,33.300666,4.190755273851852
335,33.400667999999996,4.553964399860947
336,33.50067,4.2993993679954166
337,33.600671999999996,3.9402328354280423
338,33.700674,4.087172057391988
339,33.800676,3.90199478286646
340,33.900678,4.768343961531069
341,34.00068,4.362656545836886
342,34.100682,4.066413578083185
343,34.200684,4.433193786775337
344,34.300686,4.341320530838773
345,34.400688,4.275335918403249
346,34.500690000000006,3.7953567733255644
347,34.600692,3.7403907398992593
348,34.700694000000006,4.041128195647019
349,34.800696,3.65401539649375
350,34.900698000000006,4.0390201400839585
351,35.0007,4.0592645075238405
352,35.100702,4.1007969878638075
353,35.200703999999995,4.85138263843999
354,35.300706,4.947371466935594
355,35.400708,4.597895057454217
356,35.50071,4.1867620934277765
357,35.600712,4.14145957583963
358,35.700714,4.131105330998901
359,35.800716,4.571394601919918
360,35.900718,4.864878366624377
361,36.00072,4.383703745192235
362,36.100722000000005,4.310511612844852
363,36.200724,4.413443146956373
364,36.300726000000004,4.232814100903289
365,36.400728,4.437044700154341
366,36.500730000000004,4.460725171099424
367,36.600732,4.313716339899019
368,36.700734000000004,4.111413509321551
369,36.800736,4.096369651779177
370,36.900738,4.342573063902937
371,37.00074,4.70860236510141
372,37.100742,4.800120878678559
373,37.200744,4.3245527236021015
374,37.300746,4.02746988452716
375,37.400748,3.6888543321102762
376,37.50075,3.4709437882944982
377,37.600752,3.969473031562615
378,37.700754,4.0459469030830375
379,37.800756,3.94235313610714
380,37.900758,4.170198707660649
381,38.00076,3.987259435868926
382,38.100762,3.839636406168882
383,38.200764,3.818231562811869
384,38.300766,3.7698706828463506
385,38.40076800000001,4.028226710131784
386,38.50077,4.148016057935375
387,38.600772,4.711807243489835
388,38.700773999999996,4.693211084432095
389,38.800776,4.310962804315923
390,38.900777999999995,4.3919602700691485
391,39.00078,3.7275711523609827
392,39.100782,3.926045743374483
393,39.200784,3.724813533454014
394,39.300786,4.1107488254908064
395,39.400788,3.5489074384627726
396,39.50079,3.2107255523972915
397,39.600792,3.393315279700922
398,39.700794,3.340397058141231
399,39.800796000000005,4.104084460972618
400,39.900798,3.9840316082515304
401,40.000800000000005,3.715933768089782
402,40.100802,3.3478264510825535
403,40.200804000000005,3.3920035226490306
404,40.300806,3.565532397186079
405,40.400808,3.635581690716782
406,40.500809999999994,3.9987269250131474
407,40.600812,3.886872731808142
408,40.700814,4.053450328437092
409,40.800816,3.5514914444584074
410,40.900818,4.109670920078192
411,41.00082,3.8634902741350876
412,41.100822,3.9381067107801084
413,41.200824,3.9403877344734783
414,41.300826,3.9127966956857656
415,41.400828000000004,4.036157228747968
416,41.50083,3.6695840843313046
417,41.600832000000004,3.5346793042881486
418,41.700834,3.463557603799423
419,41.800836000000004,3.635451247308166
420,41.900838,3.7776267584446277
421,42.000840000000004,3.717894099471617
422,42.10084200000001,3.7243985295182163
423,42.200844,3.730891821921093
424,42.300846,3.511903399976113
425,42.400847999999996,4.014236902070547
426,42.50085,4.186091227842836
427,42.600851999999996,3.6431928806088076
428,42.700854,3.738639825495089
429,42.800856,4.169690868318479
430,42.900858,3.6609029828525625
431,43.00086,3.7947426057700517
432,43.100862,3.748339025014059
433,43.200864,3.6233701408735195
434,43.300866,3.8881363209462263
435,43.400868,3.828686275642726
436,43.500870000000006,3.744966458355383
437,43.600872,3.5390192179832556
438,43.700874000000006,3.805350744756748
439,43.800876,3.9786272184259825
440,43.900878000000006,4.241437515756544
441,44.000879999999995,4.313640061162603
442,44.100882,3.87494554032132
443,44.200883999999995,3.8112813735961204
444,44.300886,4.299242533624408
445,44.400888,3.821155358837278
446,44.50089,3.6257679332450725
447,44.600892,3.8830962069073265
448,44.700894,3.7517014987266823
449,44.800896,4.010024571335742
450,44.900898,4.046039047477187
451,45.0009,4.196098776468077
452,45.100902000000005,4.511470313577912
453,45.200904,4.244099158124417
454,45.300906000000005,3.742379556106888
455,45.400908,4.031807936333837
456,45.500910000000005,4.170198659683654
457,45.600912,4.1595156200679755
458,45.700914000000004,4.043816042740176
459,45.800916,3.8493718729153725
460,45.900918,4.530103047798127
461,46.00092,4.058539408797658
462,46.100922,3.677275801376715
463,46.200924,3.731615858737902
464,46.300926,3.5318506984319806
465,46.400928,3.6809969572970545
466,46.50093,3.443577708849945
467,46.600932,4.0919098813054235
468,46.700934000000004,3.8588759834270654
469,46.800936,4.020518826484101
470,46.900938000000004,3.933756440162363
471,47.00094,4.149974452353148
472,47.100942,3.6140514722225783
473,47.200944,3.3338284153428943
474,47.300946,3.442313066372263
475,47.40094800000001,3.6457258265158954
476,47.50095,3.6019921106366333
477,47.600952,3.351739189926532
478,47.700953999999996,3.8795304353332933
479,47.800956,3.8322724485475423
480,47.900957999999996,3.849563333094816
481,48.00096,4.198519364567414
482,48.100962,3.7493996686245747
483,48.200964,3.538018328899542
484,48.300966,3.5901583046500556
485,48.400968,3.94268327025498
486,48.50097,3.8233749490669613
487,48.600972,3.4580913651210756
488,48.700974,3.755161631294214
489,48.800976000000006,3.910467440171705
490,48.900978,3.7005376626475948
491,49.000980000000006,3.754901705493344
492,49.100982,3.585286023826376
493,49.200984000000005,3.9720562024140937
494,49.300986,3.7489501515669206
495,49.400988,3.7980439387899945
496,49.500989999999994,3.7030648001443485
497,49.600992,4.114101812747266
498,49.700994,3.9765621323449616
499,49.800996,3.970070889116429
500,49.900998,4.148447706127924
501,50.001,3.7627849358236065
502,50.101002,3.5146412868126595
503,50.201004,3.761108677415095
504,50.301006,4.0332346764574245
505,50.401008000000004,4.051313638093194
506,50.50101,4.272697241563408
507,50.601012000000004,3.9823489781614354
508,50.701014,3.783649297015899
509,50.801016000000004,4.06036992737924
510,50.901018,3.9627629688842094
511,51.001020000000004,4.057295128620234
512,51.10102200000001,3.8096628241195325
513,51.201024,3.9530869435779152
514,51.301026,3.7328966100629732
515,51.401028,3.8234956459139857
516,51.50103,4.112805808921591
517,51.601032,4.122462451973594
518,51.701034,4.117171835909845
519,51.801036,3.9750533147726443
520,51.901038,3.727927668091986
521,52.00104,3.830273173400776
522,52.101042,4.204119615289042
523,52.201044,4.18121221059108
524,52.301046,4.233127419585249
525,52.401048,3.79648435027769
526,52.501050000000006,3.4893925955658087
527,52.601052,3.456025356687447
528,52.701054000000006,3.516389122608315
529,52.801056,3.0465280660454486
530,52.901058000000006,3.6612904820105494
531,53.001059999999995,3.707735603624316
532,53.101062,3.7054494064359305
533,53.201063999999995,3.5958465998697555
534,53.301066,3.6676974328215945
535,53.401068,3.682443057045679
536,53.50107,3.7271220935372953
537,53.601072,3.9843836787320974
538,53.701074,3.6734372735324197
539,53.801076,4.1839520019926875
540,53.901078,3.918322654037106
541,54.00108,3.5155917917662736
542,54.101082000000005,3.6863596804767114
543,54.201084,3.3950352445205785
544,54.301086000000005,3.667643004915893
545,54.401088,4.064074338024804
546,54.501090000000005,3.4174601128371247
547,54.601092,3.4176052978123077
548,54.701094000000005,3.607271642598582
549,54.801096,3.7113550888522187
550,54.901098,3.637315616045695
551,55.0011,3.2773459826766715
552,55.101102,3.532561635907002
553,55.201104,3.665553088235451
554,55.301106,3.471229246087834
555,55.401108,4.11939427668186
556,55.50111,3.8383390841308263
557,55.601112,3.651115911026476
558,55.701114000000004,3.4726699202696505
559,55.801116,3.5727500117672353
560,55.901118000000004,3.565562880802171
561,56.00112,3.653196625188196
562,56.101122000000004,3.5529956401007663
563,56.201124,3.6669275206036867
564,56.301126000000004,3.563956228651495
565,56.40112800000001,3.6928039776601747
566,56.50113,3.5968945567005197
567,56.601132,3.6589865628985696
568,56.701133999999996,3.5752753109125477
569,56.801136,3.446244733083486
570,56.901137999999996,3.4646864931883643
571,57.00114,3.409468778315437
572,57.101142,3.6624776524908214
573,57.201144,3.8270151242204773
574,57.301146,3.380879714029408
575,57.401148,3.4990889869404906
576,57.50115,3.4679278525042667
577,57.601152,3.541898093030697
578,57.701154,3.5371198112628837
579,57.801156000000006,3.338342015487329
580,57.901158,3.451390437640819
581,58.001160000000006,3.2124419882169746
582,58.101162,3.3927070486025785
583,58.201164000000006,3.2942838344210474
584,58.301166,3.5956742337532455
585,58.401168,4.137706664261642
586,58.501169999999995,3.8419036506246464
587,58.601172,3.822762296907242
588,58.701174,3.9138116107201064
589,58.801176,3.5952383217791075
590,58.901178,3.7312854651232326
591,59.00118,3.967058478159464
592,59.101182,3.798263778131519
593,59.201184,3.433518690815244
594,59.301186,3.6668833640799856
595,59.401188000000005,3.9030734696861775
596,59.50119,4.051468962664835
597,59.601192000000005,4.061799816490868
598,59.701194,3.716269543004228
599,59.801196000000004,3.831117586022969
600,59.901198,4.282688170209859
601,60.001200000000004,4.290613061417238
602,60.10120200000001,3.926004436167229
603,60.201204,3.9944652176562028
604,60.301206,3.8917875136261437
605,60.401208,4.4492347630813
606,60.50121,3.764564302541205
607,60.601212,4.1515663383606345
608,60.701214,3.878301999028418
609,60.801216000000004,4.130325636158245
610,60.901218,3.955306683036407
611,61.00122,3.87647490008685
612,61.101222,3.7274329861074382
613,61.201224,3.8711989811537295
614,61.301226,3.5592602705244047
615,61.401228,4.144826827669963
616,61.50123000000001,4.0868586566653065
617,61.601232,4.135903776987044
618,61.70123400000001,4.146698740070241
619,61.801236,4.197356167880908
620,61.901238000000006,3.908419550338904
621,62.001239999999996,3.9203416828528908
622,62.101242,3.7703803558725615
623,62.201243999999996,4.051210174683049
624,62.301246,4.254198863547576
625,62.401248,4.211326627643565
626,62.50125,4.333869749667767
627,62.601252,4.108748328682828
628,62.701254,4.473536828641384
629,62.801256,4.019271915199348
630,62.901258,3.6948477598877334
631,63.00126,4.1535647369850475
632,63.101262000000006,4.015523792872286
633,63.201264,4.200070136562601
634,63.301266000000005,4.307530371407375
635,63.401268,4.307614423971345
636,63.501270000000005,4.197359067568452
637,63.601272,3.693703711639874
638,63.701274000000005,4.131706196734437
639,63.801276,4.394790124842353
640,63.901278,4.0920033519388825
641,64.00128,3.5938177722399054
642,64.101282,4.294667560217448
643,64.201284,3.818087234835354
644,64.301286,3.611842895308307
645,64.401288,4.043094434378886
646,64.50129,3.6479052721549916
647,64.601292,3.9356812035374746
648,64.701294,4.352964534522505
649,64.80129600000001,4.082601145146618
650,64.901298,4.224171785884967
651,65.0013,4.297342216816023
652,65.101302,4.133113337507467
653,65.20130400000001,4.4721348874852085
654,65.30130600000001,3.7750687096893696
655,65.401308,3.613545349730128
656,65.50131,3.7521453709575376
657,65.60131200000001,3.46713942970164
658,65.701314,3.817083382098502
659,65.801316,3.6776244662939788
660,65.901318,3.6684497243747023
661,66.00132,3.5911139475981613
662,66.101322,3.778838099179018
663,66.20132400000001,3.723993544590479
664,66.301326,3.9445713921241414
665,66.401328,4.084266849659264
666,66.50133,4.0505526014701445
667,66.601332,3.866671783518501
668,66.701334,3.5355232759864013
669,66.80133599999999,3.9131634215456192
670,66.90133800000001,3.7036507097092213
671,67.00134,3.753733006001688
672,67.101342,3.750753425603626
673,67.20134399999999,4.016316921276584
674,67.30134600000001,4.044245309380311
675,67.401348,3.5313732488963976
676,67.50135,3.748411490474536
677,67.601352,3.730850214112948
678,67.70135400000001,4.146414453647973
679,67.801356,4.2128063015407555
680,67.901358,4.169149913070295
681,68.00136,3.9950140893392634
682,68.10136200000001,3.908226501459617
683,68.201364,4.00701160247385
684,68.301366,3.7811757774505224
685,68.401368,3.671900427416747
686,68.50137,3.8641366252275233
687,68.601372,3.5532881958519362
688,68.701374,3.299102234720988
689,68.801376,3.802255182019385
690,68.901378,3.9518692538318283
691,69.00138000000001,3.8043756465769194
692,69.101382,4.085459210466985
693,69.201384,4.218389913804786
694,69.301386,3.791804293114796
695,69.40138800000001,4.1591720947025514
696,69.50139,3.8049996675100943
697,69.601392,3.8442525998453783
698,69.701394,3.590780739873539
699,69.80139600000001,4.5644671639808445
700,69.901398,4.559838522167954
701,70.0014,3.8621118768927833
702,70.10140200000001,4.391822213750743
703,70.201404,4.190521359934371
704,70.301406,3.867434102233423
705,70.40140799999999,4.157510733120847
706,70.50141,3.9505588545837047
707,70.601412,4.494955381064334
708,70.701414,3.7878200054627285
709,70.801416,3.8342336280263436
710,70.901418,3.795950110797998
711,71.00142,3.7420190048807696
712,71.101422,3.792055225060472
713,71.201424,3.6830531060007523
714,71.301426,4.017275668850665
715,71.401428,4.081049893990539
716,71.50143000000001,4.281613533317067
717,71.601432,4.185592540078631
718,71.701434,3.7138264286535363
719,71.801436,4.0091704551773315
720,71.901438,4.142807595080769
721,72.00144,4.125536475134237
722,72.10144199999999,4.5078288517927545
723,72.20144400000001,4.0005722145659925
724,72.301446,3.8593424141735593
725,72.401448,4.115592711040943
726,72.50144999999999,3.9901138184817038
727,72.60145200000001,4.10377554512249
728,72.701454,3.5227236635342565
729,72.801456,3.4958782570664484
730,72.901458,3.7235497851481947
731,73.00146000000001,4.0856020339880335
732,73.101462,4.299237510893381
733,73.201464,4.25474578286661
734,73.301466,4.059062603912566
735,73.40146800000001,3.8191445387331973
736,73.50147,3.958344699039251
737,73.601472,4.201864146525084
738,73.701474,3.984357972819977
739,73.801476,3.661888813496014
740,73.901478,3.837850376897815
741,74.00148,4.076309373778894
742,74.101482,3.941078370453855
743,74.201484,4.0520685947623365
744,74.30148600000001,3.3445043941306127
745,74.401488,3.7203614143150663
746,74.50149,3.6897284306407125
747,74.601492,3.5995490389849514
748,74.70149400000001,3.9190219491256544
749,74.801496,3.9779233518108823
750,74.901498,3.781224399410956
751,75.0015,3.7917408922875526
752,75.10150200000001,3.4577737465143548
753,75.201504,3.2479922938213117
754,75.301506,3.4503193502566263
755,75.401508,3.5346970883295454
756,75.50151,3.789243114189829
757,75.601512,3.712622721752432
758,75.70151399999999,3.5162121121830636
759,75.801516,3.855145268310824
760,75.901518,4.08484006003925
761,76.00152,3.944559292180658
762,76.101522,3.9486644378526528
763,76.201524,3.8362256705108946
764,76.301526,3.7945064811807057
765,76.401528,3.8027411690630393
766,76.50153,3.9540544765243557
767,76.601532,4.245355417581318
768,76.701534,4.391059083467125
769,76.80153600000001,3.5478682401790573
770,76.901538,3.523127172170711
771,77.00154,3.3622164891008377
772,77.101542,3.583756916692129
773,77.201544,3.8051088305152323
774,77.301546,3.8199064899966184
775,77.40154799999999,3.5921569843715075
776,77.50155000000001,3.6671030202415005
777,77.601552,3.4798153124899738
778,77.701554,3.5316230057397666
779,77.80155599999999,3.3762368397417513
780,77.90155800000001,3.660667780625123
781,78.00156,3.668530560302591
782,78.101562,3.7177037520562566
783,78.201564,3.714919003890917
784,78.30156600000001,3.6564757940955497
785,78.401568,3.8114907934902424
786,78.50157,3.6778970979140158
787,78.601572,3.581160670418543
788,78.70157400000001,3.6962194545978018
789,78.801576,3.707274134958563
790,78.90157800000001,4.116912244074842
791,79.00158,3.925585321272081
792,79.101582,3.748220179607592
793,79.201584,4.2652652779853115
794,79.301586,4.085619698138934
795,79.401588,4.549885277775212
796,79.50159,4.786517950946439
797,79.60159200000001,4.100168473050502
798,79.701594,4.143851264017358
799,79.801596,4.0002280361413
800,79.90159799999999,4.127092840616887
801,80.00160000000001,4.136199117849184
802,80.101602,4.058849798579005
803,80.201604,4.045011787523789
804,80.301606,3.9840590864364493
805,80.40160800000001,3.9152784544718138
806,80.50161,3.8068227080903876
807,80.601612,4.081010923191143
808,80.701614,4.080796380036986
809,80.801616,4.256323125705954
810,80.901618,3.808820934109729
811,81.00161999999999,3.695291407069196
812,81.101622,3.7270384305323194
813,81.201624,3.482580720493165
814,81.301626,3.681863891624774
815,81.401628,3.3935290553622197
816,81.50163,3.6294633211249567
817,81.601632,3.6105360520575016
818,81.701634,3.4421334375557793
819,81.801636,3.481022657797959
820,81.901638,3.5704088381692847
821,82.00164,3.3179758696198567
822,82.10164200000001,3.654833174697591
823,82.201644,3.737325495189153
824,82.301646,3.6153480308504125
825,82.401648,3.6930158482056674
826,82.50165000000001,3.8621077250763816
827,82.601652,3.7739615462133274
828,82.70165399999999,3.800613348100271
829,82.80165600000001,3.9560972381445874
830,82.901658,3.9680642228194123
831,83.00166,3.9160627493280433
832,83.10166199999999,3.444149531433382
833,83.20166400000001,3.6104489796638486
834,83.301666,3.7277495127731215
835,83.401668,3.7265644889555634
836,83.50167,3.4218398635742546
837,83.60167200000001,3.6435808522177537
838,83.701674,3.6563180073179065
839,83.801676,3.652730915130075
840,83.901678,3.685771164219814
841,84.00168000000001,4.146484670311515
842,84.101682,3.7512146000121156
843,84.20168400000001,3.7809922619593315
844,84.301686,3.552771009917051
845,84.401688,3.7221433384424754
846,84.50169,3.5375904683685784
847,84.601692,3.5809441345992177
848,84.701694,3.707583321776231
849,84.80169599999999,3.7500033996198208
850,84.90169800000001,3.710103357791064
851,85.0017,3.955064706134234
852,85.101702,3.8737573115721693
853,85.20170399999999,3.892045741870314
854,85.30170600000001,3.8491362985299453
855,85.401708,3.848253928495531
856,85.50171,3.765702572549086
857,85.601712,3.769443340649098
858,85.70171400000001,3.438928390943135
859,85.801716,3.5080921857045904
860,85.901718,3.8170646794799947
861,86.00172,3.8000682029619925
862,86.10172200000001,3.6926101990733424
863,86.201724,3.539855855213782
864,86.301726,3.8211167432810442
865,86.401728,3.8297277966199563
866,86.50173,3.6877407516688745
867,86.601732,3.7510447155124864
868,86.701734,3.700265587029744
869,86.801736,3.697149062005019
870,86.901738,3.4455573027522584
871,87.00174000000001,3.5573106020640157
872,87.101742,3.8188872565911005
873,87.201744,3.6315637936757446
874,87.301746,3.590953421244348
875,87.40174800000001,3.7736037302229426
876,87.50175,4.15130738721382
877,87.601752,4.03544664326012
878,87.701754,3.9745502181180177
879,87.80175600000001,3.4986255777119704
880,87.901758,3.685442744284528
881,88.00175999999999,4.101039564814962
882,88.10176200000001,3.666208542439565
883,88.201764,3.8125760542348015
884,88.301766,3.8578841187972235
885,88.40176799999999,3.949185891804113
886,88.50177000000001,4.281079860898505
887,88.601772,3.8081660401054847
888,88.701774,3.5938183493638287
889,88.801776,3.7153111325556063
890,88.90177800000001,3.902327603179471
891,89.00178,3.9210761723275103
892,89.101782,4.24798767030239
893,89.201784,4.321822963263724
894,89.301786,3.951693066264801
895,89.401788,3.585423448806053
896,89.50179000000001,4.059907657536464
897,89.601792,3.97605505652412
898,89.701794,3.6331010606524767
899,89.801796,3.719370699186043
900,89.901798,3.6357938455778513
901,90.0018,3.557404452329576
902,90.10180199999999,3.5869550454840775
903,90.20180400000001,3.6394090774525774
904,90.301806,3.8277984143906765
905,90.401808,3.6375535992262087
906,90.50180999999999,4.066627493527629
907,90.60181200000001,4.154675766406925
908,90.701814,3.756344515938517
909,90.801816,3.3727883700557886
910,90.901818,3.534306750771948
911,91.00182000000001,3.5577246861483984
912,91.101822,3.681694863952897
913,91.201824,3.613897346334078
914,91.301826,3.462042130281763
915,91.40182800000001,3.3807650411886003
916,91.50183,3.6894540038378527
917,91.601832,4.070325370789249
918,91.701834,3.595155285087267
919,91.801836,3.9596107380840815
920,91.901838,3.8656305064921703
921,92.00184,3.7102165903907944
922,92.101842,4.063634994292683
923,92.201844,4.115707754920921
924,92.30184600000001,4.14453146611841
925,92.401848,4.278056183333136
926,92.50185,3.566649809320693
927,92.601852,4.009754028246977
928,92.70185400000001,3.9299481262589784
929,92.801856,3.9173363546320297
930,92.901858,3.424328085936277
931,93.00186,3.4938066668058925
932,93.10186200000001,3.9714836091280104
933,93.201864,3.8768422205525783
934,93.301866,4.058810730739891
935,93.40186800000001,3.612946409824727
936,93.50187,3.564836386946834
937,93.601872,3.4489772811185913
938,93.70187399999999,3.5456698323258804
939,93.80187600000001,3.449667354685147
940,93.901878,3.6685014650043155
941,94.00188,3.6522333561091385
942,94.101882,3.7644128102442456
943,94.201884,3.6484676114803842
944,94.301886,3.802175589691523
945,94.401888,3.7563279567877674
946,94.50189,3.733339713930637
947,94.601892,3.851668584941819
948,94.701894,3.671882496829244
949,94.80189600000001,4.11343519286332
950,94.901898,3.7005987443763613
951,95.0019,3.9829590197294586
952,95.101902,4.181614970618602
953,95.201904,3.5319826995280303
954,95.301906,3.7091259136791797
955,95.40190799999999,3.9050302644071344
956,95.50191000000001,3.581096350939791
957,95.601912,3.8566116597793156
958,95.701914,3.521846210417566
959,95.80191599999999,3.5370998109935883
960,95.90191800000001,3.6945527263165077
961,96.00192,3.97625870108025
962,96.101922,3.4362516003090238
963,96.201924,3.385867878878503
964,96.30192600000001,4.091032534257518
965,96.401928,3.2876064832193297
966,96.50193,4.039426768870159
967,96.601932,3.927208183143254
968,96.70193400000001,3.674063094387763
969,96.801936,3.543145086541734
970,96.90193800000002,3.4161857634493527
971,97.00194,3.242264516810489
972,97.101942,3.26061825132239
973,97.201944,3.5085048011151216
974,97.301946,3.608487145896551
975,97.401948,3.9049752525416435
976,97.50195,3.70511653634004
977,97.60195200000001,3.9176144463590465
978,97.701954,3.768023419635984
979,97.801956,4.224332217237326
980,97.901958,3.6774237926912714
981,98.00196000000001,3.931721810973231
982,98.101962,4.097881817908443
983,98.201964,3.7437496849236056
984,98.30196600000001,3.5892189970188793
985,98.40196800000001,3.6790722403927405
986,98.50197,3.6984295109597762
987,98.601972,3.8789314581873398
988,98.701974,3.298622107069629
989,98.801976,3.4980704096161435
990,98.901978,3.358513667414138
991,99.00197999999999,3.2736415933210203
992,99.101982,3.3681987442836583
993,99.201984,3.2552576211346347
994,99.301986,3.515117580693375
995,99.401988,3.445116491206197
996,99.50199,3.6560236550689234
997,99.601992,3.453515602825609
998,99.701994,3.411270158547735
999,99.801996,3.4061600152931195
1000,99.901998,3.4709012902631975
1001,100.002,3.720810959755551
1002,100.10200200000001,4.282811545656839
1003,100.202004,3.914036584118575
1004,100.302006,3.763991177621841
1005,100.402008,3.74942707758813
1006,100.50201000000001,3.839335627269363
1007,100.602012,4.057970160616829
1008,100.70201399999999,4.163405268582319
1009,100.80201600000001,3.908159414561936
1010,100.902018,4.222850902663873
1011,101.00202,4.219705283136315
1012,101.10202199999999,3.9285429196656265
1013,101.20202400000001,4.176636232870118
1014,101.302026,3.6049701391865465
1015,101.402028,3.506513636649919
1016,101.50203,3.735047410573179
1017,101.60203200000001,3.439567058636312
1018,101.702034,3.600194426830935
1019,101.802036,3.69129182645491
1020,101.902038,3.7501543039488867
1021,102.00204000000001,3.916206280016732
1022,102.102042,3.8693960828272465
1023,102.20204400000001,3.531682303830821
1024,102.302046,3.4376688255688634
1025,102.402048,3.6322265699127945
1026,102.50205,3.4884052183222543
1027,102.602052,3.331473241566725
1028,102.702054,3.4594799900576656
1029,102.802056,3.80016273282653
1030,102.90205800000001,3.9931134137695996
1031,103.00206,3.8697774036471113
1032,103.102062,3.9867644263054745
1033,103.202064,3.9101793845311064
1034,103.30206600000001,3.867143335465931
1035,103.402068,3.83045081005721
1036,103.50207,3.858101725361522
1037,103.602072,3.6273054030846144
1038,103.70207400000001,3.4967219803744203
1039,103.802076,4.165766946825124
1040,103.902078,3.922592362835144
1041,104.00208,3.8308679177540386
1042,104.10208200000001,3.4875670202901716
1043,104.202084,3.990593415530588
1044,104.302086,3.7043016930805224
1045,104.402088,3.4692466227511574
1046,104.50209,3.863129683366553
1047,104.602092,3.619169886075655
1048,104.702094,3.7592317279149956
1049,104.802096,3.781340268668244
1050,104.902098,3.6289405786493685
1051,105.00210000000001,3.6925208695860716
1052,105.102102,4.193575730705335
1053,105.202104,4.206268205026596
1054,105.302106,4.154939773675035
1055,105.40210800000001,4.155910287494636
1056,105.50211,3.752429815366654
1057,105.602112,3.858557979588154
1058,105.702114,3.9242319296336032
1059,105.80211600000001,3.932045468850588
1060,105.902118,3.4837529389937694
1061,106.00211999999999,3.6164823220408375
1062,106.10212200000001,3.7599492157390566
1063,106.202124,3.8505709465287357
1064,106.302126,4.13080341119128
1065,106.40212799999999,4.197626611284171
1066,106.50213000000001,4.166253177810361
1067,106.602132,3.9740512316302317
1068,106.702134,3.89045365401975
1069,106.802136,4.246239516791209
1070,106.90213800000001,4.1323502914258174
1071,107.00214,3.789381429111957
1072,107.102142,4.105212813909532
1073,107.202144,3.471017746581493
1074,107.30214600000001,3.3457124195926924
1075,107.402148,4.004604049693614
1076,107.50215000000001,4.231020179183901
1077,107.602152,4.265778454968171
1078,107.702154,4.110104360235871
1079,107.802156,3.457370725346195
1080,107.902158,3.792391594484953
1081,108.00216,4.248849138402534
1082,108.10216199999999,3.8583647453967043
1083,108.20216400000001,4.176694261981791
1084,108.302166,4.085873126906858
1085,108.402168,4.177971303965715
1086,108.50216999999999,4.1901883921816365
1087,108.60217200000001,4.102032301056045
1088,108.702174,4.5393732695167115
1089,108.802176,4.061633014114613
1090,108.902178,3.899678800601864
1091,109.00218000000001,3.9735505728982283
1092,109.102182,4.015362391077008
1093,109.202184,3.9876174907153334
1094,109.302186,4.0691203451476685
1095,109.40218800000001,3.80309433167652
1096,109.50219,3.9830891100094075
1097,109.602192,3.493967397792684
1098,109.702194,4.127275239190953
1099,109.802196,4.1981177711788815
1100,109.902198,4.311070277794178
1101,110.0022,4.18136587839916
1102,110.102202,4.058720562175245
1103,110.202204,3.697564225567351
1104,110.30220600000001,3.668367168352219
1105,110.402208,3.6752100086447625
1106,110.50221,4.491096621046516
1107,110.602212,4.268781127865968
1108,110.70221400000001,3.9026391681470844
1109,110.802216,3.929281017827181
1110,110.902218,4.240236637477199
1111,111.00222,3.7338149412767634
1112,111.10222200000001,3.906869112522305
1113,111.202224,3.3124819604136757
1114,111.30222599999999,3.73538504666325
1115,111.40222800000001,3.7619751444775344
1116,111.50223,3.7705908087501308
1117,111.602232,3.887813520740486
1118,111.70223399999999,3.68333248793581
1119,111.80223600000001,3.640753720628304
1120,111.902238,3.738023499971521
1121,112.00224,3.7677181352278972
1122,112.102242,3.7851092239404402
1123,112.20224400000001,3.9449602618723425
1124,112.302246,4.554232123897549
1125,112.402248,4.265943239254364
1126,112.50225,4.401737674053289
1127,112.60225200000001,4.32991425854739
1128,112.702254,3.6896122373962696
1129,112.80225600000001,4.132203526341723
1130,112.902258,3.9726803298632634
1131,113.00226,4.627030245520174
1132,113.102262,4.12294161907707
1133,113.202264,3.9858500928422824
1134,113.302266,3.997920504255581
1135,113.40226799999999,3.892198933724132
1136,113.50227000000001,4.4306099847074005
1137,113.602272,3.8132309570418768
1138,113.702274,4.178976981021719
1139,113.80227599999999,4.279252002890444
1140,113.90227800000001,3.989800511407727
1141,114.00228,4.353512583250619
1142,114.102282,4.02317800211294
1143,114.202284,3.899596153809493
1144,114.30228600000001,4.589628065661539
1145,114.402288,4.727451917486061
1146,114.50229,4.1462982673951
1147,114.602292,4.104356588262377
1148,114.70229400000001,4.0018341445660255
1149,114.802296,4.0098250912765785
1150,114.902298,4.262462992671843
1151,115.0023,4.348573465390173
1152,115.102302,4.291381789476311
1153,115.202304,4.1939345544497835
1154,115.302306,4.041539500407003
1155,115.402308,4.227225851425059
1156,115.50231,3.908438103574723
1157,115.60231200000001,4.074215677720624
1158,115.702314,3.9418074558776004
1159,115.802316,3.738045013781727
1160,115.902318,3.9911102600930914
1161,116.00232000000001,3.681373768591627
1162,116.102322,4.181578376231995
1163,116.202324,3.8482871209176457
1164,116.30232600000001,3.912529692005931
1165,116.40232800000001,4.167130466620403
1166,116.50233,3.8352104317475786
1167,116.602332,3.9636500180908896
1168,116.70233400000001,4.195274833675903
1169,116.802336,4.1699813481741
1170,116.902338,4.0970142735297195
1171,117.00233999999999,3.945372388187474
1172,117.10234200000001,3.7282073212934757
1173,117.202344,4.403087300130436
1174,117.302346,3.8934549373357297
1175,117.402348,4.054168461607386
1176,117.50235,3.731991206624817
1177,117.602352,3.6767887631882945
1178,117.702354,3.7851992391832194
1179,117.802356,3.895834885261591
1180,117.902358,3.916612028381876
1181,118.00236,3.6519696899975242
1182,118.10236200000001,3.9076548064540844
1183,118.202364,4.054726625675035
1184,118.302366,3.7419090893629496
1185,118.402368,3.5847054192900902
1186,118.50237,3.8437690963668216
1187,118.602372,4.038859430066155
1188,118.70237399999999,3.6608039769799308
1189,118.80237600000001,3.64425584659103
1190,118.902378,3.8707022381029583
1191,119.00238,3.208240091036808
1192,119.10238199999999,3.308359971576583
1193,119.20238400000001,3.256542953680851
1194,119.302386,3.254822773874151
1195,119.402388,3.6534251642416904
1196,119.50239,3.2869428030972188
1197,119.60239200000001,3.094119716025351
1198,119.702394,3.4249513538158225
1199,119.802396,3.756442585839566
1200,119.902398,3.447897493478062
1201,120.00240000000001,3.658732362345618
1202,120.102402,3.535800152107612
1203,120.20240400000002,3.414267434555017
1204,120.302406,4.117076821215775
1205,120.402408,4.07429544000435
1206,120.50241,3.9756307974019904
1207,120.602412,3.927545000306905
1208,120.702414,3.407098200123812
1209,120.802416,3.3690309800877585
1210,120.90241800000001,3.600885668661453
1211,121.00242,3.34985086029604
1212,121.102422,3.4038529118717347
1213,121.202424,3.374175041680364
1214,121.30242600000001,3.2803571103768543
1215,121.402428,3.7323684337977854
1216,121.50243,3.635554342565024
1217,121.60243200000001,3.7214684952145123
1218,121.70243400000001,3.5131477135425877
1219,121.802436,3.6091117853023627
1220,121.902438,3.7087825011178226
1221,122.00244,3.6725819335864345
1222,122.102442,3.501690222545687
1223,122.202444,3.9737937265251677
1224,122.302446,3.8697222458980414
1225,122.402448,3.247005877448992
1226,122.50245,3.5418888727157234
1227,122.602452,3.4103193277887964
1228,122.702454,3.6312521426632585
1229,122.802456,3.299251001407068
1230,122.902458,3.4140757158744846
1231,123.00246000000001,3.384381736663825
1232,123.102462,3.407989797296423
1233,123.202464,3.6207765555641425
1234,123.302466,3.5568522352865233
1235,123.40246800000001,3.493738169140147
1236,123.50247,3.745343956607161
1237,123.602472,3.512481162267072
1238,123.702474,3.4286016993338393
1239,123.80247600000001,3.8563704848150677
1240,123.902478,3.582204304666043
1241,124.00247999999999,3.4696745667938615
1242,124.10248200000001,3.7609552818113348
1243,124.202484,3.5412921608581756
1244,124.302486,3.8192471324056068
1245,124.40248799999999,3.563998939608352
1246,124.50249000000001,4.0521759588228
1247,124.602492,3.9469321289250057
1248,124.702494,3.492123374134691
1249,124.802496,3.4026774153689736
1250,124.90249800000001,3.942907411874489
1251,125.0025,3.6896607149972134
1252,125.102502,3.418988359824051
1253,125.202504,3.756517382368747
1254,125.30250600000001,3.6048388979248513
1255,125.402508,3.9578435705574115
1256,125.50251000000002,3.6575129990819035
1257,125.602512,3.675678499572415
1258,125.702514,3.6551259418193522
1259,125.802516,3.8453432790133126
1260,125.902518,3.9543837069786787
1261,126.00252,3.5838637132331765
1262,126.102522,4.028604487232462
1263,126.20252400000001,3.723531787511445
1264,126.302526,3.619198687203603
1265,126.402528,3.581698795547744
1266,126.50253,3.4907791733098845
1267,126.60253200000001,3.5604989887207723
1268,126.702534,3.570925214165499
1269,126.802536,3.424947057875994
1270,126.902538,3.611803514482906
1271,127.00254000000001,3.6066814997670944
1272,127.102542,3.609405061158139
1273,127.202544,3.0236204360288026
1274,127.302546,3.206292498749006
1275,127.40254800000001,3.5012706449438498
1276,127.50255,3.692414879862437
1277,127.602552,3.299451298112887
1278,127.702554,3.5661992014675095
1279,127.802556,3.49383102070359
1280,127.902558,3.3696313947809458
1281,128.00256,3.708443039651431
1282,128.102562,3.231814417254634
1283,128.202564,3.544535547867123
1284,128.302566,3.7839807689858014
1285,128.402568,3.7151995329378344
1286,128.50257000000002,3.597384504693034
1287,128.602572,3.512985994175917
1288,128.702574,3.7221518546797734
1289,128.802576,3.496913630790162
1290,128.902578,3.397518509753257
1291,129.00258,3.600826202951812
1292,129.102582,3.21252584143033
1293,129.202584,3.771334690472269
1294,129.302586,3.4319866201976814
1295,129.402588,3.710453483768021
1296,129.50259,3.6804612658667937
1297,129.60259200000002,3.4171918764880873
1298,129.702594,3.6830479565067678
1299,129.802596,3.545588238593442
1300,129.902598,3.474495058815215
1301,130.0026,3.2835908693562916
1302,130.102602,3.5254716198107743
1303,130.202604,3.4529323657184356
1304,130.302606,3.3799289803320987
1305,130.40260800000001,3.4671565351055684
1306,130.50261,3.4223945468176122
1307,130.60261200000002,3.8477073442770426
1308,130.702614,3.6931132699388907
1309,130.802616,3.59485068652664
1310,130.902618,3.666803845226239
1311,131.00262,3.6744910157436808
1312,131.102622,3.8064975892156063
1313,131.20262400000001,3.941057369367235
1314,131.30262599999998,3.881562945866582
1315,131.402628,3.4649691568446306
1316,131.50263,3.890500110422476
1317,131.602632,3.862334280667598
1318,131.702634,3.7862957386450486
1319,131.802636,3.4235701692987783
1320,131.902638,3.59560403502805
1321,132.00264,3.708648256834262
1322,132.102642,3.7276021447421033
1323,132.202644,3.8414455831234364
1324,132.302646,3.6815742349371803
1325,132.40264800000003,3.6446859279048547
1326,132.50265,3.6823387162061563
1327,132.602652,3.7729584605324953
1328,132.702654,3.7211123571444227
1329,132.802656,3.948434103318851
1330,132.902658,4.283466878108254
1331,133.00266,3.5795889846154005
1332,133.102662,4.035810900743492
1333,133.202664,3.86378484065253
1334,133.302666,3.548702752097819
1335,133.402668,4.0092271595239355
1336,133.50267000000002,3.676702229894605
1337,133.60267199999998,3.8853604490084503
1338,133.702674,3.6818851655095375
1339,133.80267600000002,3.971704615943775
1340,133.902678,3.5474295721325166
1341,134.00268,3.5291346318285535
1342,134.102682,3.551745349330602
1343,134.202684,3.708686590362937
1344,134.30268600000002,3.389341740321597
1345,134.40268799999998,3.4321669983336167
1346,134.50269,3.3717341061207518
1347,134.60269200000002,3.4974333537028657
1348,134.70269399999998,3.5773147912163026
1349,134.802696,3.3596047445356914
1350,134.90269800000002,3.4390112521276235
1351,135.0027,3.540795710282415
1352,135.102702,3.2821408296900416
1353,135.202704,3.718355617751793
1354,135.302706,3.165518921013463
1355,135.40270800000002,3.465305591827759
1356,135.50270999999998,3.9323181375872442
1357,135.602712,3.3070931058399533
1358,135.70271400000001,3.209309051057328
1359,135.802716,3.2670587257603563
1360,135.902718,3.443902883899942
1361,136.00272,3.473094128570552
1362,136.102722,3.33291045912443
1363,136.20272400000002,3.434710321120719
1364,136.302726,3.6495351149310347
1365,136.402728,3.6506017708760172
1366,136.50273,3.695196392571367
1367,136.602732,3.7013475253075407
1368,136.702734,3.4769489503401805
1369,136.802736,3.44278811425986
1370,136.902738,3.312473955901791
1371,137.00274,3.8039794029074003
1372,137.102742,3.808522005491454
1373,137.202744,3.725368051397174
1374,137.302746,3.528672808565763
1375,137.402748,3.7332870656727053
1376,137.50275,4.129178164223981
1377,137.602752,3.9272261504684947
1378,137.70275400000003,3.748304059420596
1379,137.802756,3.6471878476957853
1380,137.902758,3.6783114236738648
1381,138.00276000000002,3.569040336784472
1382,138.102762,3.6339768296182307
1383,138.202764,3.42066220790779
1384,138.302766,3.33424375411962
1385,138.402768,3.887019228501284
1386,138.50277,3.6609892603217267
1387,138.602772,3.517988448881537
1388,138.702774,4.000285005638305
1389,138.80277600000002,4.089657627604619
1390,138.90277799999998,3.7491376905954974
1391,139.00278,4.042188484398814
1392,139.10278200000002,3.791843217415023
1393,139.202784,3.8994935562777973
1394,139.302786,3.648372035903558
1395,139.402788,3.9986644989767637
1396,139.50279,3.4729347617425117
1397,139.60279200000002,3.3647656644877952
1398,139.70279399999998,3.375330195237106
1399,139.802796,3.664930394249684
1400,139.90279800000002,3.295102907065821
1401,140.0028,3.5527807123432207
1402,140.102802,3.539322968020606
1403,140.20280400000001,3.3855246935172696
1404,140.302806,3.733346746763199
1405,140.402808,3.827942349433081
1406,140.50281,3.496346003629337
1407,140.602812,3.858988549805077
1408,140.70281400000002,3.537251554594779
1409,140.80281599999998,3.2445775121998115
1410,140.902818,3.861641008894321
1411,141.00282,3.741311779062448
1412,141.102822,3.362655235511759
1413,141.202824,3.786911009200522
1414,141.302826,3.64295536646317
1415,141.402828,3.424292095750682
1416,141.50283000000002,3.8609907812860653
1417,141.602832,3.3798285508371113
1418,141.702834,3.4162585049714664
1419,141.802836,3.575927795765506
1420,141.902838,3.838001278306225
1421,142.00284,3.571321481652765
1422,142.102842,3.669732659864991
1423,142.202844,3.7613922971904916
1424,142.302846,3.3134109577368265
1425,142.402848,3.66756231280295
1426,142.50285,3.38741578540021
1427,142.602852,3.230880477029898
1428,142.702854,3.370925175423752
1429,142.802856,3.4160196292184257
1430,142.902858,3.2587392347057413
1431,143.00286000000003,3.5367392465378495
1432,143.102862,3.412635815301755
1433,143.202864,3.253306274636027
1434,143.30286600000002,3.37010645625177
1435,143.402868,3.4304942402432688
1436,143.50287,3.4402186587468986
1437,143.602872,3.5599159044513016
1438,143.702874,3.455330444945553
1439,143.802876,3.5107799580381567
1440,143.902878,3.3677835395293703
1441,144.00288,3.6245197677356353
1442,144.10288200000002,3.654916893842282
1443,144.20288399999998,3.275268113663432
1444,144.302886,3.3469743400436176
1445,144.40288800000002,3.4123733710039867
1446,144.50289,3.3036685285979357
1447,144.602892,3.4573913646298737
1448,144.702894,3.505717268536335
1449,144.802896,3.423629798862833
1450,144.90289800000002,3.2783198735155623
1451,145.00289999999998,3.2331876291953088
1452,145.102902,3.434588132370392
1453,145.20290400000002,3.0701100017003533
1454,145.302906,3.4196323410361256
1455,145.402908,3.276629839506106
1456,145.50291,3.3167891794116695
1457,145.602912,3.1812719066005313
1458,145.702914,2.9063845929868277
1459,145.802916,3.017681526078295
1460,145.902918,3.25473769779417
1461,146.00292000000002,3.078889481875283
1462,146.10292199999998,3.3966004962100653
1463,146.202924,3.4495813167571905
1464,146.302926,3.5552444232377947
1465,146.402928,3.552032315385557
1466,146.50293,3.0181051575489404
1467,146.602932,3.3420885838733545
1468,146.702934,3.2508998144765786
1469,146.80293600000002,3.385007933648292
1470,146.902938,3.6087403100723763
1471,147.00294,3.285765743351037
1472,147.102942,3.4070341505839363
1473,147.202944,3.7159076752336544
1474,147.302946,3.671895450347621
1475,147.402948,3.1187046787644856
1476,147.50295,3.491035473644314
1477,147.602952,3.6037557468680306
1478,147.702954,3.710740986428793
1479,147.802956,3.625698560185953
1480,147.902958,3.598342530862089
1481,148.00296,3.8250413731569792
1482,148.102962,4.1630986356980015
1483,148.202964,3.6619668723632604
1484,148.30296600000003,3.587090043723265
1485,148.402968,3.865395206689595
1486,148.50297,3.7194171966109826
1487,148.60297200000002,3.820130632347536
1488,148.702974,3.4191571810830834
1489,148.802976,3.87559562052459
1490,148.902978,3.761243984933989
1491,149.00298,3.3152041543274815
1492,149.102982,3.200886123244445
1493,149.202984,3.3784604730023466
1494,149.302986,3.6842276016615116
1495,149.40298800000002,3.46309358303775
1496,149.50298999999998,3.6501456568469393
1497,149.602992,3.4296960229925375
1498,149.70299400000002,3.3415734540774946
1499,149.802996,3.7075417597451317
1500,149.902998,3.388966614171225
1501,150.003,3.121556715721837
1502,150.103002,3.2925058745480387
1503,150.20300400000002,3.125621525103048
1504,150.30300599999998,3.344171569502668
1505,150.403008,3.573772745266211
1506,150.50301000000002,3.5305800021710647
1507,150.603012,3.532175532326859
1508,150.703014,3.403266544133069
1509,150.803016,3.1654333925129023
1510,150.903018,3.223959588171063
1511,151.00302,3.618891514380839
1512,151.103022,3.58605882172319
1513,151.203024,3.447901335653093
1514,151.30302600000002,3.4196404412160906
1515,151.40302799999998,3.7023166246330645
1516,151.50303,3.510352140508261
1517,151.603032,3.4641462550540685
1518,151.703034,3.6878521685997625
1519,151.803036,3.732603457883814
1520,151.903038,3.576647739786162
1521,152.00304,3.835860344075479
1522,152.10304200000002,3.3129424563124528
1523,152.203044,3.510632337134702
1524,152.303046,3.2542712112624965
1525,152.403048,3.671009178608936
1526,152.50305000000003,3.417258116014253
1527,152.603052,3.7222177866514436
1528,152.703054,3.846684545514083
1529,152.803056,3.5108961715741556
1530,152.903058,3.4629574369689085
1531,153.00306,3.4231077388929427
1532,153.103062,3.57275393625661
1533,153.203064,3.4208667662731376
1534,153.303066,3.8466114923942483
1535,153.403068,3.3167009711056292
1536,153.50307,3.4233232482315987
1537,153.60307200000003,3.683246459971105
1538,153.703074,3.585912236327422
1539,153.803076,3.2607573109539545
1540,153.90307800000002,3.5621062623008855
1541,154.00308,3.540453109449444
1542,154.103082,3.5246772467331207
1543,154.203084,3.553278194340333
1544,154.303086,3.596983212452972
1545,154.403088,3.759568879970452
1546,154.50309,3.5330421621055685
1547,154.603092,3.676638619718688
1548,154.70309400000002,4.0000660478919965
1549,154.80309599999998,3.817654103801833
1550,154.903098,3.7981388231658806
1551,155.00310000000002,3.7581253085711452
1552,155.103102,4.284936522557072
1553,155.203104,3.559435329976045
1554,155.303106,4.284581947580867
1555,155.403108,3.8293222053517297
1556,155.50311000000002,3.5235789256120085
1557,155.60311199999998,3.6132817721083397
1558,155.703114,3.429885290269742
1559,155.80311600000002,3.5436786008666146
1560,155.903118,3.4169902571165855
1561,156.00312,3.666666283843531
1562,156.103122,3.45307283372457
1563,156.203124,3.7934127718393955
1564,156.303126,3.4032429201205825
1565,156.403128,3.1808515797551324
1566,156.50313,3.2837302638910186
1567,156.60313200000002,3.3544445499659483
1568,156.70313399999998,3.428751889838422
1569,156.803136,3.1243424705643283
1570,156.903138,3.0992133522769896
1571,157.00314,3.2938344904252292
1572,157.103142,3.1840539872706546
1573,157.203144,3.2408048599432275
1574,157.303146,3.223883129294649
1575,157.40314800000002,3.061220942684958
1576,157.50315,3.0114830051503607
1577,157.603152,3.5856835696245293
1578,157.703154,3.3996016901569606
1579,157.80315600000003,3.260760703438033
1580,157.903158,3.540432944800643
1581,158.00316,3.552738138043399
1582,158.103162,3.5044318679728934
1583,158.203164,3.152547456301313
1584,158.303166,3.0835937066045314
1585,158.403168,3.358957013046984
1586,158.50317,3.130997063109804
1587,158.603172,3.670327586637966
1588,158.703174,3.3892526531140272
1589,158.803176,3.630782742970321
1590,158.90317800000003,3.403221856741454
1591,159.00318,3.2652911870943533
1592,159.103182,3.0727908328411595
1593,159.20318400000002,3.0933398447107683
1594,159.303186,3.25477692288061
1595,159.403188,3.265335842106197
1596,159.50319,3.252758136987974
1597,159.603192,3.5336444634934376
1598,159.70319400000002,3.5030811468004024
1599,159.80319599999999,3.6044143383977767
1600,159.903198,3.773989742594182
1601,160.00320000000002,3.390174344887477
1602,160.10320199999998,3.792842655700163
1603,160.203204,3.999629422563857
1604,160.30320600000002,3.583753595492788
1605,160.403208,3.5342603227889784
1606,160.50321,3.526772523010878
1607,160.603212,3.608927212106943
1608,160.703214,3.393285852519557
1609,160.80321600000002,3.73670003319498
1610,160.90321799999998,3.6948003752204213
1611,161.00322,3.9999370219848096
1612,161.10322200000002,3.6280720691390136
1613,161.203224,3.7927562352079858
1614,161.303226,3.828367479689336
1615,161.403228,3.7429509613038148
1616,161.50323,3.769073734607748
1617,161.603232,3.758055081953858
1618,161.703234,3.8091779957918845
1619,161.803236,3.638983716603154
1620,161.90323800000002,3.781651969571146
1621,162.00323999999998,3.5770334930698318
1622,162.103242,3.7594732411251264
1623,162.203244,3.788535538138281
1624,162.303246,3.521281993231562
1625,162.403248,3.3678099523069656
1626,162.50325,3.565793156341235
1627,162.603252,3.5293154771493387
1628,162.70325400000002,3.5099454016024216
1629,162.803256,3.415057426796619
1630,162.903258,3.37873771592983
1631,163.00326,3.246271320964282
1632,163.10326200000003,3.545642387246116
1633,163.203264,3.501683371660236
1634,163.303266,3.639181471641821
1635,163.403268,3.5395016823739502
1636,163.50327,3.4529506880581433
1637,163.603272,3.5408203311278332
1638,163.703274,3.6086426265441154
1639,163.803276,3.510368236845076
1640,163.903278,3.755331271194806
1641,164.00328,3.6392021253981635
1642,164.103282,3.8360186486060384
1643,164.20328400000002,4.0105489039700295
1644,164.30328599999999,3.755117632175481
1645,164.403288,3.290146022981478
1646,164.50329000000002,3.3263371096119996
1647,164.603292,3.250614445006969
1648,164.703294,3.119143245005182
1649,164.803296,3.4157401672632792
1650,164.903298,3.5173227807225564
1651,165.00330000000002,3.2507125467114633
1652,165.10330199999999,3.4198042114402085
1653,165.203304,3.5422512217364313
1654,165.30330600000002,3.701619235431601
1655,165.40330799999998,3.5633412844075845
1656,165.50331,3.711523697770471
1657,165.60331200000002,3.7740657009911547
1658,165.703314,3.5836972221189702
1659,165.803316,3.52776697669567
1660,165.903318,3.2985988145456124
1661,166.00332,3.4389810096885522
1662,166.10332200000002,3.5538540118268647
1663,166.20332399999998,3.467414929208014
1664,166.303326,3.4820914423053395
1665,166.40332800000002,3.7702678061848305
1666,166.50333,4.168816265810605
1667,166.603332,3.941586174630139
1668,166.703334,4.516086677243496
1669,166.803336,4.093298852290291
1670,166.90333800000002,4.482636116098431
1671,167.00334,4.2843390392011305
1672,167.103342,4.090339840893837
1673,167.20334400000002,4.188860754909144
1674,167.30334599999998,4.070481937049548
1675,167.403348,4.194542238651099
1676,167.50335,3.7196437011408654
1677,167.603352,4.050275225864589
1678,167.703354,4.199943960005211
1679,167.803356,4.411950624551715
1680,167.903358,4.057754882641799
1681,168.00336000000001,4.186354397100786
1682,168.103362,4.440342689941893
1683,168.203364,4.340578171195725
1684,168.303366,3.9161325938868305
1685,168.40336800000003,3.928499472642201
1686,168.50337,3.822890996392239
1687,168.603372,4.229111515413808
1688,168.703374,4.068840304042575
1689,168.803376,3.9084762000715587
1690,168.903378,4.239683418939805
1691,169.00338,4.123371255078229
1692,169.103382,4.374928287664196
1693,169.203384,3.6985593176017444
1694,169.303386,4.431181168429139
1695,169.403388,4.0702258641055264
1696,169.50339000000002,3.875494922291734
1697,169.60339199999999,3.915941579873396
1698,169.703394,4.1130384323188185
1699,169.80339600000002,4.0853898719432395
1700,169.903398,4.278038658448532
1701,170.0034,3.5693758395881985
1702,170.103402,3.3833252166720817
1703,170.203404,3.7855691351832284
1704,170.30340600000002,3.806627406664949
1705,170.40340799999998,3.8373460089355405
1706,170.50341,3.9098001868554175
1707,170.60341200000002,4.32317300127731
1708,170.70341399999998,3.7582246573891553
1709,170.803416,4.1743550272417576
1710,170.90341800000002,4.0911109862916595
1711,171.00342,4.445366860523314
1712,171.103422,4.457656136687724
1713,171.203424,4.218501010834413
1714,171.303426,4.603391385029993
1715,171.40342800000002,4.796172261486701
1716,171.50342999999998,4.904988385406001
1717,171.603432,4.4039042764357585
1718,171.70343400000002,4.198082907005362
1719,171.803436,3.9819879547448322
1720,171.903438,4.218727765449579
1721,172.00344,3.844835527321945
1722,172.103442,3.808965703838549
1723,172.20344400000002,3.9746245549395702
1724,172.303446,3.8982937153786983
1725,172.403448,4.052099628933555
1726,172.50345000000002,4.344843676088283
1727,172.603452,4.326068896014544
1728,172.703454,4.46591889006275
1729,172.803456,4.490982048611349
1730,172.903458,4.052282496686664
1731,173.00346,4.379809298454168
1732,173.103462,4.641559646926639
1733,173.203464,4.295571442873644
1734,173.30346600000001,4.274138318218659
1735,173.403468,4.115569913366613
1736,173.50347,4.206337703660749
1737,173.603472,4.3162966593649355
1738,173.70347400000003,4.2431925599005265
1739,173.803476,4.3599262339997304
1740,173.903478,4.344951696073525
1741,174.00348000000002,4.1380799769370595
1742,174.103482,4.2241830119214665
1743,174.203484,3.7683530953048763
1744,174.303486,3.8177853303695573
1745,174.403488,3.4221217390973795
1746,174.50349,3.533176387858051
1747,174.603492,3.6225711366418367
1748,174.703494,3.691220054505991
1749,174.80349600000002,3.768548105604071
1750,174.90349799999998,3.8563158140114697
1751,175.0035,3.6407662208369094
1752,175.10350200000002,3.857836510723535
1753,175.203504,3.7902084259699826
1754,175.303506,3.3765828636539044
1755,175.403508,3.4408557280357437
1756,175.50351,3.498462871946966
1757,175.60351200000002,3.6116170409434663
1758,175.70351399999998,3.377363927484578
1759,175.803516,3.4482414903415997
1760,175.90351800000002,3.526970465849915
1761,176.00351999999998,3.4797974361688504
1762,176.103522,3.1860000206212384
1763,176.20352400000002,3.483297815568551
1764,176.303526,3.3859344062573236
1765,176.403528,3.2591363241143143
1766,176.50353,3.246058486115044
1767,176.603532,3.38074275842222
1768,176.70353400000002,3.3932433062320366
1769,176.80353599999998,3.206934784447412
1770,176.903538,3.342154199505023
1771,177.00354000000002,3.3997414105040926
1772,177.103542,3.380686107038792
1773,177.203544,3.500145457599896
1774,177.303546,3.4082644155192714
1775,177.403548,3.6401216146742246
1776,177.50355000000002,3.385422671856359
1777,177.603552,3.804424960507231
1778,177.703554,3.861548322444221
1779,177.80355600000001,4.24129897485585
1780,177.903558,3.8157942984826785
1781,178.00356,3.6363021511933407
1782,178.103562,3.6698836225448583
1783,178.203564,3.661889667313357
1784,178.303566,3.876393160321749
1785,178.403568,4.431652821864226
1786,178.50357,3.847396995632126
1787,178.603572,3.8487047345324514
1788,178.703574,3.9747860273044355
1789,178.803576,3.832955944145303
1790,178.903578,4.363152021169223
1791,179.00358000000003,4.0868123909802545
1792,179.103582,4.073218817235256
1793,179.203584,4.09835740397136
1794,179.30358600000002,4.183733886023946
1795,179.403588,4.097029217624441
1796,179.50359,3.823653143843836
1797,179.603592,3.569783263740587
1798,179.703594,3.7979914768359415
1799,179.803596,3.5809996622893325
1800,179.903598,3.6148135564654016
1801,180.0036,3.9300600606743186
1802,180.10360200000002,3.8898652672475076
1803,180.20360399999998,4.335616325053019
1804,180.303606,4.40952340278838
1805,180.40360800000002,4.169823936530407
1806,180.50361,3.8916861781883263
1807,180.603612,3.916146596167222
1808,180.703614,3.92829554276999
1809,180.803616,3.935056767434988
1810,180.90361800000002,3.9875732750813806
1811,181.00361999999998,3.61606264600925
1812,181.103622,3.8387167256628256
1813,181.20362400000002,4.287681616282293
1814,181.30362599999998,3.789227127832388
1815,181.403628,3.909653208101967
1816,181.50363000000002,4.153879277681335
1817,181.603632,4.4870799421219605
1818,181.703634,4.256457365913773
1819,181.803636,3.822071433201167
1820,181.903638,3.659824218016565
1821,182.00364000000002,4.297577896612233
1822,182.10364199999998,3.859729714786239
1823,182.203644,3.6951977986619893
1824,182.30364600000001,4.28287829263656
1825,182.403648,4.048288475181654
1826,182.50365,4.0248435579977775
1827,182.603652,3.9398682586933615
1828,182.703654,4.371846598590513
1829,182.80365600000002,4.186743989676862
1830,182.903658,3.892281398248991
1831,183.00366,3.8347179398520974
1832,183.103662,3.8903472974121445
1833,183.203664,3.5094477358242027
1834,183.303666,4.258597375713933
1835,183.403668,4.139449401560612
1836,183.50367,3.790258419761988
1837,183.603672,3.610812757657583
1838,183.703674,3.4403130790909406
1839,183.803676,3.8515366939632787
1840,183.903678,4.136939959909763
1841,184.00368,3.5442710043048913
1842,184.103682,3.6130130956924775
1843,184.203684,3.9994034593065013
1844,184.30368600000003,3.826152207920615
1845,184.403688,4.243447517815462
1846,184.50369,3.718853088814509
1847,184.60369200000002,3.8592830280741843
1848,184.703694,3.445557150098008
1849,184.803696,3.621961403646264
1850,184.903698,3.338003422705639
1851,185.0037,3.7427637413865793
1852,185.103702,3.6446737734817516
1853,185.203704,3.630655404297841
1854,185.303706,3.689226591058924
1855,185.40370800000002,3.568161387285099
1856,185.50370999999998,3.5082727532861893
1857,185.603712,3.820218994721189
1858,185.70371400000002,3.5001061072594633
1859,185.803716,3.8258401499860955
1860,185.903718,3.7086775514184547
1861,186.00372,3.642439979191168
1862,186.103722,3.760451761947811
1863,186.20372400000002,3.809578108037972
1864,186.30372599999998,3.937384018244156
1865,186.403728,4.007874455554183
1866,186.50373000000002,4.201423246894617
1867,186.603732,3.747984014162274
1868,186.703734,4.084865693069653
1869,186.80373600000001,3.8792542809667054
1870,186.903738,3.7841636113009556
1871,187.00374,3.5897887839528813
1872,187.103742,3.522956819713281
1873,187.203744,3.8726689473584632
1874,187.30374600000002,3.5212071939728307
1875,187.40374799999998,3.5699447952818333
1876,187.50375,3.556561931179011
1877,187.60375200000001,3.493929925298665
1878,187.703754,3.6187665505314026
1879,187.803756,4.020632740485207
1880,187.903758,3.9739479452503814
1881,188.00376,3.583619299402335
1882,188.10376200000002,3.819323602793916
1883,188.203764,3.844018839937058
1884,188.303766,3.4736847768673753
1885,188.403768,3.3757199065969976
1886,188.50377,3.4539903258646114
1887,188.603772,3.405297892423613
1888,188.703774,3.229252794926011
1889,188.803776,3.1311877752418162
1890,188.903778,3.1908926462246208
1891,189.00378,3.125035237583861
1892,189.103782,3.265569178944219
1893,189.203784,3.305685057821047
1894,189.303786,3.258428014426959
1895,189.403788,3.337170122129026
1896,189.50379,3.15886152997774
1897,189.60379200000003,3.4081565914653793
1898,189.703794,3.5115527984469996
1899,189.803796,3.1190620604758963
1900,189.90379800000002,3.2583448382139317
1901,190.0038,3.100361836356542
1902,190.103802,3.2897231945711085
1903,190.203804,3.310577263147805
1904,190.303806,3.4589591502128325
1905,190.403808,3.712885699321674
1906,190.50381,3.619423083747125
1907,190.603812,3.8103752586839192
1908,190.70381400000002,3.91083600281151
1909,190.80381599999998,3.6834420980218883
1910,190.903818,3.7612426304519873
1911,191.00382000000002,3.851297017432171
1912,191.103822,3.7041976511247077
1913,191.203824,4.037423844367864
1914,191.30382600000002,3.771313845961166
1915,191.403828,4.140671635420626
1916,191.50383000000002,3.6214216688844205
1917,191.60383199999998,3.458226089582669
1918,191.703834,4.310751803634459
1919,191.80383600000002,4.409387939187222
1920,191.903838,4.265345687855854
1921,192.00384,3.992586500290077
1922,192.10384200000001,4.297387616172002
1923,192.203844,4.193962651411971
1924,192.303846,4.180485468202272
1925,192.403848,4.063470818019088
1926,192.50385,4.290858893806315
1927,192.60385200000002,4.177394435851019
1928,192.70385399999998,4.499928698932946
1929,192.803856,4.334849557866748
1930,192.903858,4.243243305250676
1931,193.00386,3.925627878321136
1932,193.103862,4.051915047750841
1933,193.203864,3.9581258170191407
1934,193.303866,4.170534222358551
1935,193.40386800000002,4.32526650576519
1936,193.50387,3.9441028549564976
1937,193.603872,3.9083773455326085
1938,193.703874,4.065926815143085
1939,193.80387600000003,3.725969516092928
1940,193.903878,3.7982906650974453
1941,194.00388,4.207479377863239
1942,194.103882,4.295508204042045
1943,194.203884,4.152954424864375
1944,194.303886,4.105942083385811
1945,194.403888,4.246322871205389
1946,194.50389,4.435293293402477
1947,194.603892,4.203608958141131
1948,194.703894,4.709910971074391
1949,194.803896,4.529888692111844
1950,194.90389800000003,4.221587146613672
1951,195.0039,4.006793534654529
1952,195.103902,4.260530056230131
1953,195.20390400000002,4.185774550552799
1954,195.303906,4.1139652866167875
1955,195.403908,4.263371210444462
1956,195.50391,4.04589909107703
1957,195.603912,4.152552708394482
1958,195.703914,4.533830065420131
1959,195.803916,4.608674564181737
1960,195.903918,4.384109174059717
1961,196.00392000000002,4.119499271151307
1962,196.10392199999998,4.083628335193682
1963,196.203924,4.2359936486605045
1964,196.30392600000002,3.906841534616292
1965,196.403928,3.6603503430244753
1966,196.50393,4.158504190212365
1967,196.60393200000001,3.7436827895968614
1968,196.703934,3.734435430825474
1969,196.80393600000002,4.022006227677211
1970,196.90393799999998,3.880371375200546
1971,197.00394,4.052721306463468
1972,197.10394200000002,4.0101507103398655
1973,197.203944,4.1005988982398796
1974,197.303946,4.487285988880152
1975,197.403948,4.477230784690212
1976,197.50395,4.272154945772968
1977,197.603952,4.714087509680737
1978,197.703954,4.365432487112363
1979,197.803956,4.929847695289934
1980,197.90395800000002,4.8876326491711
1981,198.00395999999998,4.911205363322776
1982,198.103962,4.718292463148785
1983,198.203964,4.841306686194837
1984,198.303966,4.470238786434461
1985,198.403968,3.9199226340014315
1986,198.50397,4.172086159483383
1987,198.603972,4.125900880014993
1988,198.70397400000002,3.726027921532101
1989,198.803976,3.9277783800462847
1990,198.903978,3.896298494052394
1991,199.00398,4.313100030010433
1992,199.10398200000003,4.107081771459025
1993,199.203984,4.350163904981194
1994,199.303986,4.3297321546915075
1995,199.403988,4.363746566934008
1996,199.50399,4.5292108767873
1997,199.603992,4.349953863608199
1998,199.703994,4.551184866764628
1999,199.803996,4.483169031918712
2000,199.903998,4.607880254851871
2001,200.00001600000002,4.814707883151686
