"Title","MMGBSA dG Bind","MMGBSA dG Bind Coulomb","MMGBSA dG Bind Covalent","MMGBSA dG Bind Hbond","MMGBSA dG Bind Lipo","MMGBSA dG Bind Packing","MMGBSA dG Bind SelfCont","MMGBSA dG Bind Solv GB","MMGBSA dG Bind vdW"
"fold_peptide2_hpv16_e6_bcell_epitope_model_1",,,,,,,,,
"fold_peptide2_hpv16_e6_bcell_epitope_model_1 - preprocessed",,,,,,,,,
"fold_peptide2_hpv16_e6_bcell_epitope_model_1 - hbond-opt",,,,,,,,,
"fold_peptide2_hpv16_e6_bcell_epitope_model_1 - minimized",,,,,,,,,
"8WO1",,,,,,,,,
"8WO1 - preprocessed",,,,,,,,,
"8WO1 - hbond-opt",,,,,,,,,
"8WO1 - minimized",,,,,,,,,
"prot-prot-docking_TLR4_8WO1_with_fold_peptide2_hpv16_e6_bcell_epitope_model_1_pose_1",,,,,,,,,
"prot-prot-docking_TLR4_8WO1_with_fold_peptide2_hpv16_e6_bcell_epitope_model_1_pose_2",,,,,,,,,
"prot-prot-docking_TLR4_8WO1_with_fold_peptide2_hpv16_e6_bcell_epitope_model_1_pose_3",,,,,,,,,
"prot-prot-docking_TLR4_8WO1_with_fold_peptide2_hpv16_e6_bcell_epitope_model_1_pose_4",,,,,,,,,
"prot-prot-docking_TLR4_8WO1_with_fold_peptide2_hpv16_e6_bcell_epitope_model_1_pose_5",,,,,,,,,
"prot-prot-docking_TLR4_8WO1_with_fold_peptide2_hpv16_e6_bcell_epitope_model_1_pose_6",,,,,,,,,
"prot-prot-docking_TLR4_8WO1_with_fold_peptide2_hpv16_e6_bcell_epitope_model_1_pose_7",,,,,,,,,
"prot-prot-docking_TLR4_8WO1_with_fold_peptide2_hpv16_e6_bcell_epitope_model_1_pose_8",,,,,,,,,
"prot-prot-docking_TLR4_8WO1_with_fold_peptide2_hpv16_e6_bcell_epitope_model_1_pose_9",,,,,,,,,
"prot-prot-docking_TLR4_8WO1_with_fold_peptide2_hpv16_e6_bcell_epitope_model_1_pose_10",,,,,,,,,
"prot-prot-docking_TLR4_8WO1_with_fold_peptide2_hpv16_e6_bcell_epitope_model_1_pose_11",,,,,,,,,
"prot-prot-docking_TLR4_8WO1_with_fold_peptide2_hpv16_e6_bcell_epitope_model_1_pose_12",,,,,,,,,
"prot-prot-docking_TLR4_8WO1_with_fold_peptide2_hpv16_e6_bcell_epitope_model_1_pose_13",,,,,,,,,
"prot-prot-docking_TLR4_8WO1_with_fold_peptide2_hpv16_e6_bcell_epitope_model_1_pose_14",,,,,,,,,
"prot-prot-docking_TLR4_8WO1_with_fold_peptide2_hpv16_e6_bcell_epitope_model_1_pose_15",,,,,,,,,
"prot-prot-docking_TLR4_8WO1_with_fold_peptide2_hpv16_e6_bcell_epitope_model_1_pose_16",,,,,,,,,
"prot-prot-docking_TLR4_8WO1_with_fold_peptide2_hpv16_e6_bcell_epitope_model_1_pose_17",,,,,,,,,
"prot-prot-docking_TLR4_8WO1_with_fold_peptide2_hpv16_e6_bcell_epitope_model_1_pose_18",,,,,,,,,
"prot-prot-docking_TLR4_8WO1_with_fold_peptide2_hpv16_e6_bcell_epitope_model_1_pose_19",,,,,,,,,
"prot-prot-docking_TLR4_8WO1_with_fold_peptide2_hpv16_e6_bcell_epitope_model_1_pose_20",,,,,,,,,
"prot-prot-docking_TLR4_8WO1_with_fold_peptide2_hpv16_e6_bcell_epitope_model_1_pose_21",,,,,,,,,
"prot-prot-docking_TLR4_8WO1_with_fold_peptide2_hpv16_e6_bcell_epitope_model_1_pose_22",,,,,,,,,
"prot-prot-docking_TLR4_8WO1_with_fold_peptide2_hpv16_e6_bcell_epitope_model_1_pose_23",,,,,,,,,
"prot-prot-docking_TLR4_8WO1_with_fold_peptide2_hpv16_e6_bcell_epitope_model_1_pose_24",,,,,,,,,
"prot-prot-docking_TLR4_8WO1_with_fold_peptide2_hpv16_e6_bcell_epitope_model_1_pose_25",,,,,,,,,
"prot-prot-docking_TLR4_8WO1_with_fold_peptide2_hpv16_e6_bcell_epitope_model_1_pose_26",,,,,,,,,
"prot-prot-docking_TLR4_8WO1_with_fold_peptide2_hpv16_e6_bcell_epitope_model_1_pose_27",,,,,,,,,
"prot-prot-docking_TLR4_8WO1_with_fold_peptide2_hpv16_e6_bcell_epitope_model_1_pose_28",,,,,,,,,
"prot-prot-docking_TLR4_8WO1_with_fold_peptide2_hpv16_e6_bcell_epitope_model_1_pose_29",,,,,,,,,
"prot-prot-docking_TLR4_8WO1_with_fold_peptide2_hpv16_e6_bcell_epitope_model_1_pose_30",,,,,,,,,
"pose1",,,,,,,,,
"pose2",,,,,,,,,
"pose3",,,,,,,,,
"pose4",,,,,,,,,
"pose5",,,,,,,,,
"pose6",,,,,,,,,
"pose7",,,,,,,,,
"pose8",,,,,,,,,
"pose9",,,,,,,,,
"pose10",,,,,,,,,
"pose11",,,,,,,,,
"pose12",,,,,,,,,
"pose13",,,,,,,,,
"pose14",,,,,,,,,
"pose15",,,,,,,,,
"pose16",,,,,,,,,
"pose17",,,,,,,,,
"pose18",,,,,,,,,
"pose19",,,,,,,,,
"pose20",,,,,,,,,
"pose21",,,,,,,,,
"pose22",,,,,,,,,
"pose23",,,,,,,,,
"pose24",,,,,,,,,
"pose25",,,,,,,,,
"pose26",,,,,,,,,
"pose27",,,,,,,,,
"pose28",,,,,,,,,
"pose29",,,,,,,,,
"pose30",,,,,,,,,
"pose2",-57.59,-5.34,-8.39,-2.96,-1.97,1.30,-0.00,-5.63,-34.61
"pose14",-41.40,163.74,19.40,-0.35,-18.33,-3.22,-0.00,-135.24,-67.41
"pose7",-33.32,-38.72,6.54,-1.32,-15.24,-0.75,-0.00,55.61,-39.44
"pose22",-25.66,-12.31,4.73,-4.20,-15.54,-1.56,-0.00,52.90,-49.69
"pose11",-23.59,32.42,10.43,-2.41,-10.27,-1.31,-0.00,19.13,-71.58
"pose23",-18.17,12.14,24.49,-1.55,-21.98,0.61,-0.00,29.12,-61.01
"pose12",-15.86,2.87,3.57,-1.66,-12.08,1.03,-0.00,48.04,-57.64
"pose24",-8.80,44.85,3.86,-4.43,-16.05,-0.89,-0.00,27.33,-63.47
"pose25",-6.40,-179.58,40.92,-4.78,-20.75,-1.36,-0.00,215.25,-56.11
"pose17",-3.68,234.95,9.93,-2.13,-18.13,-2.66,-0.00,-157.81,-67.83
"pose1",1.63,-49.92,27.26,-1.74,-17.09,-0.01,-0.00,101.33,-58.20
"pose3",2.38,-74.91,-1.08,-2.85,-18.09,-1.47,-0.00,133.56,-32.77
"pose5",3.05,-91.90,-6.59,1.83,-19.84,-0.01,-0.00,168.23,-48.67
"pose18",4.42,-110.54,36.99,-9.29,-16.56,-2.44,-0.00,153.79,-47.52
"pose30",8.32,-92.11,14.63,-4.15,-10.60,-1.23,-0.00,124.65,-22.87
"pose8",14.40,-271.33,40.74,-3.37,-9.75,-1.33,-0.00,314.30,-54.88
"pose26",15.37,-77.87,-11.28,-0.64,-5.78,-1.97,-0.00,137.23,-24.31
"pose16",21.59,168.56,25.02,-5.03,-17.41,-1.41,-0.00,-105.81,-42.33
"pose21",23.85,-24.20,18.39,-3.45,-23.91,-1.34,-0.00,100.90,-42.56
"pose10",24.59,-64.51,40.90,-1.74,-14.14,-2.35,-0.00,125.99,-59.56
"pose9",33.56,-77.92,50.31,-1.93,-17.75,0.07,-0.00,107.69,-26.91
"pose20",87.75,-169.89,22.58,-0.71,-14.49,-0.91,-0.00,227.10,24.08
"pose6",474.89,-204.32,163.84,-5.24,-16.35,-1.59,-0.00,189.97,348.58
"pose27",510.55,-27.55,177.77,-2.19,-6.13,0.52,-0.00,68.07,300.08
"pose19",526.53,55.06,121.53,3.25,-4.50,-0.23,-0.00,1.96,349.46
"pose15",753.25,106.96,381.57,-2.37,-33.03,-0.86,-0.00,-84.56,385.54
"pose29",759.11,-32.66,378.61,-3.88,-17.30,-0.93,-0.00,92.43,342.84
"pose13",771.89,-26.77,350.79,-0.69,-12.31,-1.46,-0.00,54.50,407.84
"pose4",964.11,13.43,401.74,0.38,-22.86,-0.06,-0.00,60.42,511.06
"pose28",2655.02,-39.21,1248.52,-0.38,-21.37,-0.55,-0.00,103.42,1364.59
"prot-prot-docking_TLR4_8WO1_with_fold_peptide2_hpv16_e6_bcell_epitope_model_1_pose_1",,,,,,,,,
