"model num","MMGBSA dG Bind"
,
,
,
,
,
,
,
,
,
,
,
,
,
,
,
,
,
,
,
,
,
,
,
,
,
,
,
,
,
,
,
,
,
,
,
,
,
,
,
,
,
,
,
,
,
,
,
,
,
,
,
,
,
,
,
,
,
,
,
,
,
,
,
,
,
,
,
,
,
,
,
,
,
,
,
,
,
,
,
,
,
,
,
,
,
,
,
,
,
,
,
,
,
,
,
,
,
,
,
,
,
,
,
,
,
,
,
,
,
,
,
,
,
,
,
,
,
,
,
,
,
,
,
,
,
,
,
,
,
,
,
,
,
,
,
,
,
,
,
,
,
,
,
,
,
,
0,-57.29
0,-101.72
0,-85.53
0,120.15
0,-15.83
0,-42.11
0,-49.77
0,-73.19
0,-38.04
0,-15.93
0,-17.20
0,-60.01
0,-67.95
0,-55.44
0,-29.31
0,160.53
0,-57.65
0,-43.41
0,-45.40
0,-81.49
0,-56.85
0,-4.52
0,-71.84
0,-43.53
0,-33.25
0,31.34
0,863.35
0,-87.58
0,-46.90
0,-68.04
